"Nomenclature","ReporterISO3","ProductCode","ReporterName","PartnerISO3","PartnerName","Year","TradeFlowName","TradeFlowCode","TradeValue in 1000 USD","Quantity","QuantityToken"
"H5","CHN","01","China","CHN","China",2017,"Gross Imp.",1,2959.958,0,1
"H5","CHN","01","China","CHN","China",2018,"Gross Imp.",1,346.035,0,1
"H5","CHN","01","China","CHN","China",2019,"Gross Imp.",1,174.749,0,1
"H5","CHN","01","China","CHN","China",2020,"Gross Imp.",1,200,0,1
"H5","CHN","01","China","USA","United States",2017,"Gross Imp.",1,15781.141,0,1
"H5","CHN","01","China","USA","United States",2018,"Gross Imp.",1,15879.264,0,1
"H5","CHN","01","China","USA","United States",2019,"Gross Imp.",1,6295.21,0,1
"H5","CHN","01","China","USA","United States",2020,"Gross Imp.",1,17080.034,0,1
"H5","CHN","01","China","USA","United States",2021,"Gross Imp.",1,46750.426,0,1
"H5","CHN","01","China","WLD"," World",2017,"Gross Imp.",1,363839.499,0,1
"H5","CHN","01","China","WLD"," World",2018,"Gross Imp.",1,411709.783,0,1
"H5","CHN","01","China","WLD"," World",2019,"Gross Imp.",1,497696.719,0,1
"H5","CHN","01","China","WLD"," World",2020,"Gross Imp.",1,634691.907,0,1
"H5","CHN","01","China","WLD"," World",2021,"Gross Imp.",1,942401.068,0,1
"H5","CHN","02","China","USA","United States",2017,"Gross Imp.",1,1186891.716,0,1
"H5","CHN","02","China","USA","United States",2018,"Gross Imp.",1,536553.714,0,1
"H5","CHN","02","China","USA","United States",2019,"Gross Imp.",1,866658.196,0,1
"H5","CHN","02","China","USA","United States",2020,"Gross Imp.",1,3129970.688,0,1
"H5","CHN","02","China","USA","United States",2021,"Gross Imp.",1,4112613.987,0,1
"H5","CHN","02","China","WLD"," World",2017,"Gross Imp.",1,9486551.081,0,1
"H5","CHN","02","China","WLD"," World",2018,"Gross Imp.",1,11018384.512,0,1
"H5","CHN","02","China","WLD"," World",2019,"Gross Imp.",1,18832475.347,0,1
"H5","CHN","02","China","WLD"," World",2020,"Gross Imp.",1,30268514.046,0,1
"H5","CHN","02","China","WLD"," World",2021,"Gross Imp.",1,31583805.964,0,1
"H5","CHN","03","China","CHN","China",2017,"Gross Imp.",1,74011.818,0,1
"H5","CHN","03","China","CHN","China",2018,"Gross Imp.",1,29134.472,0,1
"H5","CHN","03","China","CHN","China",2019,"Gross Imp.",1,22659.184,0,1
"H5","CHN","03","China","CHN","China",2020,"Gross Imp.",1,49267.476,0,1
"H5","CHN","03","China","CHN","China",2021,"Gross Imp.",1,46218.299,0,1
"H5","CHN","03","China","USA","United States",2017,"Gross Imp.",1,1315053.47,0,1
"H5","CHN","03","China","USA","United States",2018,"Gross Imp.",1,1250828.496,0,1
"H5","CHN","03","China","USA","United States",2019,"Gross Imp.",1,912159.41,0,1
"H5","CHN","03","China","USA","United States",2020,"Gross Imp.",1,776983.953,0,1
"H5","CHN","03","China","USA","United States",2021,"Gross Imp.",1,975163.232,0,1
"H5","CHN","03","China","WLD"," World",2017,"Gross Imp.",1,8070777.269,0,1
"H5","CHN","03","China","WLD"," World",2018,"Gross Imp.",1,11599017.824,0,1
"H5","CHN","03","China","WLD"," World",2019,"Gross Imp.",1,15414354.725,0,1
"H5","CHN","03","China","WLD"," World",2020,"Gross Imp.",1,12366189.004,0,1
"H5","CHN","03","China","WLD"," World",2021,"Gross Imp.",1,13806437.455,0,1
"H5","CHN","04","China","CHN","China",2017,"Gross Imp.",1,614.238,0,1
"H5","CHN","04","China","CHN","China",2018,"Gross Imp.",1,48.626,0,1
"H5","CHN","04","China","CHN","China",2019,"Gross Imp.",1,530.588,0,1
"H5","CHN","04","China","CHN","China",2020,"Gross Imp.",1,8.661,0,1
"H5","CHN","04","China","CHN","China",2021,"Gross Imp.",1,13.352,0,1
"H5","CHN","04","China","USA","United States",2017,"Gross Imp.",1,427851.656,0,1
"H5","CHN","04","China","USA","United States",2018,"Gross Imp.",1,328770.58,0,1
"H5","CHN","04","China","USA","United States",2019,"Gross Imp.",1,178400.016,0,1
"H5","CHN","04","China","USA","United States",2020,"Gross Imp.",1,312697.064,0,1
"H5","CHN","04","China","USA","United States",2021,"Gross Imp.",1,485264.263,0,1
"H5","CHN","04","China","WLD"," World",2017,"Gross Imp.",1,5069954.056,0,1
"H5","CHN","04","China","WLD"," World",2018,"Gross Imp.",1,5601287.389,0,1
"H5","CHN","04","China","WLD"," World",2019,"Gross Imp.",1,6349591.22,0,1
"H5","CHN","04","China","WLD"," World",2020,"Gross Imp.",1,7288503.728,0,1
"H5","CHN","04","China","WLD"," World",2021,"Gross Imp.",1,9692954.343,0,1
"H5","CHN","05","China","CHN","China",2017,"Gross Imp.",1,3436.223,0,1
"H5","CHN","05","China","CHN","China",2018,"Gross Imp.",1,3130.41,0,1
"H5","CHN","05","China","CHN","China",2019,"Gross Imp.",1,5669.377,0,1
"H5","CHN","05","China","CHN","China",2020,"Gross Imp.",1,2869.367,0,1
"H5","CHN","05","China","CHN","China",2021,"Gross Imp.",1,1619.959,0,1
"H5","CHN","05","China","USA","United States",2017,"Gross Imp.",1,111547.383,0,1
"H5","CHN","05","China","USA","United States",2018,"Gross Imp.",1,120161.046,0,1
"H5","CHN","05","China","USA","United States",2019,"Gross Imp.",1,160625.419,0,1
"H5","CHN","05","China","USA","United States",2020,"Gross Imp.",1,235399.035,0,1
"H5","CHN","05","China","USA","United States",2021,"Gross Imp.",1,343691.12,0,1
"H5","CHN","05","China","WLD"," World",2017,"Gross Imp.",1,613505.827,0,1
"H5","CHN","05","China","WLD"," World",2018,"Gross Imp.",1,729635.05,0,1
"H5","CHN","05","China","WLD"," World",2019,"Gross Imp.",1,855814.367,0,1
"H5","CHN","05","China","WLD"," World",2020,"Gross Imp.",1,762323.285,0,1
"H5","CHN","05","China","WLD"," World",2021,"Gross Imp.",1,1048841.385,0,1
"H5","CHN","06","China","CHN","China",2017,"Gross Imp.",1,37.326,0,1
"H5","CHN","06","China","CHN","China",2018,"Gross Imp.",1,18.824,0,1
"H5","CHN","06","China","CHN","China",2019,"Gross Imp.",1,2.5,0,1
"H5","CHN","06","China","CHN","China",2020,"Gross Imp.",1,3.992,0,1
"H5","CHN","06","China","CHN","China",2021,"Gross Imp.",1,6.14,0,1
"H5","CHN","06","China","USA","United States",2017,"Gross Imp.",1,4112.14,0,1
"H5","CHN","06","China","USA","United States",2018,"Gross Imp.",1,5709.801,0,1
"H5","CHN","06","China","USA","United States",2019,"Gross Imp.",1,6142.906,0,1
"H5","CHN","06","China","USA","United States",2020,"Gross Imp.",1,6655.276,0,1
"H5","CHN","06","China","USA","United States",2021,"Gross Imp.",1,7988.482,0,1
"H5","CHN","06","China","WLD"," World",2017,"Gross Imp.",1,280863.437,0,1
"H5","CHN","06","China","WLD"," World",2018,"Gross Imp.",1,292744.148,0,1
"H5","CHN","06","China","WLD"," World",2019,"Gross Imp.",1,269969.913,0,1
"H5","CHN","06","China","WLD"," World",2020,"Gross Imp.",1,243751.482,0,1
"H5","CHN","06","China","WLD"," World",2021,"Gross Imp.",1,244305.405,0,1
"H5","CHN","07","China","CHN","China",2017,"Gross Imp.",1,1474.476,0,1
"H5","CHN","07","China","CHN","China",2018,"Gross Imp.",1,1776.652,0,1
"H5","CHN","07","China","CHN","China",2019,"Gross Imp.",1,2582.464,0,1
"H5","CHN","07","China","CHN","China",2020,"Gross Imp.",1,1307.135,0,1
"H5","CHN","07","China","CHN","China",2021,"Gross Imp.",1,973.284,0,1
"H5","CHN","07","China","USA","United States",2017,"Gross Imp.",1,44675.851,0,1
"H5","CHN","07","China","USA","United States",2018,"Gross Imp.",1,32217.983,0,1
"H5","CHN","07","China","USA","United States",2019,"Gross Imp.",1,31732.327,0,1
"H5","CHN","07","China","USA","United States",2020,"Gross Imp.",1,61243.224,0,1
"H5","CHN","07","China","USA","United States",2021,"Gross Imp.",1,47759.647,0,1
"H5","CHN","07","China","WLD"," World",2017,"Gross Imp.",1,2015745.215,0,1
"H5","CHN","07","China","WLD"," World",2018,"Gross Imp.",1,2037929.387,0,1
"H5","CHN","07","China","WLD"," World",2019,"Gross Imp.",1,1566462.071,0,1
"H5","CHN","07","China","WLD"," World",2020,"Gross Imp.",1,1956687.688,0,1
"H5","CHN","07","China","WLD"," World",2021,"Gross Imp.",1,2855496.789,0,1
"H5","CHN","08","China","CHN","China",2017,"Gross Imp.",1,963.677,0,1
"H5","CHN","08","China","CHN","China",2018,"Gross Imp.",1,586.097,0,1
"H5","CHN","08","China","CHN","China",2019,"Gross Imp.",1,566.047,0,1
"H5","CHN","08","China","CHN","China",2020,"Gross Imp.",1,1001.868,0,1
"H5","CHN","08","China","CHN","China",2021,"Gross Imp.",1,1735.708,0,1
"H5","CHN","08","China","USA","United States",2017,"Gross Imp.",1,765848.723,0,1
"H5","CHN","08","China","USA","United States",2018,"Gross Imp.",1,807921.247,0,1
"H5","CHN","08","China","USA","United States",2019,"Gross Imp.",1,966051.389,0,1
"H5","CHN","08","China","USA","United States",2020,"Gross Imp.",1,726292.678,0,1
"H5","CHN","08","China","USA","United States",2021,"Gross Imp.",1,1020740.648,0,1
"H5","CHN","08","China","WLD"," World",2017,"Gross Imp.",1,6395218.154,0,1
"H5","CHN","08","China","WLD"," World",2018,"Gross Imp.",1,8682012.304,0,1
"H5","CHN","08","China","WLD"," World",2019,"Gross Imp.",1,11665067.121,0,1
"H5","CHN","08","China","WLD"," World",2020,"Gross Imp.",1,12097680.157,0,1
"H5","CHN","08","China","WLD"," World",2021,"Gross Imp.",1,15916076.215,0,1
"H5","CHN","09","China","CHN","China",2017,"Gross Imp.",1,32674.934,0,1
"H5","CHN","09","China","CHN","China",2018,"Gross Imp.",1,5598.112,0,1
"H5","CHN","09","China","CHN","China",2019,"Gross Imp.",1,5999.683,0,1
"H5","CHN","09","China","CHN","China",2020,"Gross Imp.",1,4827.622,0,1
"H5","CHN","09","China","CHN","China",2021,"Gross Imp.",1,1612.602,0,1
"H5","CHN","09","China","USA","United States",2017,"Gross Imp.",1,17762.943,0,1
"H5","CHN","09","China","USA","United States",2018,"Gross Imp.",1,20775.837,0,1
"H5","CHN","09","China","USA","United States",2019,"Gross Imp.",1,17349.124,0,1
"H5","CHN","09","China","USA","United States",2020,"Gross Imp.",1,15056.458,0,1
"H5","CHN","09","China","USA","United States",2021,"Gross Imp.",1,16776.863,0,1
"H5","CHN","09","China","WLD"," World",2017,"Gross Imp.",1,472245.966,0,1
"H5","CHN","09","China","WLD"," World",2018,"Gross Imp.",1,633849.64,0,1
"H5","CHN","09","China","WLD"," World",2019,"Gross Imp.",1,952080.719,0,1
"H5","CHN","09","China","WLD"," World",2020,"Gross Imp.",1,1237229.227,0,1
"H5","CHN","09","China","WLD"," World",2021,"Gross Imp.",1,1681008.126,0,1
"H5","CHN","10","China","CHN","China",2017,"Gross Imp.",1,174.53,0,1
"H5","CHN","10","China","CHN","China",2018,"Gross Imp.",1,3.536,0,1
"H5","CHN","10","China","CHN","China",2019,"Gross Imp.",1,0.032,0,1
"H5","CHN","10","China","CHN","China",2020,"Gross Imp.",1,30.096,0,1
"H5","CHN","10","China","USA","United States",2017,"Gross Imp.",1,1509836.271,0,1
"H5","CHN","10","China","USA","United States",2018,"Gross Imp.",1,908671.853,0,1
"H5","CHN","10","China","USA","United States",2019,"Gross Imp.",1,274826.17,0,1
"H5","CHN","10","China","USA","United States",2020,"Gross Imp.",1,2448429.036,0,1
"H5","CHN","10","China","USA","United States",2021,"Gross Imp.",1,8578295.326,0,1
"H5","CHN","10","China","WLD"," World",2017,"Gross Imp.",1,6400876.094,0,1
"H5","CHN","10","China","WLD"," World",2018,"Gross Imp.",1,5793591.003,0,1
"H5","CHN","10","China","WLD"," World",2019,"Gross Imp.",1,5054886.7,0,1
"H5","CHN","10","China","WLD"," World",2020,"Gross Imp.",1,9316836.454,0,1
"H5","CHN","10","China","WLD"," World",2021,"Gross Imp.",1,19966081.156,0,1
"H5","CHN","11","China","CHN","China",2017,"Gross Imp.",1,69.919,0,1
"H5","CHN","11","China","CHN","China",2018,"Gross Imp.",1,92.98,0,1
"H5","CHN","11","China","CHN","China",2019,"Gross Imp.",1,27.658,0,1
"H5","CHN","11","China","CHN","China",2020,"Gross Imp.",1,27.284,0,1
"H5","CHN","11","China","CHN","China",2021,"Gross Imp.",1,91.277,0,1
"H5","CHN","11","China","USA","United States",2017,"Gross Imp.",1,23866.087,0,1
"H5","CHN","11","China","USA","United States",2018,"Gross Imp.",1,13183.985,0,1
"H5","CHN","11","China","USA","United States",2019,"Gross Imp.",1,10060.088,0,1
"H5","CHN","11","China","USA","United States",2020,"Gross Imp.",1,9504.582,0,1
"H5","CHN","11","China","USA","United States",2021,"Gross Imp.",1,8337.144,0,1
"H5","CHN","11","China","WLD"," World",2017,"Gross Imp.",1,970485.259,0,1
"H5","CHN","11","China","WLD"," World",2018,"Gross Imp.",1,1178936.051,0,1
"H5","CHN","11","China","WLD"," World",2019,"Gross Imp.",1,1321751.082,0,1
"H5","CHN","11","China","WLD"," World",2020,"Gross Imp.",1,1440034.119,0,1
"H5","CHN","11","China","WLD"," World",2021,"Gross Imp.",1,1957538.091,0,1
"H5","CHN","12","China","CHN","China",2017,"Gross Imp.",1,6594.466,0,1
"H5","CHN","12","China","CHN","China",2018,"Gross Imp.",1,2922.523,0,1
"H5","CHN","12","China","CHN","China",2019,"Gross Imp.",1,6118.328,0,1
"H5","CHN","12","China","CHN","China",2020,"Gross Imp.",1,7600.772,0,1
"H5","CHN","12","China","CHN","China",2021,"Gross Imp.",1,4570.047,0,1
"H5","CHN","12","China","USA","United States",2017,"Gross Imp.",1,14560407.401,0,1
"H5","CHN","12","China","USA","United States",2018,"Gross Imp.",1,7680207.428,0,1
"H5","CHN","12","China","USA","United States",2019,"Gross Imp.",1,7221565.251,0,1
"H5","CHN","12","China","USA","United States",2020,"Gross Imp.",1,11418839.099,0,1
"H5","CHN","12","China","USA","United States",2021,"Gross Imp.",1,17426792.13,0,1
"H5","CHN","12","China","WLD"," World",2017,"Gross Imp.",1,44514236.242,0,1
"H5","CHN","12","China","WLD"," World",2018,"Gross Imp.",1,43379520.601,0,1
"H5","CHN","12","China","WLD"," World",2019,"Gross Imp.",1,40082336.265,0,1
"H5","CHN","12","China","WLD"," World",2020,"Gross Imp.",1,44980648.916,0,1
"H5","CHN","12","China","WLD"," World",2021,"Gross Imp.",1,59725981.233,0,1
"H5","CHN","13","China","CHN","China",2017,"Gross Imp.",1,573.36,0,1
"H5","CHN","13","China","CHN","China",2018,"Gross Imp.",1,318.999,0,1
"H5","CHN","13","China","CHN","China",2019,"Gross Imp.",1,1566.793,0,1
"H5","CHN","13","China","CHN","China",2020,"Gross Imp.",1,743.359,0,1
"H5","CHN","13","China","CHN","China",2021,"Gross Imp.",1,796.885,0,1
"H5","CHN","13","China","USA","United States",2017,"Gross Imp.",1,21214.037,0,1
"H5","CHN","13","China","USA","United States",2018,"Gross Imp.",1,28165.099,0,1
"H5","CHN","13","China","USA","United States",2019,"Gross Imp.",1,20088.564,0,1
"H5","CHN","13","China","USA","United States",2020,"Gross Imp.",1,18292.465,0,1
"H5","CHN","13","China","USA","United States",2021,"Gross Imp.",1,23685.405,0,1
"H5","CHN","13","China","WLD"," World",2017,"Gross Imp.",1,255906.924,0,1
"H5","CHN","13","China","WLD"," World",2018,"Gross Imp.",1,313727.306,0,1
"H5","CHN","13","China","WLD"," World",2019,"Gross Imp.",1,412483.153,0,1
"H5","CHN","13","China","WLD"," World",2020,"Gross Imp.",1,371027.604,0,1
"H5","CHN","13","China","WLD"," World",2021,"Gross Imp.",1,467133.376,0,1
"H5","CHN","14","China","CHN","China",2017,"Gross Imp.",1,25.544,0,1
"H5","CHN","14","China","CHN","China",2018,"Gross Imp.",1,14.842,0,1
"H5","CHN","14","China","CHN","China",2019,"Gross Imp.",1,2.467,0,1
"H5","CHN","14","China","CHN","China",2020,"Gross Imp.",1,36.186,0,1
"H5","CHN","14","China","CHN","China",2021,"Gross Imp.",1,0.218,0,1
"H5","CHN","14","China","USA","United States",2017,"Gross Imp.",1,9256.986,0,1
"H5","CHN","14","China","USA","United States",2018,"Gross Imp.",1,4665.55,0,1
"H5","CHN","14","China","USA","United States",2019,"Gross Imp.",1,1510.738,0,1
"H5","CHN","14","China","USA","United States",2020,"Gross Imp.",1,5973.867,0,1
"H5","CHN","14","China","USA","United States",2021,"Gross Imp.",1,8547.694,0,1
"H5","CHN","14","China","WLD"," World",2017,"Gross Imp.",1,174995.35,0,1
"H5","CHN","14","China","WLD"," World",2018,"Gross Imp.",1,142392.501,0,1
"H5","CHN","14","China","WLD"," World",2019,"Gross Imp.",1,143715.228,0,1
"H5","CHN","14","China","WLD"," World",2020,"Gross Imp.",1,128853.369,0,1
"H5","CHN","14","China","WLD"," World",2021,"Gross Imp.",1,209260.872,0,1
"H5","CHN","15","China","CHN","China",2017,"Gross Imp.",1,1275.815,0,1
"H5","CHN","15","China","CHN","China",2018,"Gross Imp.",1,904.535,0,1
"H5","CHN","15","China","CHN","China",2019,"Gross Imp.",1,732.182,0,1
"H5","CHN","15","China","CHN","China",2020,"Gross Imp.",1,1219.512,0,1
"H5","CHN","15","China","CHN","China",2021,"Gross Imp.",1,607.597,0,1
"H5","CHN","15","China","USA","United States",2017,"Gross Imp.",1,138921.833,0,1
"H5","CHN","15","China","USA","United States",2018,"Gross Imp.",1,106013.204,0,1
"H5","CHN","15","China","USA","United States",2019,"Gross Imp.",1,97411.867,0,1
"H5","CHN","15","China","USA","United States",2020,"Gross Imp.",1,133149.016,0,1
"H5","CHN","15","China","USA","United States",2021,"Gross Imp.",1,133172.082,0,1
"H5","CHN","15","China","WLD"," World",2017,"Gross Imp.",1,8285121.759,0,1
"H5","CHN","15","China","WLD"," World",2018,"Gross Imp.",1,8608587.332,0,1
"H5","CHN","15","China","WLD"," World",2019,"Gross Imp.",1,9933201.512,0,1
"H5","CHN","15","China","WLD"," World",2020,"Gross Imp.",1,11260130.609,0,1
"H5","CHN","15","China","WLD"," World",2021,"Gross Imp.",1,15969331.627,0,1
"H5","CHN","16","China","CHN","China",2017,"Gross Imp.",1,5119.533,0,1
"H5","CHN","16","China","CHN","China",2018,"Gross Imp.",1,2994.66,0,1
"H5","CHN","16","China","CHN","China",2019,"Gross Imp.",1,1087.41,0,1
"H5","CHN","16","China","CHN","China",2020,"Gross Imp.",1,3618.936,0,1
"H5","CHN","16","China","CHN","China",2021,"Gross Imp.",1,210.6,0,1
"H5","CHN","16","China","USA","United States",2017,"Gross Imp.",1,4845.542,0,1
"H5","CHN","16","China","USA","United States",2018,"Gross Imp.",1,4957.383,0,1
"H5","CHN","16","China","USA","United States",2019,"Gross Imp.",1,3356.423,0,1
"H5","CHN","16","China","USA","United States",2020,"Gross Imp.",1,2277.658,0,1
"H5","CHN","16","China","USA","United States",2021,"Gross Imp.",1,3466.724,0,1
"H5","CHN","16","China","WLD"," World",2017,"Gross Imp.",1,239087.87,0,1
"H5","CHN","16","China","WLD"," World",2018,"Gross Imp.",1,394332.702,0,1
"H5","CHN","16","China","WLD"," World",2019,"Gross Imp.",1,394313.298,0,1
"H5","CHN","16","China","WLD"," World",2020,"Gross Imp.",1,358698.697,0,1
"H5","CHN","16","China","WLD"," World",2021,"Gross Imp.",1,392703.052,0,1
"H5","CHN","17","China","CHN","China",2017,"Gross Imp.",1,942.496,0,1
"H5","CHN","17","China","CHN","China",2018,"Gross Imp.",1,2780.403,0,1
"H5","CHN","17","China","CHN","China",2019,"Gross Imp.",1,627.909,0,1
"H5","CHN","17","China","CHN","China",2020,"Gross Imp.",1,856.749,0,1
"H5","CHN","17","China","CHN","China",2021,"Gross Imp.",1,1033.207,0,1
"H5","CHN","17","China","USA","United States",2017,"Gross Imp.",1,79123.981,0,1
"H5","CHN","17","China","USA","United States",2018,"Gross Imp.",1,91693.107,0,1
"H5","CHN","17","China","USA","United States",2019,"Gross Imp.",1,93347.6,0,1
"H5","CHN","17","China","USA","United States",2020,"Gross Imp.",1,101889.904,0,1
"H5","CHN","17","China","USA","United States",2021,"Gross Imp.",1,139933.374,0,1
"H5","CHN","17","China","WLD"," World",2017,"Gross Imp.",1,1407716.201,0,1
"H5","CHN","17","China","WLD"," World",2018,"Gross Imp.",1,1421410.192,0,1
"H5","CHN","17","China","WLD"," World",2019,"Gross Imp.",1,1603258.118,0,1
"H5","CHN","17","China","WLD"," World",2020,"Gross Imp.",1,2629581.789,0,1
"H5","CHN","17","China","WLD"," World",2021,"Gross Imp.",1,3149036.955,0,1
"H5","CHN","18","China","CHN","China",2017,"Gross Imp.",1,900.571,0,1
"H5","CHN","18","China","CHN","China",2018,"Gross Imp.",1,2760.631,0,1
"H5","CHN","18","China","CHN","China",2019,"Gross Imp.",1,5.837,0,1
"H5","CHN","18","China","CHN","China",2020,"Gross Imp.",1,105.834,0,1
"H5","CHN","18","China","CHN","China",2021,"Gross Imp.",1,65.971,0,1
"H5","CHN","18","China","USA","United States",2017,"Gross Imp.",1,28932.361,0,1
"H5","CHN","18","China","USA","United States",2018,"Gross Imp.",1,32183.038,0,1
"H5","CHN","18","China","USA","United States",2019,"Gross Imp.",1,33325.912,0,1
"H5","CHN","18","China","USA","United States",2020,"Gross Imp.",1,29356.507,0,1
"H5","CHN","18","China","USA","United States",2021,"Gross Imp.",1,47873.392,0,1
"H5","CHN","18","China","WLD"," World",2017,"Gross Imp.",1,659889.629,0,1
"H5","CHN","18","China","WLD"," World",2018,"Gross Imp.",1,787906.699,0,1
"H5","CHN","18","China","WLD"," World",2019,"Gross Imp.",1,811261.695,0,1
"H5","CHN","18","China","WLD"," World",2020,"Gross Imp.",1,787518.533,0,1
"H5","CHN","18","China","WLD"," World",2021,"Gross Imp.",1,1044682.932,0,1
"H5","CHN","19","China","CHN","China",2017,"Gross Imp.",1,4589.729,0,1
"H5","CHN","19","China","CHN","China",2018,"Gross Imp.",1,4635.446,0,1
"H5","CHN","19","China","CHN","China",2019,"Gross Imp.",1,6295.501,0,1
"H5","CHN","19","China","CHN","China",2020,"Gross Imp.",1,5052.42,0,1
"H5","CHN","19","China","CHN","China",2021,"Gross Imp.",1,2074.527,0,1
"H5","CHN","19","China","USA","United States",2017,"Gross Imp.",1,120186.486,0,1
"H5","CHN","19","China","USA","United States",2018,"Gross Imp.",1,142963.333,0,1
"H5","CHN","19","China","USA","United States",2019,"Gross Imp.",1,147793.993,0,1
"H5","CHN","19","China","USA","United States",2020,"Gross Imp.",1,135927.405,0,1
"H5","CHN","19","China","USA","United States",2021,"Gross Imp.",1,79509.9,0,1
"H5","CHN","19","China","WLD"," World",2017,"Gross Imp.",1,5685817.639,0,1
"H5","CHN","19","China","WLD"," World",2018,"Gross Imp.",1,6665804.181,0,1
"H5","CHN","19","China","WLD"," World",2019,"Gross Imp.",1,7209856.236,0,1
"H5","CHN","19","China","WLD"," World",2020,"Gross Imp.",1,7331524.216,0,1
"H5","CHN","19","China","WLD"," World",2021,"Gross Imp.",1,6826882.425,0,1
"H5","CHN","20","China","CHN","China",2017,"Gross Imp.",1,2272.362,0,1
"H5","CHN","20","China","CHN","China",2018,"Gross Imp.",1,10504.405,0,1
"H5","CHN","20","China","CHN","China",2019,"Gross Imp.",1,23924.358,0,1
"H5","CHN","20","China","CHN","China",2020,"Gross Imp.",1,1970.82,0,1
"H5","CHN","20","China","CHN","China",2021,"Gross Imp.",1,1616.255,0,1
"H5","CHN","20","China","USA","United States",2017,"Gross Imp.",1,272431.411,0,1
"H5","CHN","20","China","USA","United States",2018,"Gross Imp.",1,350218.073,0,1
"H5","CHN","20","China","USA","United States",2019,"Gross Imp.",1,280224.213,0,1
"H5","CHN","20","China","USA","United States",2020,"Gross Imp.",1,226269.791,0,1
"H5","CHN","20","China","USA","United States",2021,"Gross Imp.",1,336711.298,0,1
"H5","CHN","20","China","WLD"," World",2017,"Gross Imp.",1,1093174.614,0,1
"H5","CHN","20","China","WLD"," World",2018,"Gross Imp.",1,1401762.649,0,1
"H5","CHN","20","China","WLD"," World",2019,"Gross Imp.",1,1495814.469,0,1
"H5","CHN","20","China","WLD"," World",2020,"Gross Imp.",1,1344302.795,0,1
"H5","CHN","20","China","WLD"," World",2021,"Gross Imp.",1,1697864.177,0,1
"H5","CHN","21","China","CHN","China",2017,"Gross Imp.",1,49432.573,0,1
"H5","CHN","21","China","CHN","China",2018,"Gross Imp.",1,26008.335,0,1
"H5","CHN","21","China","CHN","China",2019,"Gross Imp.",1,27417.062,0,1
"H5","CHN","21","China","CHN","China",2020,"Gross Imp.",1,30512.26,0,1
"H5","CHN","21","China","CHN","China",2021,"Gross Imp.",1,16621.5,0,1
"H5","CHN","21","China","USA","United States",2017,"Gross Imp.",1,441511.643,0,1
"H5","CHN","21","China","USA","United States",2018,"Gross Imp.",1,652719.965,0,1
"H5","CHN","21","China","USA","United States",2019,"Gross Imp.",1,772561.056,0,1
"H5","CHN","21","China","USA","United States",2020,"Gross Imp.",1,883509.852,0,1
"H5","CHN","21","China","USA","United States",2021,"Gross Imp.",1,1001834.184,0,1
"H5","CHN","21","China","WLD"," World",2017,"Gross Imp.",1,2388101.508,0,1
"H5","CHN","21","China","WLD"," World",2018,"Gross Imp.",1,3256095.786,0,1
"H5","CHN","21","China","WLD"," World",2019,"Gross Imp.",1,3689475.177,0,1
"H5","CHN","21","China","WLD"," World",2020,"Gross Imp.",1,4459532.109,0,1
"H5","CHN","21","China","WLD"," World",2021,"Gross Imp.",1,4830464.842,0,1
"H5","CHN","22","China","CHN","China",2017,"Gross Imp.",1,43941.328,0,1
"H5","CHN","22","China","CHN","China",2018,"Gross Imp.",1,73579.711,0,1
"H5","CHN","22","China","CHN","China",2019,"Gross Imp.",1,93791.875,0,1
"H5","CHN","22","China","CHN","China",2020,"Gross Imp.",1,82071.279,0,1
"H5","CHN","22","China","CHN","China",2021,"Gross Imp.",1,87343.64,0,1
"H5","CHN","22","China","USA","United States",2017,"Gross Imp.",1,137880.346,0,1
"H5","CHN","22","China","USA","United States",2018,"Gross Imp.",1,406672.84,0,1
"H5","CHN","22","China","USA","United States",2019,"Gross Imp.",1,159729.143,0,1
"H5","CHN","22","China","USA","United States",2020,"Gross Imp.",1,164527.979,0,1
"H5","CHN","22","China","USA","United States",2021,"Gross Imp.",1,427431.852,0,1
"H5","CHN","22","China","WLD"," World",2017,"Gross Imp.",1,5288404.782,0,1
"H5","CHN","22","China","WLD"," World",2018,"Gross Imp.",1,6434464.262,0,1
"H5","CHN","22","China","WLD"," World",2019,"Gross Imp.",1,5817387.073,0,1
"H5","CHN","22","China","WLD"," World",2020,"Gross Imp.",1,5080450.512,0,1
"H5","CHN","22","China","WLD"," World",2021,"Gross Imp.",1,6593542.556,0,1
"H5","CHN","23","China","CHN","China",2017,"Gross Imp.",1,2509.752,0,1
"H5","CHN","23","China","CHN","China",2018,"Gross Imp.",1,724.535,0,1
"H5","CHN","23","China","CHN","China",2019,"Gross Imp.",1,377.48,0,1
"H5","CHN","23","China","CHN","China",2020,"Gross Imp.",1,511.655,0,1
"H5","CHN","23","China","CHN","China",2021,"Gross Imp.",1,389.409,0,1
"H5","CHN","23","China","USA","United States",2017,"Gross Imp.",1,521944.477,0,1
"H5","CHN","23","China","USA","United States",2018,"Gross Imp.",1,505983.613,0,1
"H5","CHN","23","China","USA","United States",2019,"Gross Imp.",1,426262.232,0,1
"H5","CHN","23","China","USA","United States",2020,"Gross Imp.",1,583372.536,0,1
"H5","CHN","23","China","USA","United States",2021,"Gross Imp.",1,718192.534,0,1
"H5","CHN","23","China","WLD"," World",2017,"Gross Imp.",1,3397547.944,0,1
"H5","CHN","23","China","WLD"," World",2018,"Gross Imp.",1,3804178.353,0,1
"H5","CHN","23","China","WLD"," World",2019,"Gross Imp.",1,3971971.529,0,1
"H5","CHN","23","China","WLD"," World",2020,"Gross Imp.",1,4791397.367,0,1
"H5","CHN","23","China","WLD"," World",2021,"Gross Imp.",1,6523703.572,0,1
"H5","CHN","24","China","CHN","China",2017,"Gross Imp.",1,153318.903,0,1
"H5","CHN","24","China","CHN","China",2018,"Gross Imp.",1,234467.055,0,1
"H5","CHN","24","China","CHN","China",2019,"Gross Imp.",1,220199.222,0,1
"H5","CHN","24","China","CHN","China",2020,"Gross Imp.",1,67824.381,0,1
"H5","CHN","24","China","CHN","China",2021,"Gross Imp.",1,31936.526,0,1
"H5","CHN","24","China","USA","United States",2017,"Gross Imp.",1,170113.83,0,1
"H5","CHN","24","China","USA","United States",2018,"Gross Imp.",1,162160.304,0,1
"H5","CHN","24","China","USA","United States",2019,"Gross Imp.",1,524.073,0,1
"H5","CHN","24","China","USA","United States",2020,"Gross Imp.",1,270.482,0,1
"H5","CHN","24","China","USA","United States",2021,"Gross Imp.",1,181212.484,0,1
"H5","CHN","24","China","WLD"," World",2017,"Gross Imp.",1,1762675.49,0,1
"H5","CHN","24","China","WLD"," World",2018,"Gross Imp.",1,1758782.405,0,1
"H5","CHN","24","China","WLD"," World",2019,"Gross Imp.",1,1904745.485,0,1
"H5","CHN","24","China","WLD"," World",2020,"Gross Imp.",1,1166044.372,0,1
"H5","CHN","24","China","WLD"," World",2021,"Gross Imp.",1,1458558.725,0,1
"H5","CHN","25","China","CHN","China",2017,"Gross Imp.",1,2425.687,0,1
"H5","CHN","25","China","CHN","China",2018,"Gross Imp.",1,2496.89,0,1
"H5","CHN","25","China","CHN","China",2019,"Gross Imp.",1,3717.195,0,1
"H5","CHN","25","China","CHN","China",2020,"Gross Imp.",1,2197.348,0,1
"H5","CHN","25","China","CHN","China",2021,"Gross Imp.",1,3019.889,0,1
"H5","CHN","25","China","USA","United States",2017,"Gross Imp.",1,320732.556,0,1
"H5","CHN","25","China","USA","United States",2018,"Gross Imp.",1,408751.569,0,1
"H5","CHN","25","China","USA","United States",2019,"Gross Imp.",1,324624.712,0,1
"H5","CHN","25","China","USA","United States",2020,"Gross Imp.",1,358684.024,0,1
"H5","CHN","25","China","USA","United States",2021,"Gross Imp.",1,615086.286,0,1
"H5","CHN","25","China","WLD"," World",2017,"Gross Imp.",1,6367474.093,0,1
"H5","CHN","25","China","WLD"," World",2018,"Gross Imp.",1,8024739.437,0,1
"H5","CHN","25","China","WLD"," World",2019,"Gross Imp.",1,8145574.671,0,1
"H5","CHN","25","China","WLD"," World",2020,"Gross Imp.",1,6890179.982,0,1
"H5","CHN","25","China","WLD"," World",2021,"Gross Imp.",1,9715711.04,0,1
"H5","CHN","26","China","CHN","China",2017,"Gross Imp.",1,19.645,0,1
"H5","CHN","26","China","CHN","China",2018,"Gross Imp.",1,7207.048,0,1
"H5","CHN","26","China","CHN","China",2019,"Gross Imp.",1,17.656,0,1
"H5","CHN","26","China","CHN","China",2020,"Gross Imp.",1,0.071,0,1
"H5","CHN","26","China","CHN","China",2021,"Gross Imp.",1,4.841,0,1
"H5","CHN","26","China","USA","United States",2017,"Gross Imp.",1,1513268.151,0,1
"H5","CHN","26","China","USA","United States",2018,"Gross Imp.",1,1039267.453,0,1
"H5","CHN","26","China","USA","United States",2019,"Gross Imp.",1,212853.988,0,1
"H5","CHN","26","China","USA","United States",2020,"Gross Imp.",1,880344.486,0,1
"H5","CHN","26","China","USA","United States",2021,"Gross Imp.",1,2309171.428,0,1
"H5","CHN","26","China","WLD"," World",2017,"Gross Imp.",1,126477634.212,0,1
"H5","CHN","26","China","WLD"," World",2018,"Gross Imp.",1,135868105.618,0,1
"H5","CHN","26","China","WLD"," World",2019,"Gross Imp.",1,164958223.211,0,1
"H5","CHN","26","China","WLD"," World",2020,"Gross Imp.",1,187192533.351,0,1
"H5","CHN","26","China","WLD"," World",2021,"Gross Imp.",1,271682060.092,0,1
"H5","CHN","27","China","CHN","China",2017,"Gross Imp.",1,4585.947,0,1
"H5","CHN","27","China","CHN","China",2018,"Gross Imp.",1,16514.421,0,1
"H5","CHN","27","China","CHN","China",2019,"Gross Imp.",1,2701.005,0,1
"H5","CHN","27","China","CHN","China",2020,"Gross Imp.",1,40350.155,0,1
"H5","CHN","27","China","CHN","China",2021,"Gross Imp.",1,4245.588,0,1
"H5","CHN","27","China","USA","United States",2017,"Gross Imp.",1,7278892.065,0,1
"H5","CHN","27","China","USA","United States",2018,"Gross Imp.",1,10533483.541,0,1
"H5","CHN","27","China","USA","United States",2019,"Gross Imp.",1,4117839.176,0,1
"H5","CHN","27","China","USA","United States",2020,"Gross Imp.",1,10011571.558,0,1
"H5","CHN","27","China","USA","United States",2021,"Gross Imp.",1,21385453.831,0,1
"H5","CHN","27","China","WLD"," World",2017,"Gross Imp.",1,249624522.202,0,1
"H5","CHN","27","China","WLD"," World",2018,"Gross Imp.",1,347199945.635,0,1
"H5","CHN","27","China","WLD"," World",2019,"Gross Imp.",1,348125013.257,0,1
"H5","CHN","27","China","WLD"," World",2020,"Gross Imp.",1,273716495.976,0,1
"H5","CHN","27","China","WLD"," World",2021,"Gross Imp.",1,405433252.593,0,1
"H5","CHN","28","China","CHN","China",2017,"Gross Imp.",1,40784.706,0,1
"H5","CHN","28","China","CHN","China",2018,"Gross Imp.",1,59721.981,0,1
"H5","CHN","28","China","CHN","China",2019,"Gross Imp.",1,172946.314,0,1
"H5","CHN","28","China","CHN","China",2020,"Gross Imp.",1,84992.177,0,1
"H5","CHN","28","China","CHN","China",2021,"Gross Imp.",1,103421.049,0,1
"H5","CHN","28","China","USA","United States",2017,"Gross Imp.",1,899731.491,0,1
"H5","CHN","28","China","USA","United States",2018,"Gross Imp.",1,982433.193,0,1
"H5","CHN","28","China","USA","United States",2019,"Gross Imp.",1,853188.772,0,1
"H5","CHN","28","China","USA","United States",2020,"Gross Imp.",1,814395.709,0,1
"H5","CHN","28","China","USA","United States",2021,"Gross Imp.",1,1086018.46,0,1
"H5","CHN","28","China","WLD"," World",2017,"Gross Imp.",1,10433675.245,0,1
"H5","CHN","28","China","WLD"," World",2018,"Gross Imp.",1,10835891.955,0,1
"H5","CHN","28","China","WLD"," World",2019,"Gross Imp.",1,10366322.755,0,1
"H5","CHN","28","China","WLD"," World",2020,"Gross Imp.",1,11021438.494,0,1
"H5","CHN","28","China","WLD"," World",2021,"Gross Imp.",1,14897295.402,0,1
"H5","CHN","29","China","CHN","China",2017,"Gross Imp.",1,242931.83,0,1
"H5","CHN","29","China","CHN","China",2018,"Gross Imp.",1,321961.63,0,1
"H5","CHN","29","China","CHN","China",2019,"Gross Imp.",1,224439.498,0,1
"H5","CHN","29","China","CHN","China",2020,"Gross Imp.",1,213414.283,0,1
"H5","CHN","29","China","CHN","China",2021,"Gross Imp.",1,255007.141,0,1
"H5","CHN","29","China","USA","United States",2017,"Gross Imp.",1,3714882.734,0,1
"H5","CHN","29","China","USA","United States",2018,"Gross Imp.",1,3927241.452,0,1
"H5","CHN","29","China","USA","United States",2019,"Gross Imp.",1,2961600.972,0,1
"H5","CHN","29","China","USA","United States",2020,"Gross Imp.",1,3232405.601,0,1
"H5","CHN","29","China","USA","United States",2021,"Gross Imp.",1,4154409.052,0,1
"H5","CHN","29","China","WLD"," World",2017,"Gross Imp.",1,55837858.384,0,1
"H5","CHN","29","China","WLD"," World",2018,"Gross Imp.",1,67304605.342,0,1
"H5","CHN","29","China","WLD"," World",2019,"Gross Imp.",1,57506948.923,0,1
"H5","CHN","29","China","WLD"," World",2020,"Gross Imp.",1,45641316.934,0,1
"H5","CHN","29","China","WLD"," World",2021,"Gross Imp.",1,60214471.474,0,1
"H5","CHN","30","China","CHN","China",2017,"Gross Imp.",1,10972.55,0,1
"H5","CHN","30","China","CHN","China",2018,"Gross Imp.",1,6985.394,0,1
"H5","CHN","30","China","CHN","China",2019,"Gross Imp.",1,11629.184,0,1
"H5","CHN","30","China","CHN","China",2020,"Gross Imp.",1,8067.09,0,1
"H5","CHN","30","China","CHN","China",2021,"Gross Imp.",1,29027.423,0,1
"H5","CHN","30","China","USA","United States",2017,"Gross Imp.",1,3753579.636,0,1
"H5","CHN","30","China","USA","United States",2018,"Gross Imp.",1,4667115.688,0,1
"H5","CHN","30","China","USA","United States",2019,"Gross Imp.",1,4863153.256,0,1
"H5","CHN","30","China","USA","United States",2020,"Gross Imp.",1,5661405.111,0,1
"H5","CHN","30","China","USA","United States",2021,"Gross Imp.",1,7045041.914,0,1
"H5","CHN","30","China","WLD"," World",2017,"Gross Imp.",1,25364914.055,0,1
"H5","CHN","30","China","WLD"," World",2018,"Gross Imp.",1,27931121.39,0,1
"H5","CHN","30","China","WLD"," World",2019,"Gross Imp.",1,33605325.868,0,1
"H5","CHN","30","China","WLD"," World",2020,"Gross Imp.",1,34915064.567,0,1
"H5","CHN","30","China","WLD"," World",2021,"Gross Imp.",1,41862452.119,0,1
"H5","CHN","31","China","CHN","China",2017,"Gross Imp.",1,1470.234,0,1
"H5","CHN","31","China","CHN","China",2018,"Gross Imp.",1,483.861,0,1
"H5","CHN","31","China","CHN","China",2019,"Gross Imp.",1,24.667,0,1
"H5","CHN","31","China","CHN","China",2020,"Gross Imp.",1,14971.616,0,1
"H5","CHN","31","China","CHN","China",2021,"Gross Imp.",1,57.302,0,1
"H5","CHN","31","China","USA","United States",2017,"Gross Imp.",1,56407.483,0,1
"H5","CHN","31","China","USA","United States",2018,"Gross Imp.",1,45480.314,0,1
"H5","CHN","31","China","USA","United States",2019,"Gross Imp.",1,50137.657,0,1
"H5","CHN","31","China","USA","United States",2020,"Gross Imp.",1,34593.261,0,1
"H5","CHN","31","China","USA","United States",2021,"Gross Imp.",1,17942.541,0,1
"H5","CHN","31","China","WLD"," World",2017,"Gross Imp.",1,2314165.806,0,1
"H5","CHN","31","China","WLD"," World",2018,"Gross Imp.",1,2731898.628,0,1
"H5","CHN","31","China","WLD"," World",2019,"Gross Imp.",1,3543694.164,0,1
"H5","CHN","31","China","WLD"," World",2020,"Gross Imp.",1,2906186.918,0,1
"H5","CHN","31","China","WLD"," World",2021,"Gross Imp.",1,2765245.054,0,1
"H5","CHN","32","China","CHN","China",2017,"Gross Imp.",1,29441.075,0,1
"H5","CHN","32","China","CHN","China",2018,"Gross Imp.",1,34809.912,0,1
"H5","CHN","32","China","CHN","China",2019,"Gross Imp.",1,29194.689,0,1
"H5","CHN","32","China","CHN","China",2020,"Gross Imp.",1,28110.955,0,1
"H5","CHN","32","China","CHN","China",2021,"Gross Imp.",1,30849.765,0,1
"H5","CHN","32","China","USA","United States",2017,"Gross Imp.",1,501363.592,0,1
"H5","CHN","32","China","USA","United States",2018,"Gross Imp.",1,507807.186,0,1
"H5","CHN","32","China","USA","United States",2019,"Gross Imp.",1,418253.952,0,1
"H5","CHN","32","China","USA","United States",2020,"Gross Imp.",1,347017.479,0,1
"H5","CHN","32","China","USA","United States",2021,"Gross Imp.",1,437082.921,0,1
"H5","CHN","32","China","WLD"," World",2017,"Gross Imp.",1,4652151.693,0,1
"H5","CHN","32","China","WLD"," World",2018,"Gross Imp.",1,5036285.546,0,1
"H5","CHN","32","China","WLD"," World",2019,"Gross Imp.",1,5028980.493,0,1
"H5","CHN","32","China","WLD"," World",2020,"Gross Imp.",1,4826331.343,0,1
"H5","CHN","32","China","WLD"," World",2021,"Gross Imp.",1,6036031.574,0,1
"H5","CHN","33","China","CHN","China",2017,"Gross Imp.",1,30568.524,0,1
"H5","CHN","33","China","CHN","China",2018,"Gross Imp.",1,59919.074,0,1
"H5","CHN","33","China","CHN","China",2019,"Gross Imp.",1,98369.38,0,1
"H5","CHN","33","China","CHN","China",2020,"Gross Imp.",1,99493.605,0,1
"H5","CHN","33","China","CHN","China",2021,"Gross Imp.",1,140273.554,0,1
"H5","CHN","33","China","USA","United States",2017,"Gross Imp.",1,895777.471,0,1
"H5","CHN","33","China","USA","United States",2018,"Gross Imp.",1,1329647.082,0,1
"H5","CHN","33","China","USA","United States",2019,"Gross Imp.",1,1722341.731,0,1
"H5","CHN","33","China","USA","United States",2020,"Gross Imp.",1,2289552.64,0,1
"H5","CHN","33","China","USA","United States",2021,"Gross Imp.",1,2509223.646,0,1
"H5","CHN","33","China","WLD"," World",2017,"Gross Imp.",1,7658011.298,0,1
"H5","CHN","33","China","WLD"," World",2018,"Gross Imp.",1,12383030.1,0,1
"H5","CHN","33","China","WLD"," World",2019,"Gross Imp.",1,16111757.686,0,1
"H5","CHN","33","China","WLD"," World",2020,"Gross Imp.",1,20476770.916,0,1
"H5","CHN","33","China","WLD"," World",2021,"Gross Imp.",1,24068738.733,0,1
"H5","CHN","34","China","CHN","China",2017,"Gross Imp.",1,13955.938,0,1
"H5","CHN","34","China","CHN","China",2018,"Gross Imp.",1,14598.041,0,1
"H5","CHN","34","China","CHN","China",2019,"Gross Imp.",1,18065.089,0,1
"H5","CHN","34","China","CHN","China",2020,"Gross Imp.",1,17469.891,0,1
"H5","CHN","34","China","CHN","China",2021,"Gross Imp.",1,17053.534,0,1
"H5","CHN","34","China","USA","United States",2017,"Gross Imp.",1,877983.937,0,1
"H5","CHN","34","China","USA","United States",2018,"Gross Imp.",1,889700.08,0,1
"H5","CHN","34","China","USA","United States",2019,"Gross Imp.",1,746206.557,0,1
"H5","CHN","34","China","USA","United States",2020,"Gross Imp.",1,768943.764,0,1
"H5","CHN","34","China","USA","United States",2021,"Gross Imp.",1,1011758.732,0,1
"H5","CHN","34","China","WLD"," World",2017,"Gross Imp.",1,4460519.373,0,1
"H5","CHN","34","China","WLD"," World",2018,"Gross Imp.",1,4914416.988,0,1
"H5","CHN","34","China","WLD"," World",2019,"Gross Imp.",1,4751285.131,0,1
"H5","CHN","34","China","WLD"," World",2020,"Gross Imp.",1,5040073.845,0,1
"H5","CHN","34","China","WLD"," World",2021,"Gross Imp.",1,7434089.915,0,1
"H5","CHN","35","China","CHN","China",2017,"Gross Imp.",1,186058.337,0,1
"H5","CHN","35","China","CHN","China",2018,"Gross Imp.",1,156866.714,0,1
"H5","CHN","35","China","CHN","China",2019,"Gross Imp.",1,131697.298,0,1
"H5","CHN","35","China","CHN","China",2020,"Gross Imp.",1,123819.855,0,1
"H5","CHN","35","China","CHN","China",2021,"Gross Imp.",1,125014.402,0,1
"H5","CHN","35","China","USA","United States",2017,"Gross Imp.",1,488579.804,0,1
"H5","CHN","35","China","USA","United States",2018,"Gross Imp.",1,513611.578,0,1
"H5","CHN","35","China","USA","United States",2019,"Gross Imp.",1,456044.133,0,1
"H5","CHN","35","China","USA","United States",2020,"Gross Imp.",1,483461.338,0,1
"H5","CHN","35","China","USA","United States",2021,"Gross Imp.",1,561101.708,0,1
"H5","CHN","35","China","WLD"," World",2017,"Gross Imp.",1,3355159.223,0,1
"H5","CHN","35","China","WLD"," World",2018,"Gross Imp.",1,3600473.784,0,1
"H5","CHN","35","China","WLD"," World",2019,"Gross Imp.",1,3681731.23,0,1
"H5","CHN","35","China","WLD"," World",2020,"Gross Imp.",1,3923498.471,0,1
"H5","CHN","35","China","WLD"," World",2021,"Gross Imp.",1,4757999.808,0,1
"H5","CHN","36","China","CHN","China",2017,"Gross Imp.",1,23.34,0,1
"H5","CHN","36","China","CHN","China",2018,"Gross Imp.",1,34.176,0,1
"H5","CHN","36","China","CHN","China",2019,"Gross Imp.",1,43.436,0,1
"H5","CHN","36","China","CHN","China",2020,"Gross Imp.",1,1.298,0,1
"H5","CHN","36","China","CHN","China",2021,"Gross Imp.",1,0.135,0,1
"H5","CHN","36","China","USA","United States",2017,"Gross Imp.",1,58245.886,0,1
"H5","CHN","36","China","USA","United States",2018,"Gross Imp.",1,38324.058,0,1
"H5","CHN","36","China","USA","United States",2019,"Gross Imp.",1,34230.786,0,1
"H5","CHN","36","China","USA","United States",2020,"Gross Imp.",1,26604.125,0,1
"H5","CHN","36","China","USA","United States",2021,"Gross Imp.",1,27598.581,0,1
"H5","CHN","36","China","WLD"," World",2017,"Gross Imp.",1,164243.85,0,1
"H5","CHN","36","China","WLD"," World",2018,"Gross Imp.",1,139937.622,0,1
"H5","CHN","36","China","WLD"," World",2019,"Gross Imp.",1,113296.666,0,1
"H5","CHN","36","China","WLD"," World",2020,"Gross Imp.",1,93469.973,0,1
"H5","CHN","36","China","WLD"," World",2021,"Gross Imp.",1,112950.472,0,1
"H5","CHN","37","China","CHN","China",2017,"Gross Imp.",1,28817.113,0,1
"H5","CHN","37","China","CHN","China",2018,"Gross Imp.",1,24405.736,0,1
"H5","CHN","37","China","CHN","China",2019,"Gross Imp.",1,16060.703,0,1
"H5","CHN","37","China","CHN","China",2020,"Gross Imp.",1,12371.355,0,1
"H5","CHN","37","China","CHN","China",2021,"Gross Imp.",1,11887.565,0,1
"H5","CHN","37","China","USA","United States",2017,"Gross Imp.",1,510759.85,0,1
"H5","CHN","37","China","USA","United States",2018,"Gross Imp.",1,583453.174,0,1
"H5","CHN","37","China","USA","United States",2019,"Gross Imp.",1,507646.215,0,1
"H5","CHN","37","China","USA","United States",2020,"Gross Imp.",1,512493.493,0,1
"H5","CHN","37","China","USA","United States",2021,"Gross Imp.",1,595165.318,0,1
"H5","CHN","37","China","WLD"," World",2017,"Gross Imp.",1,2372879.268,0,1
"H5","CHN","37","China","WLD"," World",2018,"Gross Imp.",1,2603469.875,0,1
"H5","CHN","37","China","WLD"," World",2019,"Gross Imp.",1,2710477.597,0,1
"H5","CHN","37","China","WLD"," World",2020,"Gross Imp.",1,2898334.141,0,1
"H5","CHN","37","China","WLD"," World",2021,"Gross Imp.",1,3628240.578,0,1
"H5","CHN","38","China","CHN","China",2017,"Gross Imp.",1,195803.794,0,1
"H5","CHN","38","China","CHN","China",2018,"Gross Imp.",1,211429.66,0,1
"H5","CHN","38","China","CHN","China",2019,"Gross Imp.",1,188782.8,0,1
"H5","CHN","38","China","CHN","China",2020,"Gross Imp.",1,142434.567,0,1
"H5","CHN","38","China","CHN","China",2021,"Gross Imp.",1,181048.846,0,1
"H5","CHN","38","China","USA","United States",2017,"Gross Imp.",1,3262953.392,0,1
"H5","CHN","38","China","USA","United States",2018,"Gross Imp.",1,3820691.915,0,1
"H5","CHN","38","China","USA","United States",2019,"Gross Imp.",1,3386434.129,0,1
"H5","CHN","38","China","USA","United States",2020,"Gross Imp.",1,3832074.576,0,1
"H5","CHN","38","China","USA","United States",2021,"Gross Imp.",1,4493163.743,0,1
"H5","CHN","38","China","WLD"," World",2017,"Gross Imp.",1,15937606.743,0,1
"H5","CHN","38","China","WLD"," World",2018,"Gross Imp.",1,18070929.463,0,1
"H5","CHN","38","China","WLD"," World",2019,"Gross Imp.",1,17499909.505,0,1
"H5","CHN","38","China","WLD"," World",2020,"Gross Imp.",1,18868182.61,0,1
"H5","CHN","38","China","WLD"," World",2021,"Gross Imp.",1,24200237.851,0,1
"H5","CHN","39","China","CHN","China",2017,"Gross Imp.",1,1837368.333,0,1
"H5","CHN","39","China","CHN","China",2018,"Gross Imp.",1,1875048.006,0,1
"H5","CHN","39","China","CHN","China",2019,"Gross Imp.",1,1586474.333,0,1
"H5","CHN","39","China","CHN","China",2020,"Gross Imp.",1,1391509.889,0,1
"H5","CHN","39","China","CHN","China",2021,"Gross Imp.",1,1521102.694,0,1
"H5","CHN","39","China","USA","United States",2017,"Gross Imp.",1,6973755.601,0,1
"H5","CHN","39","China","USA","United States",2018,"Gross Imp.",1,7086207.934,0,1
"H5","CHN","39","China","USA","United States",2019,"Gross Imp.",1,6246557.673,0,1
"H5","CHN","39","China","USA","United States",2020,"Gross Imp.",1,6508322.669,0,1
"H5","CHN","39","China","USA","United States",2021,"Gross Imp.",1,7399618.743,0,1
"H5","CHN","39","China","WLD"," World",2017,"Gross Imp.",1,68929152.803,0,1
"H5","CHN","39","China","WLD"," World",2018,"Gross Imp.",1,74885268.567,0,1
"H5","CHN","39","China","WLD"," World",2019,"Gross Imp.",1,71593756.35,0,1
"H5","CHN","39","China","WLD"," World",2020,"Gross Imp.",1,71084529.26,0,1
"H5","CHN","39","China","WLD"," World",2021,"Gross Imp.",1,82808569.699,0,1
"H5","CHN","40","China","CHN","China",2017,"Gross Imp.",1,175168.316,0,1
"H5","CHN","40","China","CHN","China",2018,"Gross Imp.",1,188000.163,0,1
"H5","CHN","40","China","CHN","China",2019,"Gross Imp.",1,168446.472,0,1
"H5","CHN","40","China","CHN","China",2020,"Gross Imp.",1,156780.444,0,1
"H5","CHN","40","China","CHN","China",2021,"Gross Imp.",1,145990.746,0,1
"H5","CHN","40","China","USA","United States",2017,"Gross Imp.",1,1173797.005,0,1
"H5","CHN","40","China","USA","United States",2018,"Gross Imp.",1,1157990.367,0,1
"H5","CHN","40","China","USA","United States",2019,"Gross Imp.",1,798537.103,0,1
"H5","CHN","40","China","USA","United States",2020,"Gross Imp.",1,734307.747,0,1
"H5","CHN","40","China","USA","United States",2021,"Gross Imp.",1,725127.526,0,1
"H5","CHN","40","China","WLD"," World",2017,"Gross Imp.",1,18754065.159,0,1
"H5","CHN","40","China","WLD"," World",2018,"Gross Imp.",1,16910434.58,0,1
"H5","CHN","40","China","WLD"," World",2019,"Gross Imp.",1,15366386.547,0,1
"H5","CHN","40","China","WLD"," World",2020,"Gross Imp.",1,16130428.54,0,1
"H5","CHN","40","China","WLD"," World",2021,"Gross Imp.",1,18413429.81,0,1
"H5","CHN","41","China","CHN","China",2017,"Gross Imp.",1,57899.814,0,1
"H5","CHN","41","China","CHN","China",2018,"Gross Imp.",1,58013.402,0,1
"H5","CHN","41","China","CHN","China",2019,"Gross Imp.",1,51253.75,0,1
"H5","CHN","41","China","CHN","China",2020,"Gross Imp.",1,34973.726,0,1
"H5","CHN","41","China","CHN","China",2021,"Gross Imp.",1,50136.64,0,1
"H5","CHN","41","China","USA","United States",2017,"Gross Imp.",1,1198972.996,0,1
"H5","CHN","41","China","USA","United States",2018,"Gross Imp.",1,886453.231,0,1
"H5","CHN","41","China","USA","United States",2019,"Gross Imp.",1,563621.285,0,1
"H5","CHN","41","China","USA","United States",2020,"Gross Imp.",1,498592.797,0,1
"H5","CHN","41","China","USA","United States",2021,"Gross Imp.",1,702127.572,0,1
"H5","CHN","41","China","WLD"," World",2017,"Gross Imp.",1,5648927.066,0,1
"H5","CHN","41","China","WLD"," World",2018,"Gross Imp.",1,4778566.238,0,1
"H5","CHN","41","China","WLD"," World",2019,"Gross Imp.",1,3660015.734,0,1
"H5","CHN","41","China","WLD"," World",2020,"Gross Imp.",1,2728014.783,0,1
"H5","CHN","41","China","WLD"," World",2021,"Gross Imp.",1,3785257.074,0,1
"H5","USA","36","United States","WLD"," World",2018,"Gross Imp.",1,1012357.376,0,1
"H5","USA","36","United States","WLD"," World",2019,"Gross Imp.",1,965624.193,0,1
"H5","USA","36","United States","WLD"," World",2020,"Gross Imp.",1,857468.748,0,1
"H5","USA","36","United States","WLD"," World",2021,"Gross Imp.",1,1276966.759,0,1
"H5","USA","37","United States","CHN","China",2017,"Gross Imp.",1,39099.111,0,1
"H5","USA","37","United States","CHN","China",2018,"Gross Imp.",1,28858.4,0,1
"H5","USA","37","United States","CHN","China",2019,"Gross Imp.",1,17877.606,0,1
"H5","USA","37","United States","CHN","China",2020,"Gross Imp.",1,11480.762,0,1
"H5","USA","37","United States","CHN","China",2021,"Gross Imp.",1,14276.727,0,1
"H5","USA","37","United States","WLD"," World",2017,"Gross Imp.",1,1665644.735,0,1
"H5","USA","37","United States","WLD"," World",2018,"Gross Imp.",1,1742505.908,0,1
"H5","USA","37","United States","WLD"," World",2019,"Gross Imp.",1,1750531.001,0,1
"H5","USA","37","United States","WLD"," World",2020,"Gross Imp.",1,1519134.447,0,1
"H5","USA","37","United States","WLD"," World",2021,"Gross Imp.",1,1590308.232,0,1
"H5","USA","38","United States","CHN","China",2017,"Gross Imp.",1,1227936.169,0,1
"H5","USA","38","United States","CHN","China",2018,"Gross Imp.",1,1788830.842,0,1
"H5","USA","38","United States","CHN","China",2019,"Gross Imp.",1,1377841.981,0,1
"H5","USA","38","United States","CHN","China",2020,"Gross Imp.",1,2897602.789,0,1
"H5","USA","38","United States","CHN","China",2021,"Gross Imp.",1,2418895.815,0,1
"H5","USA","38","United States","WLD"," World",2017,"Gross Imp.",1,13830417.885,0,1
"H5","USA","38","United States","WLD"," World",2018,"Gross Imp.",1,15285439.167,0,1
"H5","USA","38","United States","WLD"," World",2019,"Gross Imp.",1,14681813.989,0,1
"H5","USA","38","United States","WLD"," World",2020,"Gross Imp.",1,18106212.379,0,1
"H5","USA","38","United States","WLD"," World",2021,"Gross Imp.",1,21960306.673,0,1
"H5","USA","39","United States","CHN","China",2017,"Gross Imp.",1,17542018.445,0,1
"H5","USA","39","United States","CHN","China",2018,"Gross Imp.",1,20604200.253,0,1
"H5","USA","39","United States","CHN","China",2019,"Gross Imp.",1,19372896.209,0,1
"H5","USA","39","United States","CHN","China",2020,"Gross Imp.",1,21937435.797,0,1
"H5","USA","39","United States","CHN","China",2021,"Gross Imp.",1,27052280.077,0,1
"H5","USA","39","United States","WLD"," World",2017,"Gross Imp.",1,54722639.703,0,1
"H5","USA","39","United States","WLD"," World",2018,"Gross Imp.",1,61847820.86,0,1
"H5","USA","39","United States","WLD"," World",2019,"Gross Imp.",1,60576462.35,0,1
"H5","USA","39","United States","WLD"," World",2020,"Gross Imp.",1,62464752.374,0,1
"H5","USA","39","United States","WLD"," World",2021,"Gross Imp.",1,82463229.142,0,1
"H5","USA","40","United States","CHN","China",2017,"Gross Imp.",1,3738274.132,0,1
"H5","USA","40","United States","CHN","China",2018,"Gross Imp.",1,4377503.573,0,1
"H5","USA","40","United States","CHN","China",2019,"Gross Imp.",1,2842573.169,0,1
"H5","USA","40","United States","CHN","China",2020,"Gross Imp.",1,2995347.974,0,1
"H5","USA","40","United States","CHN","China",2021,"Gross Imp.",1,5778347.112,0,1
"H5","USA","40","United States","WLD"," World",2017,"Gross Imp.",1,27903315.159,0,1
"H5","USA","40","United States","WLD"," World",2018,"Gross Imp.",1,29954124.746,0,1
"H5","USA","40","United States","WLD"," World",2019,"Gross Imp.",1,30083548.874,0,1
"H5","USA","40","United States","WLD"," World",2020,"Gross Imp.",1,28498125.124,0,1
"H5","USA","40","United States","WLD"," World",2021,"Gross Imp.",1,40994726.358,0,1
"H5","USA","41","United States","CHN","China",2017,"Gross Imp.",1,28058.093,0,1
"H5","USA","41","United States","CHN","China",2018,"Gross Imp.",1,28130.551,0,1
"H5","USA","41","United States","CHN","China",2019,"Gross Imp.",1,12601.119,0,1
"H5","USA","41","United States","CHN","China",2020,"Gross Imp.",1,10900.564,0,1
"H5","USA","41","United States","CHN","China",2021,"Gross Imp.",1,9722.899,0,1
"H5","USA","41","United States","WLD"," World",2017,"Gross Imp.",1,752011.566,0,1
"H5","USA","41","United States","WLD"," World",2018,"Gross Imp.",1,736147.444,0,1
"H5","USA","41","United States","WLD"," World",2019,"Gross Imp.",1,603485.454,0,1
"H5","USA","41","United States","WLD"," World",2020,"Gross Imp.",1,463777.328,0,1
"H5","USA","41","United States","WLD"," World",2021,"Gross Imp.",1,599850.45,0,1
"H5","USA","42","United States","CHN","China",2017,"Gross Imp.",1,7711136.146,0,1
"H5","USA","42","United States","CHN","China",2018,"Gross Imp.",1,7808833.03,0,1
"H5","USA","42","United States","CHN","China",2019,"Gross Imp.",1,5284680.985,0,1
"H5","USA","42","United States","CHN","China",2020,"Gross Imp.",1,3004972.791,0,1
"H5","USA","42","United States","CHN","China",2021,"Gross Imp.",1,3898288.887,0,1
"H5","USA","42","United States","WLD"," World",2017,"Gross Imp.",1,13475025.053,0,1
"H5","USA","42","United States","WLD"," World",2018,"Gross Imp.",1,14374673.549,0,1
"H5","USA","42","United States","WLD"," World",2019,"Gross Imp.",1,13288144.84,0,1
"H5","USA","42","United States","WLD"," World",2020,"Gross Imp.",1,10183951.543,0,1
"H5","USA","42","United States","WLD"," World",2021,"Gross Imp.",1,13950552.972,0,1
"H5","USA","43","United States","CHN","China",2017,"Gross Imp.",1,80377.352,0,1
"H5","USA","43","United States","CHN","China",2018,"Gross Imp.",1,76055.184,0,1
"H5","USA","43","United States","CHN","China",2019,"Gross Imp.",1,39764.297,0,1
"H5","USA","43","United States","CHN","China",2020,"Gross Imp.",1,19330.24,0,1
"H5","USA","43","United States","CHN","China",2021,"Gross Imp.",1,25341.616,0,1
"H5","USA","43","United States","WLD"," World",2017,"Gross Imp.",1,293578.259,0,1
"H5","USA","43","United States","WLD"," World",2018,"Gross Imp.",1,234268.852,0,1
"H5","USA","43","United States","WLD"," World",2019,"Gross Imp.",1,210381.315,0,1
"H5","USA","43","United States","WLD"," World",2020,"Gross Imp.",1,147631.252,0,1
"H5","USA","43","United States","WLD"," World",2021,"Gross Imp.",1,183132.462,0,1
"H5","USA","44","United States","CHN","China",2017,"Gross Imp.",1,4275732.296,0,1
"H5","USA","44","United States","CHN","China",2018,"Gross Imp.",1,4453119.104,0,1
"H5","USA","44","United States","CHN","China",2019,"Gross Imp.",1,3137455.536,0,1
"H5","USA","44","United States","CHN","China",2020,"Gross Imp.",1,2703060.469,0,1
"H5","USA","44","United States","CHN","China",2021,"Gross Imp.",1,3366962.829,0,1
"H5","USA","44","United States","WLD"," World",2017,"Gross Imp.",1,21103061.77,0,1
"H5","USA","44","United States","WLD"," World",2018,"Gross Imp.",1,22606014.659,0,1
"H5","USA","44","United States","WLD"," World",2019,"Gross Imp.",1,19304575.404,0,1
"H5","USA","44","United States","WLD"," World",2020,"Gross Imp.",1,22602491.987,0,1
"H5","USA","44","United States","WLD"," World",2021,"Gross Imp.",1,35544182.266,0,1
"H5","USA","45","United States","CHN","China",2017,"Gross Imp.",1,27874.201,0,1
"H5","USA","45","United States","CHN","China",2018,"Gross Imp.",1,25561.779,0,1
"H5","USA","45","United States","CHN","China",2019,"Gross Imp.",1,20301.733,0,1
"H5","USA","45","United States","CHN","China",2020,"Gross Imp.",1,16458.045,0,1
"H5","USA","45","United States","CHN","China",2021,"Gross Imp.",1,18427.975,0,1
"H5","USA","45","United States","WLD"," World",2017,"Gross Imp.",1,271965.962,0,1
"H5","USA","45","United States","WLD"," World",2018,"Gross Imp.",1,295504.982,0,1
"H5","USA","45","United States","WLD"," World",2019,"Gross Imp.",1,282376.733,0,1
"H5","USA","45","United States","WLD"," World",2020,"Gross Imp.",1,290354.474,0,1
"H5","USA","45","United States","WLD"," World",2021,"Gross Imp.",1,320037.211,0,1
"H5","USA","46","United States","CHN","China",2017,"Gross Imp.",1,337034.763,0,1
"H5","USA","46","United States","CHN","China",2018,"Gross Imp.",1,364704.852,0,1
"H5","USA","46","United States","CHN","China",2019,"Gross Imp.",1,278613.606,0,1
"H5","USA","46","United States","CHN","China",2020,"Gross Imp.",1,261853.851,0,1
"H5","USA","46","United States","CHN","China",2021,"Gross Imp.",1,356428.799,0,1
"H5","USA","46","United States","WLD"," World",2017,"Gross Imp.",1,578628.496,0,1
"H5","USA","46","United States","WLD"," World",2018,"Gross Imp.",1,639897.695,0,1
"H5","USA","46","United States","WLD"," World",2019,"Gross Imp.",1,640192.348,0,1
"H5","USA","46","United States","WLD"," World",2020,"Gross Imp.",1,596878.061,0,1
"H5","USA","46","United States","WLD"," World",2021,"Gross Imp.",1,873654.159,0,1
"H5","USA","47","United States","CHN","China",2017,"Gross Imp.",1,8144.793,0,1
"H5","USA","47","United States","CHN","China",2018,"Gross Imp.",1,7602.829,0,1
"H5","USA","47","United States","CHN","China",2019,"Gross Imp.",1,5774.767,0,1
"H5","USA","47","United States","CHN","China",2020,"Gross Imp.",1,4495.056,0,1
"H5","USA","47","United States","CHN","China",2021,"Gross Imp.",1,2893.111,0,1
"H5","USA","47","United States","WLD"," World",2017,"Gross Imp.",1,3301617.736,0,1
"H5","USA","47","United States","WLD"," World",2018,"Gross Imp.",1,3910716.916,0,1
"H5","USA","47","United States","WLD"," World",2019,"Gross Imp.",1,3591209.489,0,1
"H5","USA","47","United States","WLD"," World",2020,"Gross Imp.",1,3114131.67,0,1
"H5","USA","47","United States","WLD"," World",2021,"Gross Imp.",1,4183716.204,0,1
"H5","USA","48","United States","CHN","China",2017,"Gross Imp.",1,3592679.945,0,1
"H5","USA","48","United States","CHN","China",2018,"Gross Imp.",1,3962357.841,0,1
"H5","USA","48","United States","CHN","China",2019,"Gross Imp.",1,3188044.051,0,1
"H5","USA","48","United States","CHN","China",2020,"Gross Imp.",1,2629186.177,0,1
"H5","USA","48","United States","CHN","China",2021,"Gross Imp.",1,3028549.584,0,1
"H5","USA","48","United States","WLD"," World",2017,"Gross Imp.",1,16370537.018,0,1
"H5","USA","48","United States","WLD"," World",2018,"Gross Imp.",1,18092217.082,0,1
"H5","USA","48","United States","WLD"," World",2019,"Gross Imp.",1,17332675.674,0,1
"H5","USA","48","United States","WLD"," World",2020,"Gross Imp.",1,15686858.747,0,1
"H5","USA","48","United States","WLD"," World",2021,"Gross Imp.",1,17766302.588,0,1
"H5","USA","49","United States","CHN","China",2017,"Gross Imp.",1,2301322.655,0,1
"H5","USA","49","United States","CHN","China",2018,"Gross Imp.",1,2452302.206,0,1
"H5","USA","49","United States","CHN","China",2019,"Gross Imp.",1,2610260.97,0,1
"H5","USA","49","United States","CHN","China",2020,"Gross Imp.",1,1983267.168,0,1
"H5","USA","49","United States","CHN","China",2021,"Gross Imp.",1,2532183.693,0,1
"H5","USA","49","United States","WLD"," World",2017,"Gross Imp.",1,4610304.529,0,1
"H5","USA","49","United States","WLD"," World",2018,"Gross Imp.",1,4815563.474,0,1
"H5","USA","49","United States","WLD"," World",2019,"Gross Imp.",1,4932885.439,0,1
"H5","USA","49","United States","WLD"," World",2020,"Gross Imp.",1,4026797.387,0,1
"H5","USA","49","United States","WLD"," World",2021,"Gross Imp.",1,5088013.587,0,1
"H5","USA","50","United States","CHN","China",2017,"Gross Imp.",1,22902.249,0,1
"H5","USA","50","United States","CHN","China",2018,"Gross Imp.",1,24103.063,0,1
"H5","USA","50","United States","CHN","China",2019,"Gross Imp.",1,12737.789,0,1
"H5","USA","50","United States","CHN","China",2020,"Gross Imp.",1,16588.458,0,1
"H5","USA","50","United States","CHN","China",2021,"Gross Imp.",1,9700.207,0,1
"H5","USA","50","United States","WLD"," World",2017,"Gross Imp.",1,84601.364,0,1
"H5","USA","50","United States","WLD"," World",2018,"Gross Imp.",1,87475.539,0,1
"H5","USA","50","United States","WLD"," World",2019,"Gross Imp.",1,72359.912,0,1
"H5","USA","50","United States","WLD"," World",2020,"Gross Imp.",1,50716.803,0,1
"H5","USA","50","United States","WLD"," World",2021,"Gross Imp.",1,52979.533,0,1
"H5","USA","51","United States","CHN","China",2017,"Gross Imp.",1,22553.797,0,1
"H5","USA","51","United States","CHN","China",2018,"Gross Imp.",1,25921.812,0,1
"H5","USA","51","United States","CHN","China",2019,"Gross Imp.",1,9308.872,0,1
"H5","USA","51","United States","CHN","China",2020,"Gross Imp.",1,5470.739,0,1
"H5","USA","51","United States","CHN","China",2021,"Gross Imp.",1,8053.157,0,1
"H5","USA","51","United States","WLD"," World",2017,"Gross Imp.",1,274072.132,0,1
"H5","USA","51","United States","WLD"," World",2018,"Gross Imp.",1,287350.817,0,1
"H5","USA","51","United States","WLD"," World",2019,"Gross Imp.",1,273102.583,0,1
"H5","USA","51","United States","WLD"," World",2020,"Gross Imp.",1,201297.265,0,1
"H5","USA","51","United States","WLD"," World",2021,"Gross Imp.",1,260973.863,0,1
"H5","USA","52","United States","CHN","China",2017,"Gross Imp.",1,236102.071,0,1
"H5","USA","52","United States","CHN","China",2018,"Gross Imp.",1,248189.185,0,1
"H5","USA","52","United States","CHN","China",2019,"Gross Imp.",1,155110.126,0,1
"H5","USA","52","United States","CHN","China",2020,"Gross Imp.",1,155015.52,0,1
"H5","USA","52","United States","CHN","China",2021,"Gross Imp.",1,86192.468,0,1
"H5","USA","52","United States","WLD"," World",2017,"Gross Imp.",1,938251.211,0,1
"H5","USA","52","United States","WLD"," World",2018,"Gross Imp.",1,961088.851,0,1
"H5","USA","52","United States","WLD"," World",2019,"Gross Imp.",1,863345.043,0,1
"H5","USA","52","United States","WLD"," World",2020,"Gross Imp.",1,906751.15,0,1
"H5","USA","52","United States","WLD"," World",2021,"Gross Imp.",1,985090.159,0,1
"H5","USA","53","United States","CHN","China",2017,"Gross Imp.",1,38394.789,0,1
"H5","USA","53","United States","CHN","China",2018,"Gross Imp.",1,37845.908,0,1
"H5","USA","53","United States","CHN","China",2019,"Gross Imp.",1,26805.084,0,1
"H5","USA","53","United States","CHN","China",2020,"Gross Imp.",1,18695.66,0,1
"H5","USA","53","United States","CHN","China",2021,"Gross Imp.",1,25289.228,0,1
"H5","USA","53","United States","WLD"," World",2017,"Gross Imp.",1,237228.824,0,1
"H5","USA","53","United States","WLD"," World",2018,"Gross Imp.",1,244684.107,0,1
"H5","USA","53","United States","WLD"," World",2019,"Gross Imp.",1,228838.184,0,1
"H5","USA","53","United States","WLD"," World",2020,"Gross Imp.",1,232239.032,0,1
"H5","USA","53","United States","WLD"," World",2021,"Gross Imp.",1,339871.683,0,1
"H5","USA","54","United States","CHN","China",2017,"Gross Imp.",1,554049.599,0,1
"H5","USA","54","United States","CHN","China",2018,"Gross Imp.",1,681252.431,0,1
"H5","USA","54","United States","CHN","China",2019,"Gross Imp.",1,398110.565,0,1
"H5","USA","54","United States","CHN","China",2020,"Gross Imp.",1,292040.497,0,1
"H5","USA","54","United States","CHN","China",2021,"Gross Imp.",1,355886.848,0,1
"H5","USA","54","United States","WLD"," World",2017,"Gross Imp.",1,2154697.12,0,1
"H5","USA","54","United States","WLD"," World",2018,"Gross Imp.",1,2370768.962,0,1
"H5","USA","54","United States","WLD"," World",2019,"Gross Imp.",1,2145955.266,0,1
"H5","USA","54","United States","WLD"," World",2020,"Gross Imp.",1,1785653.296,0,1
"H5","USA","54","United States","WLD"," World",2021,"Gross Imp.",1,2249786.332,0,1
"H5","USA","55","United States","CHN","China",2017,"Gross Imp.",1,467602.405,0,1
"H5","USA","55","United States","CHN","China",2018,"Gross Imp.",1,517351.821,0,1
"H5","USA","55","United States","CHN","China",2019,"Gross Imp.",1,311976.485,0,1
"H5","USA","55","United States","CHN","China",2020,"Gross Imp.",1,235903.36,0,1
"H5","USA","55","United States","CHN","China",2021,"Gross Imp.",1,256823.826,0,1
"H5","USA","55","United States","WLD"," World",2017,"Gross Imp.",1,1735974.272,0,1
"H5","USA","55","United States","WLD"," World",2018,"Gross Imp.",1,1885047.929,0,1
"H5","USA","55","United States","WLD"," World",2019,"Gross Imp.",1,1740762.727,0,1
"H5","USA","55","United States","WLD"," World",2020,"Gross Imp.",1,1499914.795,0,1
"H5","USA","55","United States","WLD"," World",2021,"Gross Imp.",1,1938848.868,0,1
"H5","USA","56","United States","CHN","China",2017,"Gross Imp.",1,654149.407,0,1
"H5","USA","56","United States","CHN","China",2018,"Gross Imp.",1,768969.068,0,1
"H5","USA","56","United States","CHN","China",2019,"Gross Imp.",1,608004.457,0,1
"H5","USA","56","United States","CHN","China",2020,"Gross Imp.",1,988887.683,0,1
"H5","USA","56","United States","CHN","China",2021,"Gross Imp.",1,936760.126,0,1
"H5","USA","56","United States","WLD"," World",2017,"Gross Imp.",1,2223534.957,0,1
"H5","USA","56","United States","WLD"," World",2018,"Gross Imp.",1,2513629.326,0,1
"H5","USA","56","United States","WLD"," World",2019,"Gross Imp.",1,2512174.655,0,1
"H5","USA","56","United States","WLD"," World",2020,"Gross Imp.",1,3096342.455,0,1
"H5","USA","56","United States","WLD"," World",2021,"Gross Imp.",1,3406427.598,0,1
"H5","USA","57","United States","CHN","China",2017,"Gross Imp.",1,647481.579,0,1
"H5","USA","57","United States","CHN","China",2018,"Gross Imp.",1,788767.053,0,1
"H5","USA","57","United States","CHN","China",2019,"Gross Imp.",1,528128.081,0,1
"H5","USA","57","United States","CHN","China",2020,"Gross Imp.",1,412864.747,0,1
"H5","USA","57","United States","CHN","China",2021,"Gross Imp.",1,524836.987,0,1
"H5","USA","57","United States","WLD"," World",2017,"Gross Imp.",1,2903801.888,0,1
"H5","USA","57","United States","WLD"," World",2018,"Gross Imp.",1,3256226.228,0,1
"H5","USA","57","United States","WLD"," World",2019,"Gross Imp.",1,3053757.035,0,1
"H5","USA","57","United States","WLD"," World",2020,"Gross Imp.",1,3095600.238,0,1
"H5","USA","57","United States","WLD"," World",2021,"Gross Imp.",1,4222670.377,0,1
"H5","USA","58","United States","CHN","China",2017,"Gross Imp.",1,310254.572,0,1
"H5","USA","58","United States","CHN","China",2018,"Gross Imp.",1,319323.986,0,1
"H5","USA","58","United States","CHN","China",2019,"Gross Imp.",1,263212.87,0,1
"H5","USA","58","United States","CHN","China",2020,"Gross Imp.",1,244887.727,0,1
"H5","USA","58","United States","CHN","China",2021,"Gross Imp.",1,297474.379,0,1
"H5","USA","58","United States","WLD"," World",2017,"Gross Imp.",1,762236.476,0,1
"H5","USA","58","United States","WLD"," World",2018,"Gross Imp.",1,795204.582,0,1
"H5","USA","58","United States","WLD"," World",2019,"Gross Imp.",1,752197.203,0,1
"H5","USA","58","United States","WLD"," World",2020,"Gross Imp.",1,673556.196,0,1
"H5","USA","58","United States","WLD"," World",2021,"Gross Imp.",1,857523.353,0,1
"H5","USA","59","United States","CHN","China",2017,"Gross Imp.",1,555061.804,0,1
"H5","USA","59","United States","CHN","China",2018,"Gross Imp.",1,664939.214,0,1
"H5","USA","59","United States","CHN","China",2019,"Gross Imp.",1,459658.562,0,1
"H5","USA","59","United States","CHN","China",2020,"Gross Imp.",1,370690.799,0,1
"H5","USA","59","United States","CHN","China",2021,"Gross Imp.",1,465636.519,0,1
"H5","USA","59","United States","WLD"," World",2017,"Gross Imp.",1,2670418.139,0,1
"H5","USA","59","United States","WLD"," World",2018,"Gross Imp.",1,2899735.73,0,1
"H5","USA","59","United States","WLD"," World",2019,"Gross Imp.",1,2761767.631,0,1
"H5","USA","59","United States","WLD"," World",2020,"Gross Imp.",1,2429597.658,0,1
"H5","USA","59","United States","WLD"," World",2021,"Gross Imp.",1,3109198.596,0,1
"H5","USA","60","United States","CHN","China",2017,"Gross Imp.",1,470498.442,0,1
"H5","USA","60","United States","CHN","China",2018,"Gross Imp.",1,467356.55,0,1
"H5","USA","60","United States","CHN","China",2019,"Gross Imp.",1,339196.768,0,1
"H5","USA","60","United States","CHN","China",2020,"Gross Imp.",1,286052.469,0,1
"H5","USA","60","United States","CHN","China",2021,"Gross Imp.",1,318583.731,0,1
"H5","USA","60","United States","WLD"," World",2017,"Gross Imp.",1,1048187.21,0,1
"H5","USA","60","United States","WLD"," World",2018,"Gross Imp.",1,1088145.625,0,1
"H5","USA","60","United States","WLD"," World",2019,"Gross Imp.",1,966005.063,0,1
"H5","USA","60","United States","WLD"," World",2020,"Gross Imp.",1,882050.498,0,1
"H5","USA","60","United States","WLD"," World",2021,"Gross Imp.",1,1092835.517,0,1
"H5","USA","61","United States","CHN","China",2017,"Gross Imp.",1,14884551.494,0,1
"H5","USA","61","United States","CHN","China",2018,"Gross Imp.",1,15386553.651,0,1
"H5","USA","61","United States","CHN","China",2019,"Gross Imp.",1,14184120.764,0,1
"H5","USA","61","United States","CHN","China",2020,"Gross Imp.",1,9352063.324,0,1
"H5","USA","61","United States","CHN","China",2021,"Gross Imp.",1,13078430.785,0,1
"H5","USA","61","United States","WLD"," World",2017,"Gross Imp.",1,45748924.363,0,1
"H5","USA","61","United States","WLD"," World",2018,"Gross Imp.",1,47698335.626,0,1
"H5","USA","61","United States","WLD"," World",2019,"Gross Imp.",1,48241179.417,0,1
"H5","USA","61","United States","WLD"," World",2020,"Gross Imp.",1,38263896.504,0,1
"H5","USA","61","United States","WLD"," World",2021,"Gross Imp.",1,52283427.843,0,1
"H5","USA","62","United States","CHN","China",2017,"Gross Imp.",1,13508851.929,0,1
"H5","USA","62","United States","CHN","China",2018,"Gross Imp.",1,13441021.436,0,1
"H5","USA","62","United States","CHN","China",2019,"Gross Imp.",1,12212582.356,0,1
"H5","USA","62","United States","CHN","China",2020,"Gross Imp.",1,10193305.895,0,1
"H5","USA","62","United States","CHN","China",2021,"Gross Imp.",1,8924111.707,0,1
"H5","USA","62","United States","WLD"," World",2017,"Gross Imp.",1,37807716.274,0,1
"H5","USA","62","United States","WLD"," World",2018,"Gross Imp.",1,39029999.093,0,1
"H5","USA","62","United States","WLD"," World",2019,"Gross Imp.",1,39281623.129,0,1
"H5","USA","62","United States","WLD"," World",2020,"Gross Imp.",1,32923447.949,0,1
"H5","USA","62","United States","WLD"," World",2021,"Gross Imp.",1,35064055.539,0,1
"H5","USA","63","United States","CHN","China",2017,"Gross Imp.",1,8415209.505,0,1
"H5","USA","63","United States","CHN","China",2018,"Gross Imp.",1,9031580.79,0,1
"H5","USA","63","United States","CHN","China",2019,"Gross Imp.",1,9484306.649,0,1
"H5","USA","63","United States","CHN","China",2020,"Gross Imp.",1,22256728.366,0,1
"H5","USA","63","United States","CHN","China",2021,"Gross Imp.",1,12073299.559,0,1
"H5","USA","63","United States","WLD"," World",2017,"Gross Imp.",1,15347600.107,0,1
"H5","USA","63","United States","WLD"," World",2018,"Gross Imp.",1,16251686.756,0,1
"H5","USA","63","United States","WLD"," World",2019,"Gross Imp.",1,16870810.223,0,1
"H5","USA","63","United States","WLD"," World",2020,"Gross Imp.",1,31080077.816,0,1
"H5","USA","63","United States","WLD"," World",2021,"Gross Imp.",1,22051827.166,0,1
"H5","USA","64","United States","CHN","China",2017,"Gross Imp.",1,14837740.065,0,1
"H5","USA","64","United States","CHN","China",2018,"Gross Imp.",1,14642337.832,0,1
"H5","USA","64","United States","CHN","China",2019,"Gross Imp.",1,14042804.665,0,1
"H5","USA","64","United States","CHN","China",2020,"Gross Imp.",1,9157629.74,0,1
"H5","USA","64","United States","CHN","China",2021,"Gross Imp.",1,12292908.454,0,1
"H5","USA","64","United States","WLD"," World",2017,"Gross Imp.",1,26607286.687,0,1
"H5","USA","64","United States","WLD"," World",2018,"Gross Imp.",1,27543109.819,0,1
"H5","USA","64","United States","WLD"," World",2019,"Gross Imp.",1,28192905.999,0,1
"H5","USA","64","United States","WLD"," World",2020,"Gross Imp.",1,21509715.49,0,1
"H5","USA","64","United States","WLD"," World",2021,"Gross Imp.",1,28644840.621,0,1
"H5","USA","65","United States","CHN","China",2017,"Gross Imp.",1,1601818.287,0,1
"H5","USA","65","United States","CHN","China",2018,"Gross Imp.",1,1713107.488,0,1
"H5","USA","65","United States","CHN","China",2019,"Gross Imp.",1,1443701.153,0,1
"H5","USA","65","United States","CHN","China",2020,"Gross Imp.",1,1136446.579,0,1
"H5","USA","65","United States","CHN","China",2021,"Gross Imp.",1,1467909.749,0,1
"H5","USA","65","United States","WLD"," World",2017,"Gross Imp.",1,2491389.124,0,1
"H5","USA","65","United States","WLD"," World",2018,"Gross Imp.",1,2714135.947,0,1
"H5","USA","65","United States","WLD"," World",2019,"Gross Imp.",1,2633760.661,0,1
"H5","USA","65","United States","WLD"," World",2020,"Gross Imp.",1,2315221.003,0,1
"H5","USA","65","United States","WLD"," World",2021,"Gross Imp.",1,3057748.411,0,1
"H5","USA","66","United States","CHN","China",2017,"Gross Imp.",1,616316.49,0,1
"H5","USA","66","United States","CHN","China",2018,"Gross Imp.",1,617075.874,0,1
"H5","USA","66","United States","CHN","China",2019,"Gross Imp.",1,633109.535,0,1
"H5","USA","66","United States","CHN","China",2020,"Gross Imp.",1,534697.637,0,1
"H5","USA","66","United States","CHN","China",2021,"Gross Imp.",1,735767.947,0,1
"H5","USA","66","United States","WLD"," World",2017,"Gross Imp.",1,662710.44,0,1
"H5","USA","66","United States","WLD"," World",2018,"Gross Imp.",1,665040.146,0,1
"H5","USA","66","United States","WLD"," World",2019,"Gross Imp.",1,683078.548,0,1
"H5","USA","66","United States","WLD"," World",2020,"Gross Imp.",1,575649.501,0,1
"H5","USA","66","United States","WLD"," World",2021,"Gross Imp.",1,791086.386,0,1
"H5","USA","67","United States","CHN","China",2017,"Gross Imp.",1,1710095.706,0,1
"H5","USA","67","United States","CHN","China",2018,"Gross Imp.",1,1928392.721,0,1
"H5","USA","67","United States","CHN","China",2019,"Gross Imp.",1,2130223.846,0,1
"H5","USA","67","United States","CHN","China",2020,"Gross Imp.",1,1718843.675,0,1
"H5","USA","67","United States","CHN","China",2021,"Gross Imp.",1,2646276.025,0,1
"H5","USA","67","United States","WLD"," World",2017,"Gross Imp.",1,2278802.546,0,1
"H5","USA","67","United States","WLD"," World",2018,"Gross Imp.",1,2513508.515,0,1
"H5","USA","67","United States","WLD"," World",2019,"Gross Imp.",1,2673585.538,0,1
"H5","USA","67","United States","WLD"," World",2020,"Gross Imp.",1,2221030.357,0,1
"H5","USA","67","United States","WLD"," World",2021,"Gross Imp.",1,3336421.451,0,1
"H5","USA","68","United States","CHN","China",2017,"Gross Imp.",1,2124657.733,0,1
"H5","USA","68","United States","CHN","China",2018,"Gross Imp.",1,2390359.129,0,1
"H5","USA","68","United States","CHN","China",2019,"Gross Imp.",1,1203986.133,0,1
"H5","USA","68","United States","CHN","China",2020,"Gross Imp.",1,1026999.271,0,1
"H5","USA","68","United States","CHN","China",2021,"Gross Imp.",1,1332852.919,0,1
"H5","USA","68","United States","WLD"," World",2017,"Gross Imp.",1,8399894.663,0,1
"H5","USA","68","United States","WLD"," World",2018,"Gross Imp.",1,8881315.118,0,1
"H5","USA","68","United States","WLD"," World",2019,"Gross Imp.",1,8526274.091,0,1
"H5","USA","68","United States","WLD"," World",2020,"Gross Imp.",1,8024542.912,0,1
"H5","USA","68","United States","WLD"," World",2021,"Gross Imp.",1,10330506.924,0,1
"H5","USA","69","United States","CHN","China",2017,"Gross Imp.",1,2612215.712,0,1
"H5","USA","69","United States","CHN","China",2018,"Gross Imp.",1,2955891.405,0,1
"H5","USA","69","United States","CHN","China",2019,"Gross Imp.",1,2743398.641,0,1
"H5","USA","69","United States","CHN","China",2020,"Gross Imp.",1,2090952.466,0,1
"H5","USA","69","United States","CHN","China",2021,"Gross Imp.",1,2935268.348,0,1
"H5","USA","69","United States","WLD"," World",2017,"Gross Imp.",1,6655369.487,0,1
"H5","USA","69","United States","WLD"," World",2018,"Gross Imp.",1,7188847.776,0,1
"H5","USA","69","United States","WLD"," World",2019,"Gross Imp.",1,7007824.672,0,1
"H5","USA","69","United States","WLD"," World",2020,"Gross Imp.",1,6338259.422,0,1
"H5","USA","69","United States","WLD"," World",2021,"Gross Imp.",1,8366256.529,0,1
"H5","USA","70","United States","CHN","China",2017,"Gross Imp.",1,3225153.487,0,1
"H5","USA","70","United States","CHN","China",2018,"Gross Imp.",1,3682540.114,0,1
"H5","USA","70","United States","CHN","China",2019,"Gross Imp.",1,3025118.99,0,1
"H5","USA","70","United States","CHN","China",2020,"Gross Imp.",1,2557410.429,0,1
"H5","USA","70","United States","CHN","China",2021,"Gross Imp.",1,3379434.867,0,1
"H5","USA","70","United States","WLD"," World",2017,"Gross Imp.",1,7933153.1,0,1
"H5","USA","70","United States","WLD"," World",2018,"Gross Imp.",1,8712064.675,0,1
"H5","USA","70","United States","WLD"," World",2019,"Gross Imp.",1,8150759.374,0,1
"H5","USA","70","United States","WLD"," World",2020,"Gross Imp.",1,7481679.042,0,1
"H5","USA","70","United States","WLD"," World",2021,"Gross Imp.",1,9490683.422,0,1
"H5","USA","71","United States","CHN","China",2017,"Gross Imp.",1,2957190.694,0,1
"H5","USA","71","United States","CHN","China",2018,"Gross Imp.",1,3137377.457,0,1
"H5","USA","71","United States","CHN","China",2019,"Gross Imp.",1,2704622.031,0,1
"H5","USA","71","United States","CHN","China",2020,"Gross Imp.",1,1320894.751,0,1
"H5","USA","71","United States","CHN","China",2021,"Gross Imp.",1,1943567.477,0,1
"H5","USA","71","United States","WLD"," World",2017,"Gross Imp.",1,58779047.269,0,1
"H5","USA","71","United States","WLD"," World",2018,"Gross Imp.",1,59833690.496,0,1
"H5","USA","71","United States","WLD"," World",2019,"Gross Imp.",1,57168219.46,0,1
"H5","USA","71","United States","WLD"," World",2020,"Gross Imp.",1,104819659.766,0,1
"H5","USA","71","United States","WLD"," World",2021,"Gross Imp.",1,91899738.975,0,1
"H5","USA","72","United States","CHN","China",2017,"Gross Imp.",1,681416.428,0,1
"H5","USA","72","United States","CHN","China",2018,"Gross Imp.",1,697393.169,0,1
"H5","USA","72","United States","CHN","China",2019,"Gross Imp.",1,536866.314,0,1
"H5","USA","72","United States","CHN","China",2020,"Gross Imp.",1,340912.683,0,1
"H5","USA","72","United States","CHN","China",2021,"Gross Imp.",1,599922.796,0,1
"H5","USA","72","United States","WLD"," World",2017,"Gross Imp.",1,28816847.585,0,1
"H5","USA","72","United States","WLD"," World",2018,"Gross Imp.",1,31096551.899,0,1
"H5","USA","72","United States","WLD"," World",2019,"Gross Imp.",1,24617009.608,0,1
"H5","USA","72","United States","WLD"," World",2020,"Gross Imp.",1,18805282.391,0,1
"H5","USA","72","United States","WLD"," World",2021,"Gross Imp.",1,38901861.997,0,1
"H5","USA","73","United States","CHN","China",2017,"Gross Imp.",1,12480779.659,0,1
"H5","USA","73","United States","CHN","China",2018,"Gross Imp.",1,14185257.279,0,1
"H5","USA","73","United States","CHN","China",2019,"Gross Imp.",1,11894238.169,0,1
"H5","USA","73","United States","CHN","China",2020,"Gross Imp.",1,11577858.873,0,1
"H5","USA","73","United States","CHN","China",2021,"Gross Imp.",1,15399300.317,0,1
"H5","USA","73","United States","WLD"," World",2017,"Gross Imp.",1,39124653.65,0,1
"H5","USA","73","United States","WLD"," World",2018,"Gross Imp.",1,43251679.799,0,1
"H5","USA","73","United States","WLD"," World",2019,"Gross Imp.",1,41126391.48,0,1
"H5","USA","73","United States","WLD"," World",2020,"Gross Imp.",1,36078629.359,0,1
"H5","USA","73","United States","WLD"," World",2021,"Gross Imp.",1,48000232.989,0,1
"H5","USA","74","United States","CHN","China",2017,"Gross Imp.",1,557189.347,0,1
"H5","USA","74","United States","CHN","China",2018,"Gross Imp.",1,653655.705,0,1
"H5","USA","74","United States","CHN","China",2019,"Gross Imp.",1,495307.573,0,1
"H5","USA","74","United States","CHN","China",2020,"Gross Imp.",1,395145.312,0,1
"H5","USA","74","United States","CHN","China",2021,"Gross Imp.",1,587532.184,0,1
"H5","USA","74","United States","WLD"," World",2017,"Gross Imp.",1,10100351.786,0,1
"H5","USA","74","United States","WLD"," World",2018,"Gross Imp.",1,10958953.651,0,1
"H5","USA","74","United States","WLD"," World",2019,"Gross Imp.",1,9623137.45,0,1
"H5","USA","74","United States","WLD"," World",2020,"Gross Imp.",1,9063582.435,0,1
"H5","USA","74","United States","WLD"," World",2021,"Gross Imp.",1,16222914.773,0,1
"H5","USA","75","United States","CHN","China",2017,"Gross Imp.",1,54254.32,0,1
"H5","USA","75","United States","CHN","China",2018,"Gross Imp.",1,67497.448,0,1
"H5","USA","75","United States","CHN","China",2019,"Gross Imp.",1,40452.289,0,1
"H5","USA","75","United States","CHN","China",2020,"Gross Imp.",1,31753.035,0,1
"H5","USA","75","United States","CHN","China",2021,"Gross Imp.",1,27117.747,0,1
"H5","USA","75","United States","WLD"," World",2017,"Gross Imp.",1,2419698.673,0,1
"H5","USA","75","United States","WLD"," World",2018,"Gross Imp.",1,2951799.826,0,1
"H5","USA","75","United States","WLD"," World",2019,"Gross Imp.",1,2928596.398,0,1
"H5","USA","75","United States","WLD"," World",2020,"Gross Imp.",1,2383196.303,0,1
"H5","USA","75","United States","WLD"," World",2021,"Gross Imp.",1,2714152.469,0,1
"H5","USA","76","United States","CHN","China",2017,"Gross Imp.",1,3541544.925,0,1
"H5","USA","76","United States","CHN","China",2018,"Gross Imp.",1,2998424.634,0,1
"H5","USA","76","United States","CHN","China",2019,"Gross Imp.",1,2500059.622,0,1
"H5","USA","76","United States","CHN","China",2020,"Gross Imp.",1,2540644.958,0,1
"H5","USA","76","United States","CHN","China",2021,"Gross Imp.",1,3660743.107,0,1
"H5","USA","76","United States","WLD"," World",2017,"Gross Imp.",1,23380915.146,0,1
"H5","USA","76","United States","WLD"," World",2018,"Gross Imp.",1,24244391.713,0,1
"H5","USA","76","United States","WLD"," World",2019,"Gross Imp.",1,22290705.914,0,1
"H5","USA","76","United States","WLD"," World",2020,"Gross Imp.",1,19071781.73,0,1
"H5","USA","76","United States","WLD"," World",2021,"Gross Imp.",1,28704885.661,0,1
"H5","USA","78","United States","CHN","China",2017,"Gross Imp.",1,4673.891,0,1
"H5","USA","78","United States","CHN","China",2018,"Gross Imp.",1,5034.977,0,1
"H5","USA","78","United States","CHN","China",2019,"Gross Imp.",1,8347.213,0,1
"H5","USA","78","United States","CHN","China",2020,"Gross Imp.",1,12100.089,0,1
"H5","USA","78","United States","CHN","China",2021,"Gross Imp.",1,58219.877,0,1
"H5","USA","78","United States","WLD"," World",2017,"Gross Imp.",1,1558742.658,0,1
"H5","USA","78","United States","WLD"," World",2018,"Gross Imp.",1,1346829.331,0,1
"H5","USA","78","United States","WLD"," World",2019,"Gross Imp.",1,1081267.369,0,1
"H5","USA","78","United States","WLD"," World",2020,"Gross Imp.",1,777653.93,0,1
"H5","USA","78","United States","WLD"," World",2021,"Gross Imp.",1,1462239.963,0,1
"H5","USA","79","United States","CHN","China",2017,"Gross Imp.",1,141984.658,0,1
"H5","USA","79","United States","CHN","China",2018,"Gross Imp.",1,141919.256,0,1
"H5","USA","79","United States","CHN","China",2019,"Gross Imp.",1,136199.832,0,1
"H5","USA","79","United States","CHN","China",2020,"Gross Imp.",1,115235.578,0,1
"H5","USA","79","United States","CHN","China",2021,"Gross Imp.",1,147695.348,0,1
"H5","USA","79","United States","WLD"," World",2017,"Gross Imp.",1,2233003.548,0,1
"H5","USA","79","United States","WLD"," World",2018,"Gross Imp.",1,2599063.154,0,1
"H5","USA","79","United States","WLD"," World",2019,"Gross Imp.",1,2415735.768,0,1
"H5","USA","79","United States","WLD"," World",2020,"Gross Imp.",1,2192580.66,0,1
"H5","USA","79","United States","WLD"," World",2021,"Gross Imp.",1,2323456.335,0,1
"H5","USA","80","United States","CHN","China",2017,"Gross Imp.",1,31619.098,0,1
"H5","USA","80","United States","CHN","China",2018,"Gross Imp.",1,52283.308,0,1
"H5","USA","80","United States","CHN","China",2019,"Gross Imp.",1,50235.494,0,1
"H5","USA","80","United States","CHN","China",2020,"Gross Imp.",1,18966.93,0,1
"H5","USA","80","United States","CHN","China",2021,"Gross Imp.",1,78399.082,0,1
"H5","USA","80","United States","WLD"," World",2017,"Gross Imp.",1,791847.093,0,1
"H5","USA","80","United States","WLD"," World",2018,"Gross Imp.",1,853250.84,0,1
"H5","USA","80","United States","WLD"," World",2019,"Gross Imp.",1,767523.659,0,1
"H5","USA","80","United States","WLD"," World",2020,"Gross Imp.",1,632105.817,0,1
"H5","USA","80","United States","WLD"," World",2021,"Gross Imp.",1,1307475.049,0,1
"H5","USA","81","United States","CHN","China",2017,"Gross Imp.",1,442514.619,0,1
"H5","USA","81","United States","CHN","China",2018,"Gross Imp.",1,600739.549,0,1
"H5","USA","81","United States","CHN","China",2019,"Gross Imp.",1,490230.266,0,1
"H5","USA","81","United States","CHN","China",2020,"Gross Imp.",1,365105.179,0,1
"H5","USA","81","United States","CHN","China",2021,"Gross Imp.",1,421980.128,0,1
"H5","USA","81","United States","WLD"," World",2017,"Gross Imp.",1,2663409.374,0,1
"H5","USA","81","United States","WLD"," World",2018,"Gross Imp.",1,3182912.567,0,1
"H5","USA","81","United States","WLD"," World",2019,"Gross Imp.",1,3053674.7,0,1
"H5","USA","81","United States","WLD"," World",2020,"Gross Imp.",1,2236851.979,0,1
"H5","USA","81","United States","WLD"," World",2021,"Gross Imp.",1,2364175.933,0,1
"H5","USA","82","United States","CHN","China",2017,"Gross Imp.",1,3847364.799,0,1
"H5","USA","82","United States","CHN","China",2018,"Gross Imp.",1,4474124.937,0,1
"H5","USA","82","United States","CHN","China",2019,"Gross Imp.",1,4046155.342,0,1
"H5","USA","82","United States","CHN","China",2020,"Gross Imp.",1,4016679.072,0,1
"H5","USA","82","United States","CHN","China",2021,"Gross Imp.",1,4429910.283,0,1
"H5","USA","82","United States","WLD"," World",2017,"Gross Imp.",1,10120910.132,0,1
"H5","USA","82","United States","WLD"," World",2018,"Gross Imp.",1,11214621.674,0,1
"H5","USA","82","United States","WLD"," World",2019,"Gross Imp.",1,10716014.591,0,1
"H5","USA","82","United States","WLD"," World",2020,"Gross Imp.",1,10306908.347,0,1
"H5","USA","82","United States","WLD"," World",2021,"Gross Imp.",1,12347692.595,0,1
"H5","USA","83","United States","CHN","China",2017,"Gross Imp.",1,5264661.695,0,1
"H5","USA","83","United States","CHN","China",2018,"Gross Imp.",1,6019863.952,0,1
"H5","USA","83","United States","CHN","China",2019,"Gross Imp.",1,5512968.979,0,1
"H5","USA","83","United States","CHN","China",2020,"Gross Imp.",1,5163269.64,0,1
"H5","USA","83","United States","CHN","China",2021,"Gross Imp.",1,6442033.094,0,1
"H5","USA","83","United States","WLD"," World",2017,"Gross Imp.",1,12082712.575,0,1
"H5","USA","83","United States","WLD"," World",2018,"Gross Imp.",1,13309123.89,0,1
"H5","USA","83","United States","WLD"," World",2019,"Gross Imp.",1,13217088.79,0,1
"H5","USA","83","United States","WLD"," World",2020,"Gross Imp.",1,12427288.995,0,1
"H5","USA","83","United States","WLD"," World",2021,"Gross Imp.",1,15491581.944,0,1
"H5","USA","84","United States","CHN","China",2017,"Gross Imp.",1,112207432.016,0,1
"H5","USA","84","United States","CHN","China",2018,"Gross Imp.",1,119566688.8,0,1
"H5","USA","84","United States","CHN","China",2019,"Gross Imp.",1,94616690.227,0,1
"H5","USA","84","United States","CHN","China",2020,"Gross Imp.",1,100437549.028,0,1
"H5","USA","84","United States","CHN","China",2021,"Gross Imp.",1,115635822.543,0,1
"H5","USA","84","United States","WLD"," World",2017,"Gross Imp.",1,348601309.246,0,1
"H5","USA","84","United States","WLD"," World",2018,"Gross Imp.",1,385903156.133,0,1
"H5","USA","84","United States","WLD"," World",2019,"Gross Imp.",1,379040915.551,0,1
"H5","USA","84","United States","WLD"," World",2020,"Gross Imp.",1,361551454.128,0,1
"H5","USA","84","United States","WLD"," World",2021,"Gross Imp.",1,428828679.646,0,1
"H5","USA","85","United States","CHN","China",2017,"Gross Imp.",1,150009697.364,0,1
"H5","USA","85","United States","CHN","China",2018,"Gross Imp.",1,155951060.194,0,1
"H5","USA","85","United States","CHN","China",2019,"Gross Imp.",1,128714774.073,0,1
"H5","USA","85","United States","CHN","China",2020,"Gross Imp.",1,114462936.371,0,1
"H5","USA","85","United States","CHN","China",2021,"Gross Imp.",1,135123701.673,0,1
"H5","USA","85","United States","WLD"," World",2017,"Gross Imp.",1,355997429.299,0,1
"H5","USA","85","United States","WLD"," World",2018,"Gross Imp.",1,366942844.394,0,1
"H5","USA","85","United States","WLD"," World",2019,"Gross Imp.",1,352305358.914,0,1
"H5","USA","85","United States","WLD"," World",2020,"Gross Imp.",1,343474039.898,0,1
"H5","USA","85","United States","WLD"," World",2021,"Gross Imp.",1,415975908.11,0,1
"H5","USA","86","United States","CHN","China",2017,"Gross Imp.",1,605405.581,0,1
"H5","USA","86","United States","CHN","China",2018,"Gross Imp.",1,833688.448,0,1
"H5","USA","86","United States","CHN","China",2019,"Gross Imp.",1,669779.284,0,1
"H5","USA","86","United States","CHN","China",2020,"Gross Imp.",1,459861.966,0,1
"H5","USA","86","United States","CHN","China",2021,"Gross Imp.",1,963285.714,0,1
"H5","USA","86","United States","WLD"," World",2017,"Gross Imp.",1,1693976.107,0,1
"H5","USA","86","United States","WLD"," World",2018,"Gross Imp.",1,2248371.518,0,1
"H5","USA","86","United States","WLD"," World",2019,"Gross Imp.",1,2159993.82,0,1
"H5","USA","86","United States","WLD"," World",2020,"Gross Imp.",1,1509813.821,0,1
"H5","USA","86","United States","WLD"," World",2021,"Gross Imp.",1,2197318.97,0,1
"H5","USA","87","United States","CHN","China",2017,"Gross Imp.",1,15539676.122,0,1
"H5","USA","87","United States","CHN","China",2018,"Gross Imp.",1,18726225.533,0,1
"H5","USA","87","United States","CHN","China",2019,"Gross Imp.",1,14907330.216,0,1
"H5","USA","87","United States","CHN","China",2020,"Gross Imp.",1,13633280.428,0,1
"H5","USA","87","United States","CHN","China",2021,"Gross Imp.",1,17348304.284,0,1
"H5","USA","87","United States","WLD"," World",2017,"Gross Imp.",1,294283171.951,0,1
"H5","USA","87","United States","WLD"," World",2018,"Gross Imp.",1,306526967.076,0,1
"H5","USA","87","United States","WLD"," World",2019,"Gross Imp.",1,310085730.639,0,1
"H5","USA","87","United States","WLD"," World",2020,"Gross Imp.",1,254436751.363,0,1
"H5","USA","87","United States","WLD"," World",2021,"Gross Imp.",1,283108563.711,0,1
"H5","USA","88","United States","CHN","China",2017,"Gross Imp.",1,517683.979,0,1
"H5","USA","88","United States","CHN","China",2018,"Gross Imp.",1,558401.098,0,1
"H5","USA","88","United States","CHN","China",2019,"Gross Imp.",1,567495.939,0,1
"H5","USA","88","United States","CHN","China",2020,"Gross Imp.",1,259334.009,0,1
"H5","USA","88","United States","CHN","China",2021,"Gross Imp.",1,217985.623,0,1
"H5","USA","88","United States","WLD"," World",2017,"Gross Imp.",1,30918573.568,0,1
"H5","USA","88","United States","WLD"," World",2018,"Gross Imp.",1,31929206.654,0,1
"H5","USA","88","United States","WLD"," World",2019,"Gross Imp.",1,34949980.291,0,1
"H5","USA","88","United States","WLD"," World",2020,"Gross Imp.",1,28599762.319,0,1
"H5","USA","88","United States","WLD"," World",2021,"Gross Imp.",1,25789254.663,0,1
"H5","USA","89","United States","CHN","China",2017,"Gross Imp.",1,145758.957,0,1
"H5","USA","89","United States","CHN","China",2018,"Gross Imp.",1,152969.158,0,1
"H5","USA","89","United States","CHN","China",2019,"Gross Imp.",1,175186.346,0,1
"H5","USA","89","United States","CHN","China",2020,"Gross Imp.",1,153332.142,0,1
"H5","USA","89","United States","CHN","China",2021,"Gross Imp.",1,178180.543,0,1
"H5","USA","89","United States","WLD"," World",2017,"Gross Imp.",1,2555744.238,0,1
"H5","USA","89","United States","WLD"," World",2018,"Gross Imp.",1,2220479.095,0,1
"H5","USA","89","United States","WLD"," World",2019,"Gross Imp.",1,2378854.252,0,1
"H5","USA","89","United States","WLD"," World",2020,"Gross Imp.",1,2293723.336,0,1
"H5","USA","89","United States","WLD"," World",2021,"Gross Imp.",1,3369415.322,0,1
"H5","USA","90","United States","CHN","China",2017,"Gross Imp.",1,12346457.43,0,1
"H5","USA","90","United States","CHN","China",2018,"Gross Imp.",1,13040020.292,0,1
"H5","USA","90","United States","CHN","China",2019,"Gross Imp.",1,11638777.087,0,1
"H5","USA","90","United States","CHN","China",2020,"Gross Imp.",1,12631597.213,0,1
"H5","USA","90","United States","CHN","China",2021,"Gross Imp.",1,14107908.433,0,1
"H5","USA","90","United States","WLD"," World",2017,"Gross Imp.",1,86045383.685,0,1
"H5","USA","90","United States","WLD"," World",2018,"Gross Imp.",1,93394668.097,0,1
"H5","USA","90","United States","WLD"," World",2019,"Gross Imp.",1,96852213.776,0,1
"H5","USA","90","United States","WLD"," World",2020,"Gross Imp.",1,90870555.532,0,1
"H5","USA","90","United States","WLD"," World",2021,"Gross Imp.",1,106154298.391,0,1
"H5","USA","91","United States","CHN","China",2017,"Gross Imp.",1,805114.3,0,1
"H5","USA","91","United States","CHN","China",2018,"Gross Imp.",1,691606.607,0,1
"H5","USA","91","United States","CHN","China",2019,"Gross Imp.",1,613430.716,0,1
"H5","USA","91","United States","CHN","China",2020,"Gross Imp.",1,468661.182,0,1
"H5","USA","91","United States","CHN","China",2021,"Gross Imp.",1,612662.78,0,1
"H5","USA","91","United States","WLD"," World",2017,"Gross Imp.",1,4898229.489,0,1
"H5","USA","91","United States","WLD"," World",2018,"Gross Imp.",1,4814299.384,0,1
"H5","USA","91","United States","WLD"," World",2019,"Gross Imp.",1,5208398.177,0,1
"H5","USA","91","United States","WLD"," World",2020,"Gross Imp.",1,4283946.285,0,1
"H5","USA","91","United States","WLD"," World",2021,"Gross Imp.",1,6380604.806,0,1
"H5","USA","92","United States","CHN","China",2017,"Gross Imp.",1,564841.86,0,1
"H5","USA","92","United States","CHN","China",2018,"Gross Imp.",1,599472.25,0,1
"H5","USA","92","United States","CHN","China",2019,"Gross Imp.",1,632485.867,0,1
"H5","USA","92","United States","CHN","China",2020,"Gross Imp.",1,547229.507,0,1
"H5","USA","92","United States","CHN","China",2021,"Gross Imp.",1,664770.752,0,1
"H5","USA","92","United States","WLD"," World",2017,"Gross Imp.",1,1335265.162,0,1
"H5","USA","92","United States","WLD"," World",2018,"Gross Imp.",1,1434272.154,0,1
"H5","USA","92","United States","WLD"," World",2019,"Gross Imp.",1,1530457.932,0,1
"H5","USA","92","United States","WLD"," World",2020,"Gross Imp.",1,1267013.758,0,1
"H5","USA","92","United States","WLD"," World",2021,"Gross Imp.",1,1616413.188,0,1
"H5","USA","93","United States","CHN","China",2017,"Gross Imp.",1,152673.392,0,1
"H5","USA","93","United States","CHN","China",2018,"Gross Imp.",1,160208.155,0,1
"H5","USA","93","United States","CHN","China",2019,"Gross Imp.",1,144180.398,0,1
"H5","USA","93","United States","CHN","China",2020,"Gross Imp.",1,195590.878,0,1
"H5","USA","93","United States","CHN","China",2021,"Gross Imp.",1,329733.257,0,1
"H5","USA","93","United States","WLD"," World",2017,"Gross Imp.",1,3018027.34,0,1
"H5","USA","93","United States","WLD"," World",2018,"Gross Imp.",1,2949653.452,0,1
"H5","USA","93","United States","WLD"," World",2019,"Gross Imp.",1,2852248.718,0,1
"H5","USA","93","United States","WLD"," World",2020,"Gross Imp.",1,3871894.333,0,1
"H5","USA","93","United States","WLD"," World",2021,"Gross Imp.",1,5568236.661,0,1
"H5","USA","94","United States","CHN","China",2017,"Gross Imp.",1,34831829.938,0,1
"H5","USA","94","United States","CHN","China",2018,"Gross Imp.",1,38064192.58,0,1
"H5","USA","94","United States","CHN","China",2019,"Gross Imp.",1,29180346.153,0,1
"H5","USA","94","United States","CHN","China",2020,"Gross Imp.",1,25304234.954,0,1
"H5","USA","94","United States","CHN","China",2021,"Gross Imp.",1,31446804.124,0,1
"H5","USA","94","United States","WLD"," World",2017,"Gross Imp.",1,66961240.385,0,1
"H5","USA","94","United States","WLD"," World",2018,"Gross Imp.",1,72058612.905,0,1
"H5","USA","94","United States","WLD"," World",2019,"Gross Imp.",1,67172664.71,0,1
"H5","USA","94","United States","WLD"," World",2020,"Gross Imp.",1,65480039.196,0,1
"H5","USA","94","United States","WLD"," World",2021,"Gross Imp.",1,81386654.542,0,1
"H5","USA","95","United States","CHN","China",2017,"Gross Imp.",1,26723812.652,0,1
"H5","USA","95","United States","CHN","China",2018,"Gross Imp.",1,27925686.61,0,1
"H5","CHN","42","China","CHN","China",2017,"Gross Imp.",1,373066.994,0,1
"H5","CHN","42","China","CHN","China",2018,"Gross Imp.",1,382167.642,0,1
"H5","CHN","42","China","CHN","China",2019,"Gross Imp.",1,365609.973,0,1
"H5","CHN","42","China","CHN","China",2020,"Gross Imp.",1,258730.176,0,1
"H5","CHN","42","China","CHN","China",2021,"Gross Imp.",1,318725.321,0,1
"H5","CHN","42","China","USA","United States",2017,"Gross Imp.",1,18323.236,0,1
"H5","CHN","42","China","USA","United States",2018,"Gross Imp.",1,84296.808,0,1
"H5","CHN","42","China","USA","United States",2019,"Gross Imp.",1,97852.422,0,1
"H5","CHN","42","China","USA","United States",2020,"Gross Imp.",1,54527.637,0,1
"H5","CHN","42","China","USA","United States",2021,"Gross Imp.",1,58639.096,0,1
"H5","CHN","42","China","WLD"," World",2017,"Gross Imp.",1,2630682.295,0,1
"H5","CHN","42","China","WLD"," World",2018,"Gross Imp.",1,3314302.958,0,1
"H5","CHN","42","China","WLD"," World",2019,"Gross Imp.",1,3986223.308,0,1
"H5","CHN","42","China","WLD"," World",2020,"Gross Imp.",1,4815607.531,0,1
"H5","CHN","42","China","WLD"," World",2021,"Gross Imp.",1,6977536.638,0,1
"H5","CHN","43","China","CHN","China",2017,"Gross Imp.",1,10583.834,0,1
"H5","CHN","43","China","CHN","China",2018,"Gross Imp.",1,7357.84,0,1
"H5","CHN","43","China","CHN","China",2019,"Gross Imp.",1,5716.412,0,1
"H5","CHN","43","China","CHN","China",2020,"Gross Imp.",1,2095.537,0,1
"H5","CHN","43","China","CHN","China",2021,"Gross Imp.",1,4840.562,0,1
"H5","CHN","43","China","USA","United States",2017,"Gross Imp.",1,40576.35,0,1
"H5","CHN","43","China","USA","United States",2018,"Gross Imp.",1,6360.3,0,1
"H5","CHN","43","China","USA","United States",2019,"Gross Imp.",1,4834.145,0,1
"H5","CHN","43","China","USA","United States",2020,"Gross Imp.",1,1798.905,0,1
"H5","CHN","43","China","USA","United States",2021,"Gross Imp.",1,1426.386,0,1
"H5","CHN","43","China","WLD"," World",2017,"Gross Imp.",1,1241833.122,0,1
"H5","CHN","43","China","WLD"," World",2018,"Gross Imp.",1,1038386.033,0,1
"H5","CHN","43","China","WLD"," World",2019,"Gross Imp.",1,1020386.972,0,1
"H5","CHN","43","China","WLD"," World",2020,"Gross Imp.",1,543565.651,0,1
"H5","CHN","43","China","WLD"," World",2021,"Gross Imp.",1,946558.759,0,1
"H5","CHN","44","China","CHN","China",2017,"Gross Imp.",1,17982.515,0,1
"H5","CHN","44","China","CHN","China",2018,"Gross Imp.",1,18051.538,0,1
"H5","CHN","44","China","CHN","China",2019,"Gross Imp.",1,17276.784,0,1
"H5","CHN","44","China","CHN","China",2020,"Gross Imp.",1,16507.085,0,1
"H5","CHN","44","China","CHN","China",2021,"Gross Imp.",1,21985.774,0,1
"H5","CHN","44","China","USA","United States",2017,"Gross Imp.",1,3069345.969,0,1
"H5","CHN","44","China","USA","United States",2018,"Gross Imp.",1,3081398.819,0,1
"H5","CHN","44","China","USA","United States",2019,"Gross Imp.",1,1580077.87,0,1
"H5","CHN","44","China","USA","United States",2020,"Gross Imp.",1,1454686.732,0,1
"H5","CHN","44","China","USA","United States",2021,"Gross Imp.",1,1966489.123,0,1
"H5","CHN","44","China","WLD"," World",2017,"Gross Imp.",1,23421966.357,0,1
"H5","CHN","44","China","WLD"," World",2018,"Gross Imp.",1,24919348.503,0,1
"H5","CHN","44","China","WLD"," World",2019,"Gross Imp.",1,21982012.564,0,1
"H5","CHN","44","China","WLD"," World",2020,"Gross Imp.",1,20190473.455,0,1
"H5","CHN","44","China","WLD"," World",2021,"Gross Imp.",1,24239278.352,0,1
"H5","CHN","45","China","CHN","China",2017,"Gross Imp.",1,79.804,0,1
"H5","CHN","45","China","CHN","China",2018,"Gross Imp.",1,46.198,0,1
"H5","CHN","45","China","CHN","China",2019,"Gross Imp.",1,38.634,0,1
"H5","CHN","45","China","CHN","China",2020,"Gross Imp.",1,43.964,0,1
"H5","CHN","45","China","CHN","China",2021,"Gross Imp.",1,66.537,0,1
"H5","CHN","45","China","USA","United States",2017,"Gross Imp.",1,294.875,0,1
"H5","CHN","45","China","USA","United States",2018,"Gross Imp.",1,200.817,0,1
"H5","CHN","45","China","USA","United States",2019,"Gross Imp.",1,208.176,0,1
"H5","CHN","45","China","USA","United States",2020,"Gross Imp.",1,174.141,0,1
"H5","CHN","45","China","USA","United States",2021,"Gross Imp.",1,132.072,0,1
"H5","CHN","45","China","WLD"," World",2017,"Gross Imp.",1,47686.673,0,1
"H5","CHN","45","China","WLD"," World",2018,"Gross Imp.",1,56106.616,0,1
"H5","CHN","45","China","WLD"," World",2019,"Gross Imp.",1,40526.846,0,1
"H5","CHN","45","China","WLD"," World",2020,"Gross Imp.",1,35147.681,0,1
"H5","CHN","45","China","WLD"," World",2021,"Gross Imp.",1,48189.164,0,1
"H5","CHN","46","China","CHN","China",2017,"Gross Imp.",1,1075.808,0,1
"H5","CHN","46","China","CHN","China",2018,"Gross Imp.",1,809.526,0,1
"H5","CHN","46","China","CHN","China",2019,"Gross Imp.",1,896.967,0,1
"H5","CHN","46","China","CHN","China",2020,"Gross Imp.",1,868.317,0,1
"H5","CHN","46","China","CHN","China",2021,"Gross Imp.",1,602.322,0,1
"H5","CHN","46","China","USA","United States",2017,"Gross Imp.",1,394.388,0,1
"H5","CHN","46","China","USA","United States",2018,"Gross Imp.",1,201.298,0,1
"H5","CHN","46","China","USA","United States",2019,"Gross Imp.",1,110.384,0,1
"H5","CHN","46","China","USA","United States",2020,"Gross Imp.",1,59.175,0,1
"H5","CHN","46","China","USA","United States",2021,"Gross Imp.",1,49.066,0,1
"H5","CHN","46","China","WLD"," World",2017,"Gross Imp.",1,14575.42,0,1
"H5","CHN","46","China","WLD"," World",2018,"Gross Imp.",1,15779.829,0,1
"H5","CHN","46","China","WLD"," World",2019,"Gross Imp.",1,18623.385,0,1
"H5","CHN","46","China","WLD"," World",2020,"Gross Imp.",1,16238.846,0,1
"H5","CHN","46","China","WLD"," World",2021,"Gross Imp.",1,19704.431,0,1
"H5","CHN","47","China","CHN","China",2017,"Gross Imp.",1,658.018,0,1
"H5","CHN","47","China","CHN","China",2018,"Gross Imp.",1,399.258,0,1
"H5","CHN","47","China","CHN","China",2019,"Gross Imp.",1,97.733,0,1
"H5","CHN","47","China","CHN","China",2020,"Gross Imp.",1,19.994,0,1
"H5","CHN","47","China","CHN","China",2021,"Gross Imp.",1,156.345,0,1
"H5","CHN","47","China","USA","United States",2017,"Gross Imp.",1,4383845.419,0,1
"H5","CHN","47","China","USA","United States",2018,"Gross Imp.",1,3392692.795,0,1
"H5","CHN","47","China","USA","United States",2019,"Gross Imp.",1,2360043.064,0,1
"H5","CHN","47","China","USA","United States",2020,"Gross Imp.",1,2104197.927,0,1
"H5","CHN","47","China","USA","United States",2021,"Gross Imp.",1,1681787.537,0,1
"H5","CHN","47","China","WLD"," World",2017,"Gross Imp.",1,21214006.775,0,1
"H5","CHN","47","China","WLD"," World",2018,"Gross Imp.",1,24010355.653,0,1
"H5","CHN","47","China","WLD"," World",2019,"Gross Imp.",1,19055987.837,0,1
"H5","CHN","47","China","WLD"," World",2020,"Gross Imp.",1,16860154.31,0,1
"H5","CHN","47","China","WLD"," World",2021,"Gross Imp.",1,20171253.283,0,1
"H5","CHN","48","China","CHN","China",2017,"Gross Imp.",1,163992.149,0,1
"H5","CHN","48","China","CHN","China",2018,"Gross Imp.",1,170346.838,0,1
"H5","CHN","48","China","CHN","China",2019,"Gross Imp.",1,154460.552,0,1
"H5","CHN","48","China","CHN","China",2020,"Gross Imp.",1,132006.33,0,1
"H5","CHN","48","China","CHN","China",2021,"Gross Imp.",1,148682.13,0,1
"H5","CHN","48","China","USA","United States",2017,"Gross Imp.",1,867513.498,0,1
"H5","CHN","48","China","USA","United States",2018,"Gross Imp.",1,1018437.326,0,1
"H5","CHN","48","China","USA","United States",2019,"Gross Imp.",1,776758.226,0,1
"H5","CHN","48","China","USA","United States",2020,"Gross Imp.",1,865423.351,0,1
"H5","CHN","48","China","USA","United States",2021,"Gross Imp.",1,799626.799,0,1
"H5","CHN","48","China","WLD"," World",2017,"Gross Imp.",1,4981982.649,0,1
"H5","CHN","48","China","WLD"," World",2018,"Gross Imp.",1,6203230.715,0,1
"H5","CHN","48","China","WLD"," World",2019,"Gross Imp.",1,5272058.135,0,1
"H5","CHN","48","China","WLD"," World",2020,"Gross Imp.",1,7335794.839,0,1
"H5","CHN","48","China","WLD"," World",2021,"Gross Imp.",1,8825730.976,0,1
"H5","CHN","49","China","CHN","China",2017,"Gross Imp.",1,78456.85,0,1
"H5","CHN","49","China","CHN","China",2018,"Gross Imp.",1,128369.599,0,1
"H5","CHN","49","China","CHN","China",2019,"Gross Imp.",1,76685.502,0,1
"H5","CHN","49","China","CHN","China",2020,"Gross Imp.",1,93840.482,0,1
"H5","CHN","49","China","CHN","China",2021,"Gross Imp.",1,119640.952,0,1
"H5","CHN","49","China","USA","United States",2017,"Gross Imp.",1,502502.717,0,1
"H5","CHN","49","China","USA","United States",2018,"Gross Imp.",1,605935.619,0,1
"H5","CHN","49","China","USA","United States",2019,"Gross Imp.",1,553215.369,0,1
"H5","CHN","49","China","USA","United States",2020,"Gross Imp.",1,547492.156,0,1
"H5","CHN","49","China","USA","United States",2021,"Gross Imp.",1,680529.364,0,1
"H5","CHN","49","China","WLD"," World",2017,"Gross Imp.",1,1714290.695,0,1
"H5","CHN","49","China","WLD"," World",2018,"Gross Imp.",1,2073895.816,0,1
"H5","CHN","49","China","WLD"," World",2019,"Gross Imp.",1,2362934.161,0,1
"H5","CHN","49","China","WLD"," World",2020,"Gross Imp.",1,2206527.518,0,1
"H5","CHN","49","China","WLD"," World",2021,"Gross Imp.",1,2368974.55,0,1
"H5","CHN","50","China","CHN","China",2017,"Gross Imp.",1,12688.887,0,1
"H5","CHN","50","China","CHN","China",2018,"Gross Imp.",1,9020.185,0,1
"H5","CHN","50","China","CHN","China",2019,"Gross Imp.",1,8408.264,0,1
"H5","CHN","50","China","CHN","China",2020,"Gross Imp.",1,4318.557,0,1
"H5","CHN","50","China","CHN","China",2021,"Gross Imp.",1,6450.147,0,1
"H5","CHN","50","China","USA","United States",2017,"Gross Imp.",1,226.887,0,1
"H5","CHN","50","China","USA","United States",2018,"Gross Imp.",1,191.952,0,1
"H5","CHN","50","China","USA","United States",2019,"Gross Imp.",1,43.559,0,1
"H5","CHN","50","China","USA","United States",2020,"Gross Imp.",1,21.111,0,1
"H5","CHN","50","China","USA","United States",2021,"Gross Imp.",1,42.34,0,1
"H5","CHN","50","China","WLD"," World",2017,"Gross Imp.",1,50634.382,0,1
"H5","CHN","50","China","WLD"," World",2018,"Gross Imp.",1,53310.286,0,1
"H5","CHN","50","China","WLD"," World",2019,"Gross Imp.",1,56580.924,0,1
"H5","CHN","50","China","WLD"," World",2020,"Gross Imp.",1,48427.915,0,1
"H5","CHN","50","China","WLD"," World",2021,"Gross Imp.",1,91991.554,0,1
"H5","CHN","51","China","CHN","China",2017,"Gross Imp.",1,141050.802,0,1
"H5","CHN","51","China","CHN","China",2018,"Gross Imp.",1,128900.245,0,1
"H5","CHN","51","China","CHN","China",2019,"Gross Imp.",1,91858.475,0,1
"H5","CHN","51","China","CHN","China",2020,"Gross Imp.",1,77401.76,0,1
"H5","CHN","51","China","CHN","China",2021,"Gross Imp.",1,88545.024,0,1
"H5","CHN","51","China","USA","United States",2017,"Gross Imp.",1,16592.758,0,1
"H5","CHN","51","China","USA","United States",2018,"Gross Imp.",1,18675.01,0,1
"H5","CHN","51","China","USA","United States",2019,"Gross Imp.",1,7093.525,0,1
"H5","CHN","51","China","USA","United States",2020,"Gross Imp.",1,3277.348,0,1
"H5","CHN","51","China","USA","United States",2021,"Gross Imp.",1,8549.287,0,1
"H5","CHN","51","China","WLD"," World",2017,"Gross Imp.",1,3632012.972,0,1
"H5","CHN","51","China","WLD"," World",2018,"Gross Imp.",1,4197661.745,0,1
"H5","CHN","51","China","WLD"," World",2019,"Gross Imp.",1,3223472.562,0,1
"H5","CHN","51","China","WLD"," World",2020,"Gross Imp.",1,2292872.18,0,1
"H5","CHN","51","China","WLD"," World",2021,"Gross Imp.",1,3199793.961,0,1
"H5","CHN","52","China","CHN","China",2017,"Gross Imp.",1,607644.088,0,1
"H5","CHN","52","China","CHN","China",2018,"Gross Imp.",1,539885.662,0,1
"H5","CHN","52","China","CHN","China",2019,"Gross Imp.",1,363232.314,0,1
"H5","CHN","52","China","CHN","China",2020,"Gross Imp.",1,195103.014,0,1
"H5","CHN","52","China","CHN","China",2021,"Gross Imp.",1,179036.904,0,1
"H5","CHN","52","China","USA","United States",2017,"Gross Imp.",1,1072848.335,0,1
"H5","CHN","52","China","USA","United States",2018,"Gross Imp.",1,1105897.579,0,1
"H5","CHN","52","China","USA","United States",2019,"Gross Imp.",1,735634.325,0,1
"H5","CHN","52","China","USA","United States",2020,"Gross Imp.",1,1606406.766,0,1
"H5","CHN","52","China","USA","United States",2021,"Gross Imp.",1,1590847.965,0,1
"H5","CHN","52","China","WLD"," World",2017,"Gross Imp.",1,8614957.705,0,1
"H5","CHN","52","China","WLD"," World",2018,"Gross Imp.",1,9889820.819,0,1
"H5","CHN","52","China","WLD"," World",2019,"Gross Imp.",1,9227514.463,0,1
"H5","CHN","52","China","WLD"," World",2020,"Gross Imp.",1,8278843.566,0,1
"H5","CHN","52","China","WLD"," World",2021,"Gross Imp.",1,10534596.469,0,1
"H5","CHN","53","China","CHN","China",2017,"Gross Imp.",1,13112.811,0,1
"H5","CHN","53","China","CHN","China",2018,"Gross Imp.",1,10929.537,0,1
"H5","CHN","53","China","CHN","China",2019,"Gross Imp.",1,9756.283,0,1
"H5","CHN","53","China","CHN","China",2020,"Gross Imp.",1,4642.114,0,1
"H5","CHN","53","China","CHN","China",2021,"Gross Imp.",1,6112.609,0,1
"H5","CHN","53","China","USA","United States",2017,"Gross Imp.",1,238.869,0,1
"H5","CHN","53","China","USA","United States",2018,"Gross Imp.",1,340.109,0,1
"H5","CHN","53","China","USA","United States",2019,"Gross Imp.",1,170.006,0,1
"H5","CHN","53","China","USA","United States",2020,"Gross Imp.",1,103.075,0,1
"H5","CHN","53","China","USA","United States",2021,"Gross Imp.",1,122.051,0,1
"H5","CHN","53","China","WLD"," World",2017,"Gross Imp.",1,806377.918,0,1
"H5","CHN","53","China","WLD"," World",2018,"Gross Imp.",1,916946.323,0,1
"H5","CHN","53","China","WLD"," World",2019,"Gross Imp.",1,1057997.443,0,1
"H5","CHN","53","China","WLD"," World",2020,"Gross Imp.",1,811208.172,0,1
"H5","CHN","53","China","WLD"," World",2021,"Gross Imp.",1,1023116.602,0,1
"H5","CHN","54","China","CHN","China",2017,"Gross Imp.",1,175721.56,0,1
"H5","CHN","54","China","CHN","China",2018,"Gross Imp.",1,159831.031,0,1
"H5","CHN","54","China","CHN","China",2019,"Gross Imp.",1,121913.294,0,1
"H5","CHN","54","China","CHN","China",2020,"Gross Imp.",1,89733.889,0,1
"H5","CHN","54","China","CHN","China",2021,"Gross Imp.",1,87165.091,0,1
"H5","CHN","54","China","USA","United States",2017,"Gross Imp.",1,131758.475,0,1
"H5","CHN","54","China","USA","United States",2018,"Gross Imp.",1,123892.407,0,1
"H5","CHN","54","China","USA","United States",2019,"Gross Imp.",1,114882.393,0,1
"H5","CHN","54","China","USA","United States",2020,"Gross Imp.",1,93765.604,0,1
"H5","CHN","54","China","USA","United States",2021,"Gross Imp.",1,106508.389,0,1
"H5","CHN","54","China","WLD"," World",2017,"Gross Imp.",1,3009220.528,0,1
"H5","CHN","54","China","WLD"," World",2018,"Gross Imp.",1,3153496.811,0,1
"H5","CHN","54","China","WLD"," World",2019,"Gross Imp.",1,2868858.425,0,1
"H5","CHN","54","China","WLD"," World",2020,"Gross Imp.",1,2215700.196,0,1
"H5","CHN","54","China","WLD"," World",2021,"Gross Imp.",1,2765252.274,0,1
"H5","CHN","55","China","CHN","China",2017,"Gross Imp.",1,171596.134,0,1
"H5","CHN","55","China","CHN","China",2018,"Gross Imp.",1,173256.086,0,1
"H5","CHN","55","China","CHN","China",2019,"Gross Imp.",1,153757.999,0,1
"H5","CHN","55","China","CHN","China",2020,"Gross Imp.",1,74740.32,0,1
"H5","CHN","55","China","CHN","China",2021,"Gross Imp.",1,78613.711,0,1
"H5","CHN","55","China","USA","United States",2017,"Gross Imp.",1,203672.083,0,1
"H5","CHN","55","China","USA","United States",2018,"Gross Imp.",1,159457.064,0,1
"H5","CHN","55","China","USA","United States",2019,"Gross Imp.",1,82155.54,0,1
"H5","CHN","55","China","USA","United States",2020,"Gross Imp.",1,62915.484,0,1
"H5","CHN","55","China","USA","United States",2021,"Gross Imp.",1,89781.465,0,1
"H5","CHN","55","China","WLD"," World",2017,"Gross Imp.",1,2376398.615,0,1
"H5","CHN","55","China","WLD"," World",2018,"Gross Imp.",1,2477355.644,0,1
"H5","CHN","55","China","WLD"," World",2019,"Gross Imp.",1,2255966.065,0,1
"H5","CHN","55","China","WLD"," World",2020,"Gross Imp.",1,1627087.747,0,1
"H5","CHN","55","China","WLD"," World",2021,"Gross Imp.",1,1802989.965,0,1
"H5","CHN","56","China","CHN","China",2017,"Gross Imp.",1,54354.135,0,1
"H5","CHN","56","China","CHN","China",2018,"Gross Imp.",1,50670.362,0,1
"H5","CHN","56","China","CHN","China",2019,"Gross Imp.",1,35825.285,0,1
"H5","CHN","56","China","CHN","China",2020,"Gross Imp.",1,42500.194,0,1
"H5","CHN","56","China","CHN","China",2021,"Gross Imp.",1,51049.724,0,1
"H5","CHN","56","China","USA","United States",2017,"Gross Imp.",1,180502.706,0,1
"H5","CHN","56","China","USA","United States",2018,"Gross Imp.",1,180783.956,0,1
"H5","CHN","56","China","USA","United States",2019,"Gross Imp.",1,149017.996,0,1
"H5","CHN","56","China","USA","United States",2020,"Gross Imp.",1,199667.427,0,1
"H5","CHN","56","China","USA","United States",2021,"Gross Imp.",1,203488.849,0,1
"H5","CHN","56","China","WLD"," World",2017,"Gross Imp.",1,1298862.241,0,1
"H5","CHN","56","China","WLD"," World",2018,"Gross Imp.",1,1325884.872,0,1
"H5","CHN","56","China","WLD"," World",2019,"Gross Imp.",1,1241669.405,0,1
"H5","CHN","56","China","WLD"," World",2020,"Gross Imp.",1,1484787.295,0,1
"H5","CHN","56","China","WLD"," World",2021,"Gross Imp.",1,1442094.585,0,1
"H5","CHN","57","China","CHN","China",2017,"Gross Imp.",1,1394.203,0,1
"H5","CHN","57","China","CHN","China",2018,"Gross Imp.",1,1925.269,0,1
"H5","CHN","57","China","CHN","China",2019,"Gross Imp.",1,2109.813,0,1
"H5","CHN","57","China","CHN","China",2020,"Gross Imp.",1,2031.435,0,1
"H5","CHN","57","China","CHN","China",2021,"Gross Imp.",1,16022.888,0,1
"H5","CHN","57","China","USA","United States",2017,"Gross Imp.",1,20810.822,0,1
"H5","CHN","57","China","USA","United States",2018,"Gross Imp.",1,18964.512,0,1
"H5","CHN","57","China","USA","United States",2019,"Gross Imp.",1,19827.936,0,1
"H5","CHN","57","China","USA","United States",2020,"Gross Imp.",1,4545.518,0,1
"H5","CHN","57","China","USA","United States",2021,"Gross Imp.",1,6246.968,0,1
"H5","CHN","57","China","WLD"," World",2017,"Gross Imp.",1,132834.607,0,1
"H5","CHN","57","China","WLD"," World",2018,"Gross Imp.",1,136618.887,0,1
"H5","CHN","57","China","WLD"," World",2019,"Gross Imp.",1,119776.336,0,1
"H5","CHN","57","China","WLD"," World",2020,"Gross Imp.",1,79491.107,0,1
"H5","CHN","57","China","WLD"," World",2021,"Gross Imp.",1,109143.887,0,1
"H5","CHN","58","China","CHN","China",2017,"Gross Imp.",1,122184.702,0,1
"H5","CHN","58","China","CHN","China",2018,"Gross Imp.",1,101317.418,0,1
"H5","CHN","58","China","CHN","China",2019,"Gross Imp.",1,93610.436,0,1
"H5","CHN","58","China","CHN","China",2020,"Gross Imp.",1,57816.895,0,1
"H5","CHN","58","China","CHN","China",2021,"Gross Imp.",1,72717.135,0,1
"H5","CHN","58","China","USA","United States",2017,"Gross Imp.",1,21250.202,0,1
"H5","CHN","58","China","USA","United States",2018,"Gross Imp.",1,25549.054,0,1
"H5","CHN","58","China","USA","United States",2019,"Gross Imp.",1,20894.047,0,1
"H5","CHN","58","China","USA","United States",2020,"Gross Imp.",1,13400.091,0,1
"H5","CHN","58","China","USA","United States",2021,"Gross Imp.",1,15947.939,0,1
"H5","CHN","58","China","WLD"," World",2017,"Gross Imp.",1,521085.864,0,1
"H5","CHN","58","China","WLD"," World",2018,"Gross Imp.",1,512879.466,0,1
"H5","CHN","58","China","WLD"," World",2019,"Gross Imp.",1,454256.827,0,1
"H5","CHN","58","China","WLD"," World",2020,"Gross Imp.",1,329826.412,0,1
"H5","CHN","58","China","WLD"," World",2021,"Gross Imp.",1,400759.211,0,1
"H5","CHN","59","China","CHN","China",2017,"Gross Imp.",1,108315.306,0,1
"H5","CHN","59","China","CHN","China",2018,"Gross Imp.",1,116158.559,0,1
"H5","CHN","59","China","CHN","China",2019,"Gross Imp.",1,112196.084,0,1
"H5","CHN","59","China","CHN","China",2020,"Gross Imp.",1,86590.543,0,1
"H5","CHN","59","China","CHN","China",2021,"Gross Imp.",1,108896.531,0,1
"H5","CHN","59","China","USA","United States",2017,"Gross Imp.",1,119313.422,0,1
"H5","CHN","59","China","USA","United States",2018,"Gross Imp.",1,117485.459,0,1
"H5","CHN","59","China","USA","United States",2019,"Gross Imp.",1,93153.281,0,1
"H5","CHN","59","China","USA","United States",2020,"Gross Imp.",1,75738.308,0,1
"H5","CHN","59","China","USA","United States",2021,"Gross Imp.",1,85615.186,0,1
"H5","CHN","59","China","WLD"," World",2017,"Gross Imp.",1,1786517.251,0,1
"H5","CHN","59","China","WLD"," World",2018,"Gross Imp.",1,1809506.975,0,1
"H5","CHN","59","China","WLD"," World",2019,"Gross Imp.",1,1689662.749,0,1
"H5","CHN","59","China","WLD"," World",2020,"Gross Imp.",1,1466580.955,0,1
"H5","CHN","59","China","WLD"," World",2021,"Gross Imp.",1,1664885.323,0,1
"H5","CHN","60","China","CHN","China",2017,"Gross Imp.",1,296486.967,0,1
"H5","CHN","60","China","CHN","China",2018,"Gross Imp.",1,282896.517,0,1
"H5","CHN","60","China","CHN","China",2019,"Gross Imp.",1,202919.153,0,1
"H5","CHN","60","China","CHN","China",2020,"Gross Imp.",1,115970.67,0,1
"H5","CHN","60","China","CHN","China",2021,"Gross Imp.",1,117153.514,0,1
"H5","CHN","60","China","USA","United States",2017,"Gross Imp.",1,12755.904,0,1
"H5","CHN","60","China","USA","United States",2018,"Gross Imp.",1,11288.58,0,1
"H5","CHN","60","China","USA","United States",2019,"Gross Imp.",1,12730.333,0,1
"H5","CHN","60","China","USA","United States",2020,"Gross Imp.",1,8380.461,0,1
"H5","CHN","60","China","USA","United States",2021,"Gross Imp.",1,9510.258,0,1
"H5","CHN","60","China","WLD"," World",2017,"Gross Imp.",1,1690963.046,0,1
"H5","CHN","60","China","WLD"," World",2018,"Gross Imp.",1,1638452.493,0,1
"H5","CHN","60","China","WLD"," World",2019,"Gross Imp.",1,1370965.185,0,1
"H5","CHN","60","China","WLD"," World",2020,"Gross Imp.",1,1018256.936,0,1
"H5","CHN","60","China","WLD"," World",2021,"Gross Imp.",1,1146863.206,0,1
"H5","CHN","61","China","CHN","China",2017,"Gross Imp.",1,356230.278,0,1
"H5","CHN","61","China","CHN","China",2018,"Gross Imp.",1,376558.252,0,1
"H5","CHN","61","China","CHN","China",2019,"Gross Imp.",1,380023.573,0,1
"H5","CHN","61","China","CHN","China",2020,"Gross Imp.",1,398816.308,0,1
"H5","CHN","61","China","CHN","China",2021,"Gross Imp.",1,534979.257,0,1
"H5","CHN","61","China","USA","United States",2017,"Gross Imp.",1,9314.058,0,1
"H5","CHN","61","China","USA","United States",2018,"Gross Imp.",1,45901.973,0,1
"H5","CHN","61","China","USA","United States",2019,"Gross Imp.",1,54416.93,0,1
"H5","CHN","61","China","USA","United States",2020,"Gross Imp.",1,35624.679,0,1
"H5","CHN","61","China","USA","United States",2021,"Gross Imp.",1,29180.08,0,1
"H5","CHN","61","China","WLD"," World",2017,"Gross Imp.",1,2798682.742,0,1
"H5","CHN","61","China","WLD"," World",2018,"Gross Imp.",1,3380713.45,0,1
"H5","CHN","61","China","WLD"," World",2019,"Gross Imp.",1,3654344.108,0,1
"H5","CHN","61","China","WLD"," World",2020,"Gross Imp.",1,3514423.022,0,1
"H5","CHN","61","China","WLD"," World",2021,"Gross Imp.",1,4659999.36,0,1
"H5","CHN","62","China","CHN","China",2017,"Gross Imp.",1,405710.005,0,1
"H5","CHN","62","China","CHN","China",2018,"Gross Imp.",1,400196.891,0,1
"H5","CHN","62","China","CHN","China",2019,"Gross Imp.",1,404971.82,0,1
"H5","CHN","62","China","CHN","China",2020,"Gross Imp.",1,490255.145,0,1
"H5","CHN","62","China","CHN","China",2021,"Gross Imp.",1,571316.393,0,1
"H5","CHN","62","China","USA","United States",2017,"Gross Imp.",1,17797.481,0,1
"H5","CHN","62","China","USA","United States",2018,"Gross Imp.",1,46662.838,0,1
"H5","CHN","62","China","USA","United States",2019,"Gross Imp.",1,48433.468,0,1
"H5","CHN","62","China","USA","United States",2020,"Gross Imp.",1,56217.24,0,1
"H5","CHN","62","China","USA","United States",2021,"Gross Imp.",1,31652.959,0,1
"H5","CHN","62","China","WLD"," World",2017,"Gross Imp.",1,3874680.893,0,1
"H5","CHN","62","China","WLD"," World",2018,"Gross Imp.",1,4158572.011,0,1
"H5","CHN","62","China","WLD"," World",2019,"Gross Imp.",1,4478232.745,0,1
"H5","CHN","62","China","WLD"," World",2020,"Gross Imp.",1,4744634.354,0,1
"H5","CHN","62","China","WLD"," World",2021,"Gross Imp.",1,6065812.785,0,1
"H5","CHN","63","China","CHN","China",2017,"Gross Imp.",1,55596.911,0,1
"H5","CHN","63","China","CHN","China",2018,"Gross Imp.",1,74195.995,0,1
"H5","CHN","63","China","CHN","China",2019,"Gross Imp.",1,89310.07,0,1
"H5","CHN","63","China","CHN","China",2020,"Gross Imp.",1,309743.643,0,1
"H5","CHN","63","China","CHN","China",2021,"Gross Imp.",1,97404.528,0,1
"H5","CHN","63","China","USA","United States",2017,"Gross Imp.",1,33882.331,0,1
"H5","CHN","63","China","USA","United States",2018,"Gross Imp.",1,33420.899,0,1
"H5","CHN","63","China","USA","United States",2019,"Gross Imp.",1,29065.435,0,1
"H5","CHN","63","China","USA","United States",2020,"Gross Imp.",1,73259.007,0,1
"H5","CHN","63","China","USA","United States",2021,"Gross Imp.",1,19064.533,0,1
"H5","CHN","63","China","WLD"," World",2017,"Gross Imp.",1,506114.555,0,1
"H5","CHN","63","China","WLD"," World",2018,"Gross Imp.",1,486579.307,0,1
"H5","CHN","63","China","WLD"," World",2019,"Gross Imp.",1,477073.528,0,1
"H5","CHN","63","China","WLD"," World",2020,"Gross Imp.",1,1408684.955,0,1
"H5","CHN","63","China","WLD"," World",2021,"Gross Imp.",1,477582.819,0,1
"H5","CHN","64","China","CHN","China",2017,"Gross Imp.",1,346360.63,0,1
"H5","CHN","64","China","CHN","China",2018,"Gross Imp.",1,395094.43,0,1
"H5","CHN","64","China","CHN","China",2019,"Gross Imp.",1,445440.403,0,1
"H5","CHN","64","China","CHN","China",2020,"Gross Imp.",1,344068.315,0,1
"H5","CHN","64","China","CHN","China",2021,"Gross Imp.",1,348678.403,0,1
"H5","CHN","64","China","USA","United States",2017,"Gross Imp.",1,101972.192,0,1
"H5","CHN","64","China","USA","United States",2018,"Gross Imp.",1,162615.17,0,1
"H5","CHN","64","China","USA","United States",2019,"Gross Imp.",1,245841.311,0,1
"H5","CHN","64","China","USA","United States",2020,"Gross Imp.",1,145519.376,0,1
"H5","CHN","64","China","USA","United States",2021,"Gross Imp.",1,107736.213,0,1
"H5","CHN","64","China","WLD"," World",2017,"Gross Imp.",1,3650839.518,0,1
"H5","CHN","64","China","WLD"," World",2018,"Gross Imp.",1,4660965.295,0,1
"H5","CHN","64","China","WLD"," World",2019,"Gross Imp.",1,5635887.938,0,1
"H5","CHN","64","China","WLD"," World",2020,"Gross Imp.",1,5972495.873,0,1
"H5","CHN","64","China","WLD"," World",2021,"Gross Imp.",1,6456894.703,0,1
"H5","CHN","65","China","CHN","China",2017,"Gross Imp.",1,15662.857,0,1
"H5","CHN","65","China","CHN","China",2018,"Gross Imp.",1,21217.721,0,1
"H5","CHN","65","China","CHN","China",2019,"Gross Imp.",1,21677.205,0,1
"H5","CHN","65","China","CHN","China",2020,"Gross Imp.",1,20003.275,0,1
"H5","CHN","65","China","CHN","China",2021,"Gross Imp.",1,24596.28,0,1
"H5","CHN","65","China","USA","United States",2017,"Gross Imp.",1,4580.452,0,1
"H5","CHN","65","China","USA","United States",2018,"Gross Imp.",1,6565.034,0,1
"H5","CHN","65","China","USA","United States",2019,"Gross Imp.",1,7109.338,0,1
"H5","CHN","65","China","USA","United States",2020,"Gross Imp.",1,5908.495,0,1
"H5","CHN","65","China","USA","United States",2021,"Gross Imp.",1,5931.251,0,1
"H5","CHN","65","China","WLD"," World",2017,"Gross Imp.",1,79621.53,0,1
"H5","CHN","65","China","WLD"," World",2018,"Gross Imp.",1,99584.974,0,1
"H5","CHN","65","China","WLD"," World",2019,"Gross Imp.",1,130192.213,0,1
"H5","CHN","65","China","WLD"," World",2020,"Gross Imp.",1,190645.255,0,1
"H5","CHN","65","China","WLD"," World",2021,"Gross Imp.",1,278442.304,0,1
"H5","CHN","66","China","CHN","China",2017,"Gross Imp.",1,5040.704,0,1
"H5","CHN","66","China","CHN","China",2018,"Gross Imp.",1,25084.066,0,1
"H5","CHN","66","China","CHN","China",2019,"Gross Imp.",1,6457.934,0,1
"H5","CHN","66","China","CHN","China",2020,"Gross Imp.",1,4288.944,0,1
"H5","CHN","66","China","CHN","China",2021,"Gross Imp.",1,5188.508,0,1
"H5","CHN","66","China","USA","United States",2017,"Gross Imp.",1,197.421,0,1
"H5","CHN","66","China","USA","United States",2018,"Gross Imp.",1,310.823,0,1
"H5","CHN","66","China","USA","United States",2019,"Gross Imp.",1,252.259,0,1
"H5","CHN","66","China","USA","United States",2020,"Gross Imp.",1,182.945,0,1
"H5","CHN","66","China","USA","United States",2021,"Gross Imp.",1,194.668,0,1
"H5","CHN","66","China","WLD"," World",2017,"Gross Imp.",1,11987.796,0,1
"H5","CHN","66","China","WLD"," World",2018,"Gross Imp.",1,33284.869,0,1
"H5","CHN","66","China","WLD"," World",2019,"Gross Imp.",1,15670.099,0,1
"H5","CHN","66","China","WLD"," World",2020,"Gross Imp.",1,8965.946,0,1
"H5","CHN","66","China","WLD"," World",2021,"Gross Imp.",1,11135.079,0,1
"H5","CHN","67","China","CHN","China",2017,"Gross Imp.",1,8187.852,0,1
"H5","CHN","67","China","CHN","China",2018,"Gross Imp.",1,6443.19,0,1
"H5","CHN","67","China","CHN","China",2019,"Gross Imp.",1,9399.309,0,1
"H5","CHN","67","China","CHN","China",2020,"Gross Imp.",1,14826.808,0,1
"H5","CHN","67","China","CHN","China",2021,"Gross Imp.",1,6974.456,0,1
"H5","CHN","67","China","USA","United States",2017,"Gross Imp.",1,9700.241,0,1
"H5","CHN","67","China","USA","United States",2018,"Gross Imp.",1,6882.075,0,1
"H5","CHN","67","China","USA","United States",2019,"Gross Imp.",1,10122.137,0,1
"H5","CHN","67","China","USA","United States",2020,"Gross Imp.",1,7568.606,0,1
"H5","CHN","67","China","USA","United States",2021,"Gross Imp.",1,7218.985,0,1
"H5","CHN","67","China","WLD"," World",2017,"Gross Imp.",1,218563.098,0,1
"H5","CHN","67","China","WLD"," World",2018,"Gross Imp.",1,230916.407,0,1
"H5","CHN","67","China","WLD"," World",2019,"Gross Imp.",1,320116.5,0,1
"H5","CHN","67","China","WLD"," World",2020,"Gross Imp.",1,315492.465,0,1
"H5","CHN","67","China","WLD"," World",2021,"Gross Imp.",1,956426.648,0,1
"H5","CHN","68","China","CHN","China",2017,"Gross Imp.",1,36432.362,0,1
"H5","CHN","68","China","CHN","China",2018,"Gross Imp.",1,49858.703,0,1
"H5","CHN","68","China","CHN","China",2019,"Gross Imp.",1,29674.139,0,1
"H5","CHN","68","China","CHN","China",2020,"Gross Imp.",1,34042.521,0,1
"H5","CHN","68","China","CHN","China",2021,"Gross Imp.",1,35799.556,0,1
"H5","CHN","68","China","USA","United States",2017,"Gross Imp.",1,255478.87,0,1
"H5","CHN","68","China","USA","United States",2018,"Gross Imp.",1,257773.521,0,1
"H5","CHN","68","China","USA","United States",2019,"Gross Imp.",1,244212.04,0,1
"H5","CHN","68","China","USA","United States",2020,"Gross Imp.",1,244632.252,0,1
"H5","CHN","68","China","USA","United States",2021,"Gross Imp.",1,296518.282,0,1
"H5","CHN","68","China","WLD"," World",2017,"Gross Imp.",1,1669702.722,0,1
"H5","CHN","68","China","WLD"," World",2018,"Gross Imp.",1,1842697.26,0,1
"H5","CHN","68","China","WLD"," World",2019,"Gross Imp.",1,1771854.025,0,1
"H5","CHN","68","China","WLD"," World",2020,"Gross Imp.",1,1833987.344,0,1
"H5","CHN","68","China","WLD"," World",2021,"Gross Imp.",1,2275924.858,0,1
"H5","CHN","69","China","CHN","China",2017,"Gross Imp.",1,30126.273,0,1
"H5","CHN","69","China","CHN","China",2018,"Gross Imp.",1,43793.367,0,1
"H5","CHN","69","China","CHN","China",2019,"Gross Imp.",1,18433.959,0,1
"H5","CHN","69","China","CHN","China",2020,"Gross Imp.",1,28106.383,0,1
"H5","CHN","69","China","CHN","China",2021,"Gross Imp.",1,46566.229,0,1
"H5","CHN","69","China","USA","United States",2017,"Gross Imp.",1,125302.424,0,1
"H5","CHN","69","China","USA","United States",2018,"Gross Imp.",1,145718.67,0,1
"H5","CHN","69","China","USA","United States",2019,"Gross Imp.",1,196064.757,0,1
"H5","CHN","69","China","USA","United States",2020,"Gross Imp.",1,205486.01,0,1
"H5","CHN","69","China","USA","United States",2021,"Gross Imp.",1,247018.84,0,1
"H5","CHN","69","China","WLD"," World",2017,"Gross Imp.",1,1023009.705,0,1
"H5","CHN","69","China","WLD"," World",2018,"Gross Imp.",1,1222357.018,0,1
"H5","CHN","69","China","WLD"," World",2019,"Gross Imp.",1,1279141.37,0,1
"H5","CHN","69","China","WLD"," World",2020,"Gross Imp.",1,1346461.063,0,1
"H5","CHN","69","China","WLD"," World",2021,"Gross Imp.",1,1899326.364,0,1
"H5","CHN","70","China","CHN","China",2017,"Gross Imp.",1,234286.709,0,1
"H5","CHN","70","China","CHN","China",2018,"Gross Imp.",1,226924.816,0,1
"H5","CHN","70","China","CHN","China",2019,"Gross Imp.",1,221308.81,0,1
"H5","CHN","70","China","CHN","China",2020,"Gross Imp.",1,445581.986,0,1
"H5","CHN","70","China","CHN","China",2021,"Gross Imp.",1,477838.753,0,1
"H5","CHN","70","China","USA","United States",2017,"Gross Imp.",1,872455.231,0,1
"H5","CHN","70","China","USA","United States",2018,"Gross Imp.",1,1004605.795,0,1
"H5","CHN","70","China","USA","United States",2019,"Gross Imp.",1,1015628.817,0,1
"H5","CHN","70","China","USA","United States",2020,"Gross Imp.",1,849807.336,0,1
"H5","CHN","70","China","USA","United States",2021,"Gross Imp.",1,980057.494,0,1
"H5","CHN","70","China","WLD"," World",2017,"Gross Imp.",1,7219290.605,0,1
"H5","CHN","70","China","WLD"," World",2018,"Gross Imp.",1,7784375.272,0,1
"H5","CHN","70","China","WLD"," World",2019,"Gross Imp.",1,7586927.06,0,1
"H5","CHN","70","China","WLD"," World",2020,"Gross Imp.",1,7855827.751,0,1
"H5","CHN","70","China","WLD"," World",2021,"Gross Imp.",1,8558149.838,0,1
"H5","CHN","71","China","CHN","China",2017,"Gross Imp.",1,1172979.269,0,1
"H5","CHN","71","China","CHN","China",2018,"Gross Imp.",1,1034379.937,0,1
"H5","CHN","71","China","CHN","China",2019,"Gross Imp.",1,659723.676,0,1
"H5","CHN","71","China","CHN","China",2020,"Gross Imp.",1,298508.988,0,1
"H5","CHN","71","China","CHN","China",2021,"Gross Imp.",1,1492884.241,0,1
"H5","CHN","71","China","USA","United States",2017,"Gross Imp.",1,5306287.575,0,1
"H5","CHN","71","China","USA","United States",2018,"Gross Imp.",1,4442211.155,0,1
"H5","CHN","71","China","USA","United States",2019,"Gross Imp.",1,674633.171,0,1
"H5","CHN","71","China","USA","United States",2020,"Gross Imp.",1,728721.668,0,1
"H5","CHN","71","China","USA","United States",2021,"Gross Imp.",1,1081881.024,0,1
"H5","CHN","71","China","WLD"," World",2017,"Gross Imp.",1,65288227.194,0,1
"H5","CHN","71","China","WLD"," World",2018,"Gross Imp.",1,78045977.834,0,1
"H5","CHN","71","China","WLD"," World",2019,"Gross Imp.",1,60463720.659,0,1
"H5","CHN","71","China","WLD"," World",2020,"Gross Imp.",1,31735388.057,0,1
"H5","CHN","71","China","WLD"," World",2021,"Gross Imp.",1,77417421.702,0,1
"H5","CHN","72","China","CHN","China",2017,"Gross Imp.",1,150349.511,0,1
"H5","CHN","72","China","CHN","China",2018,"Gross Imp.",1,141318.894,0,1
"H5","CHN","72","China","CHN","China",2019,"Gross Imp.",1,123911.136,0,1
"H5","CHN","72","China","CHN","China",2020,"Gross Imp.",1,99143.245,0,1
"H5","CHN","72","China","CHN","China",2021,"Gross Imp.",1,115573.113,0,1
"H5","CHN","72","China","USA","United States",2017,"Gross Imp.",1,369395.418,0,1
"H5","CHN","72","China","USA","United States",2018,"Gross Imp.",1,422436.045,0,1
"H5","CHN","72","China","USA","United States",2019,"Gross Imp.",1,276738.968,0,1
"H5","CHN","72","China","USA","United States",2020,"Gross Imp.",1,414792.046,0,1
"H5","CHN","72","China","USA","United States",2021,"Gross Imp.",1,304193.571,0,1
"H5","CHN","72","China","WLD"," World",2017,"Gross Imp.",1,21475573.59,0,1
"H5","CHN","72","China","WLD"," World",2018,"Gross Imp.",1,22369894.746,0,1
"H5","CHN","72","China","WLD"," World",2019,"Gross Imp.",1,23409734.687,0,1
"H5","CHN","72","China","WLD"," World",2020,"Gross Imp.",1,36901161.339,0,1
"H5","CHN","72","China","WLD"," World",2021,"Gross Imp.",1,43547900.367,0,1
"H5","CHN","73","China","CHN","China",2017,"Gross Imp.",1,536693.232,0,1
"H5","CHN","73","China","CHN","China",2018,"Gross Imp.",1,516350.772,0,1
"H5","CHN","73","China","CHN","China",2019,"Gross Imp.",1,522290.921,0,1
"H5","CHN","73","China","CHN","China",2020,"Gross Imp.",1,427179.361,0,1
"H5","CHN","73","China","CHN","China",2021,"Gross Imp.",1,483611.109,0,1
"H5","CHN","73","China","USA","United States",2017,"Gross Imp.",1,1172839.84,0,1
"H5","CHN","73","China","USA","United States",2018,"Gross Imp.",1,1249072.899,0,1
"H5","CHN","73","China","USA","United States",2019,"Gross Imp.",1,1082334.783,0,1
"H5","CHN","73","China","USA","United States",2020,"Gross Imp.",1,953946.989,0,1
"H5","CHN","73","China","USA","United States",2021,"Gross Imp.",1,1096744.492,0,1
"H5","CHN","73","China","WLD"," World",2017,"Gross Imp.",1,10020271.142,0,1
"H5","CHN","73","China","WLD"," World",2018,"Gross Imp.",1,10760592.478,0,1
"H5","CHN","73","China","WLD"," World",2019,"Gross Imp.",1,9859672.764,0,1
"H5","CHN","73","China","WLD"," World",2020,"Gross Imp.",1,9476786.839,0,1
"H5","CHN","73","China","WLD"," World",2021,"Gross Imp.",1,10654844.125,0,1
"H5","CHN","74","China","CHN","China",2017,"Gross Imp.",1,1405987.912,0,1
"H5","CHN","74","China","CHN","China",2018,"Gross Imp.",1,1111658.25,0,1
"H5","CHN","74","China","CHN","China",2019,"Gross Imp.",1,543124.077,0,1
"H5","CHN","74","China","CHN","China",2020,"Gross Imp.",1,569031.87,0,1
"H5","CHN","74","China","CHN","China",2021,"Gross Imp.",1,642560.1,0,1
"H5","CHN","74","China","USA","United States",2017,"Gross Imp.",1,1668236.9,0,1
"H5","CHN","74","China","USA","United States",2018,"Gross Imp.",1,1648742.361,0,1
"H5","CHN","74","China","USA","United States",2019,"Gross Imp.",1,754595.026,0,1
"H5","CHN","74","China","USA","United States",2020,"Gross Imp.",1,767477.434,0,1
"H5","CHN","74","China","USA","United States",2021,"Gross Imp.",1,2173844.666,0,1
"H5","CHN","74","China","WLD"," World",2017,"Gross Imp.",1,41284905.694,0,1
"H5","CHN","74","China","WLD"," World",2018,"Gross Imp.",1,47536738.321,0,1
"H5","CHN","74","China","WLD"," World",2019,"Gross Imp.",1,40626446.365,0,1
"H5","CHN","74","China","WLD"," World",2020,"Gross Imp.",1,48913982.512,0,1
"H5","CHN","74","China","WLD"," World",2021,"Gross Imp.",1,66113950.791,0,1
"H5","CHN","75","China","CHN","China",2017,"Gross Imp.",1,52546.619,0,1
"H5","CHN","75","China","CHN","China",2018,"Gross Imp.",1,6397.732,0,1
"H5","CHN","75","China","CHN","China",2019,"Gross Imp.",1,22296.835,0,1
"H5","CHN","75","China","CHN","China",2020,"Gross Imp.",1,4023.817,0,1
"H5","CHN","75","China","CHN","China",2021,"Gross Imp.",1,4078.964,0,1
"H5","CHN","75","China","USA","United States",2017,"Gross Imp.",1,306856.733,0,1
"H5","CHN","75","China","USA","United States",2018,"Gross Imp.",1,387236.857,0,1
"H5","CHN","75","China","USA","United States",2019,"Gross Imp.",1,449436.029,0,1
"H5","CHN","75","China","USA","United States",2020,"Gross Imp.",1,330577.6,0,1
"H5","CHN","75","China","USA","United States",2021,"Gross Imp.",1,419617.547,0,1
"H5","CHN","75","China","WLD"," World",2017,"Gross Imp.",1,4643077.817,0,1
"H5","CHN","75","China","WLD"," World",2018,"Gross Imp.",1,5486753.857,0,1
"H5","CHN","75","China","WLD"," World",2019,"Gross Imp.",1,5571682.11,0,1
"H5","CHN","75","China","WLD"," World",2020,"Gross Imp.",1,4274387.674,0,1
"H5","CHN","75","China","WLD"," World",2021,"Gross Imp.",1,8464738.606,0,1
"H5","CHN","76","China","CHN","China",2017,"Gross Imp.",1,210456.493,0,1
"H5","CHN","76","China","CHN","China",2018,"Gross Imp.",1,168644.638,0,1
"H5","CHN","76","China","CHN","China",2019,"Gross Imp.",1,133788.283,0,1
"H5","CHN","76","China","CHN","China",2020,"Gross Imp.",1,124264.547,0,1
"H5","CHN","76","China","CHN","China",2021,"Gross Imp.",1,118823.537,0,1
"H5","CHN","76","China","USA","United States",2017,"Gross Imp.",1,1200761.743,0,1
"H5","CHN","76","China","USA","United States",2018,"Gross Imp.",1,1235516.504,0,1
"H5","CHN","76","China","USA","United States",2019,"Gross Imp.",1,948793.412,0,1
"H5","CHN","76","China","USA","United States",2020,"Gross Imp.",1,550183.126,0,1
"H5","CHN","76","China","USA","United States",2021,"Gross Imp.",1,410377.607,0,1
"H5","CHN","76","China","WLD"," World",2017,"Gross Imp.",1,6618069.715,0,1
"H5","CHN","76","China","WLD"," World",2018,"Gross Imp.",1,6643371.182,0,1
"H5","CHN","76","China","WLD"," World",2019,"Gross Imp.",1,5796670.399,0,1
"H5","CHN","76","China","WLD"," World",2020,"Gross Imp.",1,8147556.363,0,1
"H5","CHN","76","China","WLD"," World",2021,"Gross Imp.",1,12488320.823,0,1
"H5","CHN","78","China","CHN","China",2017,"Gross Imp.",1,0.648,0,1
"H5","CHN","78","China","CHN","China",2018,"Gross Imp.",1,47.108,0,1
"H5","CHN","78","China","CHN","China",2019,"Gross Imp.",1,2.96,0,1
"H5","CHN","78","China","CHN","China",2020,"Gross Imp.",1,9.309,0,1
"H5","CHN","78","China","CHN","China",2021,"Gross Imp.",1,15.822,0,1
"H5","CHN","78","China","USA","United States",2017,"Gross Imp.",1,2698.777,0,1
"H5","CHN","78","China","USA","United States",2018,"Gross Imp.",1,3575.489,0,1
"H5","CHN","78","China","USA","United States",2019,"Gross Imp.",1,2819.764,0,1
"H5","CHN","78","China","USA","United States",2020,"Gross Imp.",1,2802.162,0,1
"H5","CHN","78","China","USA","United States",2021,"Gross Imp.",1,3512.358,0,1
"H5","CHN","78","China","WLD"," World",2017,"Gross Imp.",1,265146.035,0,1
"H5","CHN","78","China","WLD"," World",2018,"Gross Imp.",1,401899.307,0,1
"H5","CHN","78","China","WLD"," World",2019,"Gross Imp.",1,369685.547,0,1
"H5","CHN","78","China","WLD"," World",2020,"Gross Imp.",1,120720.42,0,1
"H5","CHN","78","China","WLD"," World",2021,"Gross Imp.",1,114569.111,0,1
"H5","CHN","79","China","CHN","China",2017,"Gross Imp.",1,12735.852,0,1
"H5","CHN","79","China","CHN","China",2018,"Gross Imp.",1,11592.485,0,1
"H5","CHN","79","China","CHN","China",2019,"Gross Imp.",1,11031.157,0,1
"H5","CHN","79","China","CHN","China",2020,"Gross Imp.",1,9572.442,0,1
"H5","CHN","79","China","CHN","China",2021,"Gross Imp.",1,11435.992,0,1
"H5","CHN","79","China","USA","United States",2017,"Gross Imp.",1,22956.457,0,1
"H5","CHN","79","China","USA","United States",2018,"Gross Imp.",1,37224.705,0,1
"H5","CHN","79","China","USA","United States",2019,"Gross Imp.",1,31151.047,0,1
"H5","CHN","79","China","USA","United States",2020,"Gross Imp.",1,28942.451,0,1
"H5","CHN","79","China","USA","United States",2021,"Gross Imp.",1,24131.317,0,1
"H5","CHN","79","China","WLD"," World",2017,"Gross Imp.",1,2496799.321,0,1
"H5","CHN","79","China","WLD"," World",2018,"Gross Imp.",1,2573363.136,0,1
"H5","CHN","79","China","WLD"," World",2019,"Gross Imp.",1,2092022.514,0,1
"H5","CHN","79","China","WLD"," World",2020,"Gross Imp.",1,1996605.318,0,1
"H5","CHN","79","China","WLD"," World",2021,"Gross Imp.",1,1685127.438,0,1
"H5","CHN","80","China","CHN","China",2017,"Gross Imp.",1,23472.765,0,1
"H5","CHN","80","China","CHN","China",2018,"Gross Imp.",1,19724.735,0,1
"H5","CHN","80","China","CHN","China",2019,"Gross Imp.",1,15341.668,0,1
"H5","CHN","80","China","CHN","China",2020,"Gross Imp.",1,11880.586,0,1
"H5","CHN","80","China","CHN","China",2021,"Gross Imp.",1,20207.971,0,1
"H5","CHN","80","China","USA","United States",2017,"Gross Imp.",1,3435.969,0,1
"H5","CHN","80","China","USA","United States",2018,"Gross Imp.",1,2743.61,0,1
"H5","CHN","80","China","USA","United States",2019,"Gross Imp.",1,2699.789,0,1
"H5","CHN","80","China","USA","United States",2020,"Gross Imp.",1,2423.282,0,1
"H5","CHN","80","China","USA","United States",2021,"Gross Imp.",1,3384.726,0,1
"H5","CHN","80","China","WLD"," World",2017,"Gross Imp.",1,208780.375,0,1
"H5","CHN","80","China","WLD"," World",2018,"Gross Imp.",1,178853.72,0,1
"H5","CHN","80","China","WLD"," World",2019,"Gross Imp.",1,159022.706,0,1
"H5","CHN","80","China","WLD"," World",2020,"Gross Imp.",1,410548.964,0,1
"H5","CHN","80","China","WLD"," World",2021,"Gross Imp.",1,283619.737,0,1
"H5","CHN","81","China","CHN","China",2017,"Gross Imp.",1,32393.123,0,1
"H5","CHN","81","China","CHN","China",2018,"Gross Imp.",1,50699.012,0,1
"H5","CHN","81","China","CHN","China",2019,"Gross Imp.",1,46611.618,0,1
"H5","CHN","81","China","CHN","China",2020,"Gross Imp.",1,37044.951,0,1
"H5","CHN","81","China","CHN","China",2021,"Gross Imp.",1,54305.878,0,1
"H5","CHN","81","China","USA","United States",2017,"Gross Imp.",1,290848.475,0,1
"H5","CHN","81","China","USA","United States",2018,"Gross Imp.",1,265568.947,0,1
"H5","CHN","81","China","USA","United States",2019,"Gross Imp.",1,320553.521,0,1
"H5","CHN","81","China","USA","United States",2020,"Gross Imp.",1,297869.38,0,1
"H5","CHN","81","China","USA","United States",2021,"Gross Imp.",1,321924.746,0,1
"H5","CHN","81","China","WLD"," World",2017,"Gross Imp.",1,3098410.139,0,1
"H5","CHN","81","China","WLD"," World",2018,"Gross Imp.",1,4780277.651,0,1
"H5","CHN","81","China","WLD"," World",2019,"Gross Imp.",1,3112541.869,0,1
"H5","CHN","81","China","WLD"," World",2020,"Gross Imp.",1,3434828.754,0,1
"H5","CHN","81","China","WLD"," World",2021,"Gross Imp.",1,5931977.456,0,1
"H5","CHN","82","China","CHN","China",2017,"Gross Imp.",1,125666.15,0,1
"H5","CHN","82","China","CHN","China",2018,"Gross Imp.",1,107623.815,0,1
"H5","CHN","82","China","CHN","China",2019,"Gross Imp.",1,127508.569,0,1
"H5","CHN","82","China","CHN","China",2020,"Gross Imp.",1,98000.179,0,1
"H5","CHN","82","China","CHN","China",2021,"Gross Imp.",1,77363.846,0,1
"H5","CHN","82","China","USA","United States",2017,"Gross Imp.",1,272176.384,0,1
"H5","CHN","82","China","USA","United States",2018,"Gross Imp.",1,281411.707,0,1
"H5","CHN","82","China","USA","United States",2019,"Gross Imp.",1,262666.09,0,1
"H5","CHN","82","China","USA","United States",2020,"Gross Imp.",1,211683.867,0,1
"H5","CHN","82","China","USA","United States",2021,"Gross Imp.",1,234877.66,0,1
"H5","CHN","82","China","WLD"," World",2017,"Gross Imp.",1,3642705.879,0,1
"H5","CHN","82","China","WLD"," World",2018,"Gross Imp.",1,3851791.474,0,1
"H5","CHN","82","China","WLD"," World",2019,"Gross Imp.",1,3508786.389,0,1
"H5","CHN","82","China","WLD"," World",2020,"Gross Imp.",1,3117944.117,0,1
"H5","CHN","82","China","WLD"," World",2021,"Gross Imp.",1,3468782.813,0,1
"H5","CHN","83","China","CHN","China",2017,"Gross Imp.",1,108909.124,0,1
"H5","CHN","83","China","CHN","China",2018,"Gross Imp.",1,109464.061,0,1
"H5","CHN","83","China","CHN","China",2019,"Gross Imp.",1,101992.195,0,1
"H5","CHN","83","China","CHN","China",2020,"Gross Imp.",1,120272.584,0,1
"H5","CHN","83","China","CHN","China",2021,"Gross Imp.",1,115571.811,0,1
"H5","CHN","83","China","USA","United States",2017,"Gross Imp.",1,169960.172,0,1
"H5","CHN","83","China","USA","United States",2018,"Gross Imp.",1,180897.839,0,1
"H5","CHN","83","China","USA","United States",2019,"Gross Imp.",1,166785.399,0,1
"H5","USA","95","United States","CHN","China",2019,"Gross Imp.",1,26782858.712,0,1
"H5","USA","95","United States","CHN","China",2020,"Gross Imp.",1,27845613.734,0,1
"H5","USA","95","United States","CHN","China",2021,"Gross Imp.",1,40420476.13,0,1
"H5","USA","95","United States","WLD"," World",2017,"Gross Imp.",1,32704515.936,0,1
"H5","USA","95","United States","WLD"," World",2018,"Gross Imp.",1,34410852.178,0,1
"H5","USA","95","United States","WLD"," World",2019,"Gross Imp.",1,34116748.726,0,1
"H5","USA","95","United States","WLD"," World",2020,"Gross Imp.",1,36372266.164,0,1
"H5","USA","95","United States","WLD"," World",2021,"Gross Imp.",1,51860688.172,0,1
"H5","USA","96","United States","CHN","China",2017,"Gross Imp.",1,3241530.879,0,1
"H5","USA","96","United States","CHN","China",2018,"Gross Imp.",1,3579077.98,0,1
"H5","USA","96","United States","CHN","China",2019,"Gross Imp.",1,3625527.628,0,1
"H5","USA","96","United States","CHN","China",2020,"Gross Imp.",1,3442686.885,0,1
"H5","USA","96","United States","CHN","China",2021,"Gross Imp.",1,4204912.636,0,1
"H5","USA","96","United States","WLD"," World",2017,"Gross Imp.",1,6414610.189,0,1
"H5","USA","96","United States","WLD"," World",2018,"Gross Imp.",1,6756069.268,0,1
"H5","USA","96","United States","WLD"," World",2019,"Gross Imp.",1,6831348.641,0,1
"H5","USA","96","United States","WLD"," World",2020,"Gross Imp.",1,6506708.238,0,1
"H5","USA","96","United States","WLD"," World",2021,"Gross Imp.",1,7883454.703,0,1
"H5","USA","97","United States","CHN","China",2017,"Gross Imp.",1,285088.002,0,1
"H5","USA","97","United States","CHN","China",2018,"Gross Imp.",1,290374.55,0,1
"H5","USA","97","United States","CHN","China",2019,"Gross Imp.",1,325060.714,0,1
"H5","USA","97","United States","CHN","China",2020,"Gross Imp.",1,134775.323,0,1
"H5","USA","97","United States","CHN","China",2021,"Gross Imp.",1,148409.004,0,1
"H5","USA","97","United States","WLD"," World",2017,"Gross Imp.",1,10397546.054,0,1
"H5","USA","97","United States","WLD"," World",2018,"Gross Imp.",1,11796789.787,0,1
"H5","USA","97","United States","WLD"," World",2019,"Gross Imp.",1,11803588.274,0,1
"H5","USA","97","United States","WLD"," World",2020,"Gross Imp.",1,5253668.073,0,1
"H5","USA","97","United States","WLD"," World",2021,"Gross Imp.",1,8378632.703,0,1
"H5","USA","99","United States","CHN","China",2017,"Gross Imp.",1,6243902.561,0,1
"H5","USA","99","United States","CHN","China",2018,"Gross Imp.",1,7038292.938,0,1
"H5","USA","99","United States","CHN","China",2019,"Gross Imp.",1,8590536.544,0,1
"H5","USA","99","United States","CHN","China",2020,"Gross Imp.",1,9802363.515,0,1
"H5","USA","99","United States","CHN","China",2021,"Gross Imp.",1,9951382.1,0,1
"H5","USA","99","United States","WLD"," World",2017,"Gross Imp.",1,90992565.603,0,1
"H5","USA","99","United States","WLD"," World",2018,"Gross Imp.",1,101450434.912,0,1
"H5","USA","99","United States","WLD"," World",2019,"Gross Imp.",1,113246610.834,0,1
"H5","USA","99","United States","WLD"," World",2020,"Gross Imp.",1,102547452.199,0,1
"H5","USA","99","United States","WLD"," World",2021,"Gross Imp.",1,120528976.844,0,1
"H5","CHN","83","China","USA","United States",2020,"Gross Imp.",1,152971.153,0,1
"H5","CHN","83","China","USA","United States",2021,"Gross Imp.",1,182293.543,0,1
"H5","CHN","83","China","WLD"," World",2017,"Gross Imp.",1,1810032.719,0,1
"H5","CHN","83","China","WLD"," World",2018,"Gross Imp.",1,1940200.532,0,1
"H5","CHN","83","China","WLD"," World",2019,"Gross Imp.",1,1905150.035,0,1
"H5","CHN","83","China","WLD"," World",2020,"Gross Imp.",1,1816649.852,0,1
"H5","CHN","83","China","WLD"," World",2021,"Gross Imp.",1,2244095.75,0,1
"H5","CHN","84","China","CHN","China",2017,"Gross Imp.",1,20939897.436,0,1
"H5","CHN","84","China","CHN","China",2018,"Gross Imp.",1,24776222.733,0,1
"H5","CHN","84","China","CHN","China",2019,"Gross Imp.",1,19661854.018,0,1
"H5","CHN","84","China","CHN","China",2020,"Gross Imp.",1,18037946.405,0,1
"H5","CHN","84","China","CHN","China",2021,"Gross Imp.",1,21235002.254,0,1
"H5","CHN","84","China","USA","United States",2017,"Gross Imp.",1,16473835.909,0,1
"H5","CHN","84","China","USA","United States",2018,"Gross Imp.",1,18380411.798,0,1
"H5","CHN","84","China","USA","United States",2019,"Gross Imp.",1,17534314.371,0,1
"H5","CHN","84","China","USA","United States",2020,"Gross Imp.",1,16978664.708,0,1
"H5","CHN","84","China","USA","United States",2021,"Gross Imp.",1,19675378.28,0,1
"H5","CHN","84","China","WLD"," World",2017,"Gross Imp.",1,169532408.468,0,1
"H5","CHN","84","China","WLD"," World",2018,"Gross Imp.",1,202191235.432,0,1
"H5","CHN","84","China","WLD"," World",2019,"Gross Imp.",1,190400422.278,0,1
"H5","CHN","84","China","WLD"," World",2020,"Gross Imp.",1,192047118.444,0,1
"H5","CHN","84","China","WLD"," World",2021,"Gross Imp.",1,230992415.07,0,1
"H5","CHN","85","China","CHN","China",2017,"Gross Imp.",1,88971064.059,0,1
"H5","CHN","85","China","CHN","China",2018,"Gross Imp.",1,99712505.21,0,1
"H5","CHN","85","China","CHN","China",2019,"Gross Imp.",1,90082096.644,0,1
"H5","CHN","85","China","CHN","China",2020,"Gross Imp.",1,88627366.096,0,1
"H5","CHN","85","China","CHN","China",2021,"Gross Imp.",1,112787732.959,0,1
"H5","CHN","85","China","USA","United States",2017,"Gross Imp.",1,17388390.847,0,1
"H5","CHN","85","China","USA","United States",2018,"Gross Imp.",1,19725089.764,0,1
"H5","CHN","85","China","USA","United States",2019,"Gross Imp.",1,20232325.157,0,1
"H5","CHN","85","China","USA","United States",2020,"Gross Imp.",1,20929275.259,0,1
"H5","CHN","85","China","USA","United States",2021,"Gross Imp.",1,22492021.688,0,1
"H5","CHN","85","China","WLD"," World",2017,"Gross Imp.",1,457922455.873,0,1
"H5","CHN","85","China","WLD"," World",2018,"Gross Imp.",1,521631590.196,0,1
"H5","CHN","85","China","WLD"," World",2019,"Gross Imp.",1,497419966.768,0,1
"H5","CHN","85","China","WLD"," World",2020,"Gross Imp.",1,548420355.699,0,1
"H5","CHN","85","China","WLD"," World",2021,"Gross Imp.",1,665992040.487,0,1
"H5","CHN","86","China","CHN","China",2017,"Gross Imp.",1,4799.733,0,1
"H5","CHN","86","China","CHN","China",2018,"Gross Imp.",1,4659.044,0,1
"H5","CHN","86","China","CHN","China",2019,"Gross Imp.",1,7799.789,0,1
"H5","CHN","86","China","CHN","China",2020,"Gross Imp.",1,12962.508,0,1
"H5","CHN","86","China","CHN","China",2021,"Gross Imp.",1,32673.684,0,1
"H5","CHN","86","China","USA","United States",2017,"Gross Imp.",1,37843.443,0,1
"H5","CHN","86","China","USA","United States",2018,"Gross Imp.",1,37734.039,0,1
"H5","CHN","86","China","USA","United States",2019,"Gross Imp.",1,35876.57,0,1
"H5","CHN","86","China","USA","United States",2020,"Gross Imp.",1,19255.875,0,1
"H5","CHN","86","China","USA","United States",2021,"Gross Imp.",1,45183.912,0,1
"H5","CHN","86","China","WLD"," World",2017,"Gross Imp.",1,762788.31,0,1
"H5","CHN","86","China","WLD"," World",2018,"Gross Imp.",1,792958.66,0,1
"H5","CHN","86","China","WLD"," World",2019,"Gross Imp.",1,715240.028,0,1
"H5","CHN","86","China","WLD"," World",2020,"Gross Imp.",1,717116.902,0,1
"H5","CHN","86","China","WLD"," World",2021,"Gross Imp.",1,586977.165,0,1
"H5","CHN","87","China","CHN","China",2017,"Gross Imp.",1,105281.055,0,1
"H5","CHN","87","China","CHN","China",2018,"Gross Imp.",1,112874.542,0,1
"H5","CHN","87","China","CHN","China",2019,"Gross Imp.",1,138960.179,0,1
"H5","CHN","87","China","CHN","China",2020,"Gross Imp.",1,236989.818,0,1
"H5","CHN","87","China","CHN","China",2021,"Gross Imp.",1,296356.558,0,1
"H5","CHN","87","China","USA","United States",2017,"Gross Imp.",1,15094174.396,0,1
"H5","CHN","87","China","USA","United States",2018,"Gross Imp.",1,12624046.952,0,1
"H5","CHN","87","China","USA","United States",2019,"Gross Imp.",1,10684021.734,0,1
"H5","CHN","87","China","USA","United States",2020,"Gross Imp.",1,10887718.089,0,1
"H5","CHN","87","China","USA","United States",2021,"Gross Imp.",1,13837294.162,0,1
"H5","CHN","87","China","WLD"," World",2017,"Gross Imp.",1,79245672.137,0,1
"H5","CHN","87","China","WLD"," World",2018,"Gross Imp.",1,81519614.884,0,1
"H5","CHN","87","China","WLD"," World",2019,"Gross Imp.",1,75137221.974,0,1
"H5","CHN","87","China","WLD"," World",2020,"Gross Imp.",1,73985238.048,0,1
"H5","CHN","87","China","WLD"," World",2021,"Gross Imp.",1,86382418.522,0,1
"H5","CHN","88","China","CHN","China",2017,"Gross Imp.",1,20900.551,0,1
"H5","CHN","88","China","CHN","China",2018,"Gross Imp.",1,7962.626,0,1
"H5","CHN","88","China","CHN","China",2019,"Gross Imp.",1,8032.317,0,1
"H5","CHN","88","China","CHN","China",2020,"Gross Imp.",1,12143.947,0,1
"H5","CHN","88","China","CHN","China",2021,"Gross Imp.",1,53723.157,0,1
"H5","CHN","88","China","USA","United States",2017,"Gross Imp.",1,14063361.579,0,1
"H5","CHN","88","China","USA","United States",2018,"Gross Imp.",1,16498662.428,0,1
"H5","CHN","88","China","USA","United States",2019,"Gross Imp.",1,7128029.186,0,1
"H5","CHN","88","China","USA","United States",2020,"Gross Imp.",1,2742512.656,0,1
"H5","CHN","88","China","USA","United States",2021,"Gross Imp.",1,2180245.898,0,1
"H5","CHN","88","China","WLD"," World",2017,"Gross Imp.",1,25493484.213,0,1
"H5","CHN","88","China","WLD"," World",2018,"Gross Imp.",1,30541058.766,0,1
"H5","CHN","88","China","WLD"," World",2019,"Gross Imp.",1,19332821.303,0,1
"H5","CHN","88","China","WLD"," World",2020,"Gross Imp.",1,9400923.825,0,1
"H5","CHN","88","China","WLD"," World",2021,"Gross Imp.",1,11488338.765,0,1
"H5","CHN","89","China","CHN","China",2017,"Gross Imp.",1,445268.129,0,1
"H5","CHN","89","China","CHN","China",2018,"Gross Imp.",1,957874.851,0,1
"H5","CHN","89","China","CHN","China",2019,"Gross Imp.",1,1444645.581,0,1
"H5","CHN","89","China","CHN","China",2020,"Gross Imp.",1,1585482.36,0,1
"H5","CHN","89","China","CHN","China",2021,"Gross Imp.",1,1728982.36,0,1
"H5","CHN","89","China","USA","United States",2017,"Gross Imp.",1,35803.141,0,1
"H5","CHN","89","China","USA","United States",2018,"Gross Imp.",1,24091.365,0,1
"H5","CHN","89","China","USA","United States",2019,"Gross Imp.",1,12661.84,0,1
"H5","CHN","89","China","USA","United States",2020,"Gross Imp.",1,10867.434,0,1
"H5","CHN","89","China","USA","United States",2021,"Gross Imp.",1,29260.668,0,1
"H5","CHN","89","China","WLD"," World",2017,"Gross Imp.",1,1765833.226,0,1
"H5","CHN","89","China","WLD"," World",2018,"Gross Imp.",1,2057043.431,0,1
"H5","CHN","89","China","WLD"," World",2019,"Gross Imp.",1,2206083.59,0,1
"H5","CHN","89","China","WLD"," World",2020,"Gross Imp.",1,2477359.797,0,1
"H5","CHN","89","China","WLD"," World",2021,"Gross Imp.",1,3059925.403,0,1
"H5","CHN","90","China","CHN","China",2017,"Gross Imp.",1,9108142.463,0,1
"H5","CHN","90","China","CHN","China",2018,"Gross Imp.",1,8236715.569,0,1
"H5","CHN","90","China","CHN","China",2019,"Gross Imp.",1,7226454.648,0,1
"H5","CHN","90","China","CHN","China",2020,"Gross Imp.",1,7089382.009,0,1
"H5","CHN","90","China","CHN","China",2021,"Gross Imp.",1,6908203.005,0,1
"H5","CHN","90","China","USA","United States",2017,"Gross Imp.",1,11737990.651,0,1
"H5","CHN","90","China","USA","United States",2018,"Gross Imp.",1,13208905.855,0,1
"H5","CHN","90","China","USA","United States",2019,"Gross Imp.",1,12465629.627,0,1
"H5","CHN","90","China","USA","United States",2020,"Gross Imp.",1,12027328.174,0,1
"H5","CHN","90","China","USA","United States",2021,"Gross Imp.",1,13248835.167,0,1
"H5","CHN","90","China","WLD"," World",2017,"Gross Imp.",1,97468605.433,0,1
"H5","CHN","90","China","WLD"," World",2018,"Gross Imp.",1,102626058.041,0,1
"H5","CHN","90","China","WLD"," World",2019,"Gross Imp.",1,98708866.323,0,1
"H5","CHN","90","China","WLD"," World",2020,"Gross Imp.",1,99066911.025,0,1
"H5","CHN","90","China","WLD"," World",2021,"Gross Imp.",1,108558100.625,0,1
"H5","CHN","91","China","CHN","China",2017,"Gross Imp.",1,749252.712,0,1
"H5","CHN","91","China","CHN","China",2018,"Gross Imp.",1,763993.476,0,1
"H5","CHN","91","China","CHN","China",2019,"Gross Imp.",1,807961.252,0,1
"H5","CHN","91","China","CHN","China",2020,"Gross Imp.",1,533665.572,0,1
"H5","CHN","91","China","CHN","China",2021,"Gross Imp.",1,605562.615,0,1
"H5","CHN","91","China","USA","United States",2017,"Gross Imp.",1,2725.306,0,1
"H5","CHN","91","China","USA","United States",2018,"Gross Imp.",1,11982.025,0,1
"H5","CHN","91","China","USA","United States",2019,"Gross Imp.",1,14659.785,0,1
"H5","CHN","91","China","USA","United States",2020,"Gross Imp.",1,12409.588,0,1
"H5","CHN","91","China","USA","United States",2021,"Gross Imp.",1,11298.703,0,1
"H5","CHN","91","China","WLD"," World",2017,"Gross Imp.",1,3327457.565,0,1
"H5","CHN","91","China","WLD"," World",2018,"Gross Imp.",1,3790747.148,0,1
"H5","CHN","91","China","WLD"," World",2019,"Gross Imp.",1,4114413.492,0,1
"H5","CHN","91","China","WLD"," World",2020,"Gross Imp.",1,4468953.533,0,1
"H5","CHN","91","China","WLD"," World",2021,"Gross Imp.",1,5751495.143,0,1
"H5","CHN","92","China","CHN","China",2017,"Gross Imp.",1,9652.226,0,1
"H5","CHN","92","China","CHN","China",2018,"Gross Imp.",1,8074.179,0,1
"H5","CHN","92","China","CHN","China",2019,"Gross Imp.",1,6610.072,0,1
"H5","CHN","92","China","CHN","China",2020,"Gross Imp.",1,5056.751,0,1
"H5","CHN","92","China","CHN","China",2021,"Gross Imp.",1,6192.384,0,1
"H5","CHN","92","China","USA","United States",2017,"Gross Imp.",1,24019.306,0,1
"H5","CHN","92","China","USA","United States",2018,"Gross Imp.",1,25656.828,0,1
"H5","CHN","92","China","USA","United States",2019,"Gross Imp.",1,25577.079,0,1
"H5","CHN","92","China","USA","United States",2020,"Gross Imp.",1,22786.808,0,1
"H5","CHN","92","China","USA","United States",2021,"Gross Imp.",1,34569.341,0,1
"H5","CHN","92","China","WLD"," World",2017,"Gross Imp.",1,403360.661,0,1
"H5","CHN","92","China","WLD"," World",2018,"Gross Imp.",1,488204.363,0,1
"H5","CHN","92","China","WLD"," World",2019,"Gross Imp.",1,528476.298,0,1
"H5","CHN","92","China","WLD"," World",2020,"Gross Imp.",1,443733.421,0,1
"H5","CHN","92","China","WLD"," World",2021,"Gross Imp.",1,571284.275,0,1
"H5","CHN","93","China","CHN","China",2017,"Gross Imp.",1,60.769,0,1
"H5","CHN","93","China","CHN","China",2018,"Gross Imp.",1,24.949,0,1
"H5","CHN","93","China","CHN","China",2019,"Gross Imp.",1,100.533,0,1
"H5","CHN","93","China","CHN","China",2020,"Gross Imp.",1,15.042,0,1
"H5","CHN","93","China","CHN","China",2021,"Gross Imp.",1,19.828,0,1
"H5","CHN","93","China","USA","United States",2017,"Gross Imp.",1,1357.022,0,1
"H5","CHN","93","China","USA","United States",2018,"Gross Imp.",1,814.517,0,1
"H5","CHN","93","China","USA","United States",2019,"Gross Imp.",1,455.656,0,1
"H5","CHN","93","China","USA","United States",2020,"Gross Imp.",1,290.369,0,1
"H5","CHN","93","China","USA","United States",2021,"Gross Imp.",1,309.894,0,1
"H5","CHN","93","China","WLD"," World",2017,"Gross Imp.",1,7072.914,0,1
"H5","CHN","93","China","WLD"," World",2018,"Gross Imp.",1,8448.96,0,1
"H5","CHN","93","China","WLD"," World",2019,"Gross Imp.",1,10250.449,0,1
"H5","CHN","93","China","WLD"," World",2020,"Gross Imp.",1,10554.848,0,1
"H5","CHN","93","China","WLD"," World",2021,"Gross Imp.",1,7602.383,0,1
"H5","CHN","94","China","CHN","China",2017,"Gross Imp.",1,152942.549,0,1
"H5","CHN","94","China","CHN","China",2018,"Gross Imp.",1,146120.4,0,1
"H5","CHN","94","China","CHN","China",2019,"Gross Imp.",1,137479.507,0,1
"H5","CHN","94","China","CHN","China",2020,"Gross Imp.",1,131933.934,0,1
"H5","CHN","94","China","CHN","China",2021,"Gross Imp.",1,118367.693,0,1
"H5","CHN","94","China","USA","United States",2017,"Gross Imp.",1,271776.269,0,1
"H5","CHN","94","China","USA","United States",2018,"Gross Imp.",1,336092.196,0,1
"H5","CHN","94","China","USA","United States",2019,"Gross Imp.",1,259139.938,0,1
"H5","CHN","94","China","USA","United States",2020,"Gross Imp.",1,175614.473,0,1
"H5","CHN","94","China","USA","United States",2021,"Gross Imp.",1,181777.799,0,1
"H5","CHN","94","China","WLD"," World",2017,"Gross Imp.",1,3700688.801,0,1
"H5","CHN","94","China","WLD"," World",2018,"Gross Imp.",1,3968843.16,0,1
"H5","CHN","94","China","WLD"," World",2019,"Gross Imp.",1,3522346.682,0,1
"H5","CHN","94","China","WLD"," World",2020,"Gross Imp.",1,2900282.81,0,1
"H5","CHN","94","China","WLD"," World",2021,"Gross Imp.",1,3168739.13,0,1
"H5","CHN","95","China","CHN","China",2017,"Gross Imp.",1,595588.458,0,1
"H5","CHN","95","China","CHN","China",2018,"Gross Imp.",1,552566.011,0,1
"H5","CHN","95","China","CHN","China",2019,"Gross Imp.",1,649330.451,0,1
"H5","CHN","95","China","CHN","China",2020,"Gross Imp.",1,645157.905,0,1
"H5","CHN","95","China","CHN","China",2021,"Gross Imp.",1,901323.046,0,1
"H5","CHN","95","China","USA","United States",2017,"Gross Imp.",1,170370.77,0,1
"H5","CHN","95","China","USA","United States",2018,"Gross Imp.",1,188838.69,0,1
"H5","CHN","95","China","USA","United States",2019,"Gross Imp.",1,205344.682,0,1
"H5","CHN","95","China","USA","United States",2020,"Gross Imp.",1,181658.316,0,1
"H5","CHN","95","China","USA","United States",2021,"Gross Imp.",1,132126.209,0,1
"H5","CHN","95","China","WLD"," World",2017,"Gross Imp.",1,2030334.575,0,1
"H5","CHN","95","China","WLD"," World",2018,"Gross Imp.",1,2108906.431,0,1
"H5","CHN","95","China","WLD"," World",2019,"Gross Imp.",1,2527927.039,0,1
"H5","CHN","95","China","WLD"," World",2020,"Gross Imp.",1,2304580.116,0,1
"H5","CHN","95","China","WLD"," World",2021,"Gross Imp.",1,2985459.908,0,1
"H5","CHN","96","China","CHN","China",2017,"Gross Imp.",1,156406.206,0,1
"H5","CHN","96","China","CHN","China",2018,"Gross Imp.",1,171741.113,0,1
"H5","CHN","96","China","CHN","China",2019,"Gross Imp.",1,156445.272,0,1
"H5","CHN","96","China","CHN","China",2020,"Gross Imp.",1,120745.369,0,1
"H5","CHN","96","China","CHN","China",2021,"Gross Imp.",1,150266.405,0,1
"H5","CHN","96","China","USA","United States",2017,"Gross Imp.",1,95210.485,0,1
"H5","CHN","96","China","USA","United States",2018,"Gross Imp.",1,103611.02,0,1
"H5","CHN","96","China","USA","United States",2019,"Gross Imp.",1,104345.9,0,1
"H5","CHN","96","China","USA","United States",2020,"Gross Imp.",1,100147.004,0,1
"H5","CHN","96","China","USA","United States",2021,"Gross Imp.",1,100089.061,0,1
"H5","CHN","96","China","WLD"," World",2017,"Gross Imp.",1,2633976.198,0,1
"H5","CHN","96","China","WLD"," World",2018,"Gross Imp.",1,2591564.083,0,1
"H5","CHN","96","China","WLD"," World",2019,"Gross Imp.",1,2360410.792,0,1
"H5","CHN","96","China","WLD"," World",2020,"Gross Imp.",1,1898933.691,0,1
"H5","CHN","96","China","WLD"," World",2021,"Gross Imp.",1,2047025.723,0,1
"H5","CHN","97","China","CHN","China",2017,"Gross Imp.",1,19266.404,0,1
"H5","CHN","97","China","CHN","China",2018,"Gross Imp.",1,59356.577,0,1
"H5","CHN","97","China","CHN","China",2019,"Gross Imp.",1,528861.329,0,1
"H5","CHN","97","China","CHN","China",2020,"Gross Imp.",1,381438.943,0,1
"H5","CHN","97","China","CHN","China",2021,"Gross Imp.",1,903230.959,0,1
"H5","CHN","97","China","USA","United States",2017,"Gross Imp.",1,10658.426,0,1
"H5","CHN","97","China","USA","United States",2018,"Gross Imp.",1,26946.406,0,1
"H5","CHN","97","China","USA","United States",2019,"Gross Imp.",1,63404.519,0,1
"H5","CHN","97","China","USA","United States",2020,"Gross Imp.",1,45391.526,0,1
"H5","CHN","97","China","USA","United States",2021,"Gross Imp.",1,533724.557,0,1
"H5","CHN","97","China","WLD"," World",2017,"Gross Imp.",1,76640,0,1
"H5","CHN","97","China","WLD"," World",2018,"Gross Imp.",1,173437.281,0,1
"H5","CHN","97","China","WLD"," World",2019,"Gross Imp.",1,840516.965,0,1
"H5","CHN","97","China","WLD"," World",2020,"Gross Imp.",1,669275.419,0,1
"H5","CHN","97","China","WLD"," World",2021,"Gross Imp.",1,2455065.471,0,1
"H5","CHN","99","China","CHN","China",2017,"Gross Imp.",1,168369.616,0,1
"H5","CHN","99","China","CHN","China",2018,"Gross Imp.",1,89403.395,0,1
"H5","CHN","99","China","CHN","China",2019,"Gross Imp.",1,60654.001,0,1
"H5","CHN","99","China","CHN","China",2020,"Gross Imp.",1,67680.695,0,1
"H5","CHN","99","China","CHN","China",2021,"Gross Imp.",1,128159.87,0,1
"H5","CHN","99","China","USA","United States",2017,"Gross Imp.",1,744754.9,0,1
"H5","CHN","99","China","USA","United States",2018,"Gross Imp.",1,376791.602,0,1
"H5","CHN","99","China","USA","United States",2019,"Gross Imp.",1,641999.347,0,1
"H5","CHN","99","China","USA","United States",2020,"Gross Imp.",1,604683.415,0,1
"H5","CHN","99","China","USA","United States",2021,"Gross Imp.",1,717614.631,0,1
"H5","CHN","99","China","WLD"," World",2017,"Gross Imp.",1,14685080.24,0,1
"H5","CHN","99","China","WLD"," World",2018,"Gross Imp.",1,13335402.847,0,1
"H5","CHN","99","China","WLD"," World",2019,"Gross Imp.",1,14911816.984,0,1
"H5","CHN","99","China","WLD"," World",2020,"Gross Imp.",1,10906754.656,0,1
"H5","CHN","99","China","WLD"," World",2021,"Gross Imp.",1,13131254.024,0,1
"H5","USA","01","United States","CHN","China",2017,"Gross Imp.",1,36327.64,0,1
"H5","USA","01","United States","CHN","China",2018,"Gross Imp.",1,46352.348,0,1
"H5","USA","01","United States","CHN","China",2019,"Gross Imp.",1,37690.937,0,1
"H5","USA","01","United States","CHN","China",2020,"Gross Imp.",1,3113.059,0,1
"H5","USA","01","United States","CHN","China",2021,"Gross Imp.",1,4811.968,0,1
"H5","USA","01","United States","WLD"," World",2017,"Gross Imp.",1,2845110.677,0,1
"H5","USA","01","United States","WLD"," World",2018,"Gross Imp.",1,2783132.644,0,1
"H5","USA","01","United States","WLD"," World",2019,"Gross Imp.",1,3047602.381,0,1
"H5","USA","01","United States","WLD"," World",2020,"Gross Imp.",1,2960871.121,0,1
"H5","USA","01","United States","WLD"," World",2021,"Gross Imp.",1,3353883.591,0,1
"H5","USA","02","United States","CHN","China",2017,"Gross Imp.",1,16583.287,0,1
"H5","USA","02","United States","CHN","China",2018,"Gross Imp.",1,16932.695,0,1
"H5","USA","02","United States","CHN","China",2019,"Gross Imp.",1,9796.219,0,1
"H5","USA","02","United States","CHN","China",2020,"Gross Imp.",1,8347.027,0,1
"H5","USA","02","United States","CHN","China",2021,"Gross Imp.",1,9395.457,0,1
"H5","USA","02","United States","WLD"," World",2017,"Gross Imp.",1,8203505.526,0,1
"H5","USA","02","United States","WLD"," World",2018,"Gross Imp.",1,8427160.832,0,1
"H5","USA","02","United States","WLD"," World",2019,"Gross Imp.",1,8764365.118,0,1
"H5","USA","02","United States","WLD"," World",2020,"Gross Imp.",1,9455097.419,0,1
"H5","USA","02","United States","WLD"," World",2021,"Gross Imp.",1,11995695.705,0,1
"H5","USA","03","United States","CHN","China",2017,"Gross Imp.",1,2025938.616,0,1
"H5","USA","03","United States","CHN","China",2018,"Gross Imp.",1,2101476.6,0,1
"H5","USA","03","United States","CHN","China",2019,"Gross Imp.",1,1554253.752,0,1
"H5","USA","03","United States","CHN","China",2020,"Gross Imp.",1,1431244.024,0,1
"H5","USA","03","United States","CHN","China",2021,"Gross Imp.",1,1468545.303,0,1
"H5","USA","03","United States","WLD"," World",2017,"Gross Imp.",1,17901328.287,0,1
"H5","USA","03","United States","WLD"," World",2018,"Gross Imp.",1,18516223.156,0,1
"H5","USA","03","United States","WLD"," World",2019,"Gross Imp.",1,18501028.398,0,1
"H5","USA","03","United States","WLD"," World",2020,"Gross Imp.",1,17538349.771,0,1
"H5","USA","03","United States","WLD"," World",2021,"Gross Imp.",1,23683287.74,0,1
"H5","USA","04","United States","CHN","China",2017,"Gross Imp.",1,12813.592,0,1
"H5","USA","04","United States","CHN","China",2018,"Gross Imp.",1,26021.029,0,1
"H5","USA","04","United States","CHN","China",2019,"Gross Imp.",1,22984.226,0,1
"H5","USA","04","United States","CHN","China",2020,"Gross Imp.",1,10787.504,0,1
"H5","USA","04","United States","CHN","China",2021,"Gross Imp.",1,9176.994,0,1
"H5","USA","04","United States","WLD"," World",2017,"Gross Imp.",1,2601547.958,0,1
"H5","USA","04","United States","WLD"," World",2018,"Gross Imp.",1,2707049.764,0,1
"H5","USA","04","United States","WLD"," World",2019,"Gross Imp.",1,2788670.323,0,1
"H5","USA","04","United States","WLD"," World",2020,"Gross Imp.",1,2704773.889,0,1
"H5","USA","04","United States","WLD"," World",2021,"Gross Imp.",1,3298344.177,0,1
"H5","USA","05","United States","CHN","China",2017,"Gross Imp.",1,453688.881,0,1
"H5","USA","05","United States","CHN","China",2018,"Gross Imp.",1,463002.095,0,1
"H5","USA","05","United States","CHN","China",2019,"Gross Imp.",1,265362.178,0,1
"H5","USA","05","United States","CHN","China",2020,"Gross Imp.",1,161644.438,0,1
"H5","USA","05","United States","CHN","China",2021,"Gross Imp.",1,226297.895,0,1
"H5","USA","05","United States","WLD"," World",2017,"Gross Imp.",1,1112500.054,0,1
"H5","USA","05","United States","WLD"," World",2018,"Gross Imp.",1,1179711.487,0,1
"H5","USA","05","United States","WLD"," World",2019,"Gross Imp.",1,1064785.61,0,1
"H5","USA","05","United States","WLD"," World",2020,"Gross Imp.",1,989023.616,0,1
"H5","USA","05","United States","WLD"," World",2021,"Gross Imp.",1,1192051.235,0,1
"H5","USA","06","United States","CHN","China",2017,"Gross Imp.",1,57871.663,0,1
"H5","USA","06","United States","CHN","China",2018,"Gross Imp.",1,76783.378,0,1
"H5","USA","06","United States","CHN","China",2019,"Gross Imp.",1,78226.28,0,1
"H5","USA","06","United States","CHN","China",2020,"Gross Imp.",1,71210.065,0,1
"H5","USA","06","United States","CHN","China",2021,"Gross Imp.",1,111957.528,0,1
"H5","USA","06","United States","WLD"," World",2017,"Gross Imp.",1,2277650.397,0,1
"H5","USA","06","United States","WLD"," World",2018,"Gross Imp.",1,2435235.786,0,1
"H5","USA","06","United States","WLD"," World",2019,"Gross Imp.",1,2585839.73,0,1
"H5","USA","06","United States","WLD"," World",2020,"Gross Imp.",1,2560641.889,0,1
"H5","USA","06","United States","WLD"," World",2021,"Gross Imp.",1,3562677.662,0,1
"H5","USA","07","United States","CHN","China",2017,"Gross Imp.",1,471596.602,0,1
"H5","USA","07","United States","CHN","China",2018,"Gross Imp.",1,436964.122,0,1
"H5","USA","07","United States","CHN","China",2019,"Gross Imp.",1,351886.824,0,1
"H5","USA","07","United States","CHN","China",2020,"Gross Imp.",1,345532.077,0,1
"H5","USA","07","United States","CHN","China",2021,"Gross Imp.",1,375060.004,0,1
"H5","USA","07","United States","WLD"," World",2017,"Gross Imp.",1,10287827.032,0,1
"H5","USA","07","United States","WLD"," World",2018,"Gross Imp.",1,10935876.086,0,1
"H5","USA","07","United States","WLD"," World",2019,"Gross Imp.",1,11487648.815,0,1
"H5","USA","07","United States","WLD"," World",2020,"Gross Imp.",1,12787129.748,0,1
"H5","USA","07","United States","WLD"," World",2021,"Gross Imp.",1,13488094.814,0,1
"H5","USA","08","United States","CHN","China",2017,"Gross Imp.",1,158642.845,0,1
"H5","USA","08","United States","CHN","China",2018,"Gross Imp.",1,197901.145,0,1
"H5","USA","08","United States","CHN","China",2019,"Gross Imp.",1,144726.595,0,1
"H5","USA","08","United States","CHN","China",2020,"Gross Imp.",1,144567.564,0,1
"H5","USA","08","United States","CHN","China",2021,"Gross Imp.",1,160324.115,0,1
"H5","USA","08","United States","WLD"," World",2017,"Gross Imp.",1,18097735.056,0,1
"H5","USA","08","United States","WLD"," World",2018,"Gross Imp.",1,18911887.036,0,1
"H5","USA","08","United States","WLD"," World",2019,"Gross Imp.",1,19547138.268,0,1
"H5","USA","08","United States","WLD"," World",2020,"Gross Imp.",1,19474513.771,0,1
"H5","USA","08","United States","WLD"," World",2021,"Gross Imp.",1,22231605.582,0,1
"H5","USA","09","United States","CHN","China",2017,"Gross Imp.",1,297466.745,0,1
"H5","USA","09","United States","CHN","China",2018,"Gross Imp.",1,296483.997,0,1
"H5","USA","09","United States","CHN","China",2019,"Gross Imp.",1,285074.082,0,1
"H5","USA","09","United States","CHN","China",2020,"Gross Imp.",1,237912.856,0,1
"H5","USA","09","United States","CHN","China",2021,"Gross Imp.",1,263493.023,0,1
"H5","USA","09","United States","WLD"," World",2017,"Gross Imp.",1,8661637.017,0,1
"H5","USA","09","United States","WLD"," World",2018,"Gross Imp.",1,8029704.205,0,1
"H5","USA","09","United States","WLD"," World",2019,"Gross Imp.",1,8055220.402,0,1
"H5","USA","09","United States","WLD"," World",2020,"Gross Imp.",1,7899993.718,0,1
"H5","USA","09","United States","WLD"," World",2021,"Gross Imp.",1,9438594.423,0,1
"H5","USA","10","United States","CHN","China",2017,"Gross Imp.",1,11744.807,0,1
"H5","USA","10","United States","CHN","China",2018,"Gross Imp.",1,31815.458,0,1
"H5","USA","10","United States","CHN","China",2019,"Gross Imp.",1,24778.325,0,1
"H5","USA","10","United States","CHN","China",2020,"Gross Imp.",1,26519.607,0,1
"H5","USA","10","United States","CHN","China",2021,"Gross Imp.",1,26324.525,0,1
"H5","USA","10","United States","WLD"," World",2017,"Gross Imp.",1,2466772.215,0,1
"H5","USA","10","United States","WLD"," World",2018,"Gross Imp.",1,2699593.929,0,1
"H5","USA","10","United States","WLD"," World",2019,"Gross Imp.",1,2476832.082,0,1
"H5","USA","10","United States","WLD"," World",2020,"Gross Imp.",1,2692710.193,0,1
"H5","USA","10","United States","WLD"," World",2021,"Gross Imp.",1,2376027.357,0,1
"H5","USA","11","United States","CHN","China",2017,"Gross Imp.",1,49905.634,0,1
"H5","USA","11","United States","CHN","China",2018,"Gross Imp.",1,67539.85,0,1
"H5","USA","11","United States","CHN","China",2019,"Gross Imp.",1,44577.794,0,1
"H5","USA","11","United States","CHN","China",2020,"Gross Imp.",1,55362.409,0,1
"H5","USA","11","United States","CHN","China",2021,"Gross Imp.",1,55422.642,0,1
"H5","USA","11","United States","WLD"," World",2017,"Gross Imp.",1,1740672.917,0,1
"H5","USA","11","United States","WLD"," World",2018,"Gross Imp.",1,2021097.452,0,1
"H5","USA","11","United States","WLD"," World",2019,"Gross Imp.",1,2032297.286,0,1
"H5","USA","11","United States","WLD"," World",2020,"Gross Imp.",1,2022167.47,0,1
"H5","USA","11","United States","WLD"," World",2021,"Gross Imp.",1,2301069.871,0,1
"H5","USA","12","United States","CHN","China",2017,"Gross Imp.",1,272733.234,0,1
"H5","USA","12","United States","CHN","China",2018,"Gross Imp.",1,293999.115,0,1
"H5","USA","12","United States","CHN","China",2019,"Gross Imp.",1,153745.958,0,1
"H5","USA","12","United States","CHN","China",2020,"Gross Imp.",1,169700.211,0,1
"H5","USA","12","United States","CHN","China",2021,"Gross Imp.",1,190498.821,0,1
"H5","USA","12","United States","WLD"," World",2017,"Gross Imp.",1,2454282.739,0,1
"H5","USA","12","United States","WLD"," World",2018,"Gross Imp.",1,2528637.833,0,1
"H5","USA","12","United States","WLD"," World",2019,"Gross Imp.",1,2399357.061,0,1
"H5","USA","12","United States","WLD"," World",2020,"Gross Imp.",1,2519553.293,0,1
"H5","USA","12","United States","WLD"," World",2021,"Gross Imp.",1,2906548.383,0,1
"H5","USA","13","United States","CHN","China",2017,"Gross Imp.",1,239400.009,0,1
"H5","USA","13","United States","CHN","China",2018,"Gross Imp.",1,266559.158,0,1
"H5","USA","13","United States","CHN","China",2019,"Gross Imp.",1,283267.109,0,1
"H5","USA","13","United States","CHN","China",2020,"Gross Imp.",1,299146.574,0,1
"H5","USA","13","United States","CHN","China",2021,"Gross Imp.",1,328096.667,0,1
"H5","USA","13","United States","WLD"," World",2017,"Gross Imp.",1,1510289.451,0,1
"H5","USA","13","United States","WLD"," World",2018,"Gross Imp.",1,1667036.255,0,1
"H5","USA","13","United States","WLD"," World",2019,"Gross Imp.",1,1572078.601,0,1
"H5","USA","13","United States","WLD"," World",2020,"Gross Imp.",1,1543724.506,0,1
"H5","USA","13","United States","WLD"," World",2021,"Gross Imp.",1,1843245.406,0,1
"H5","USA","14","United States","CHN","China",2017,"Gross Imp.",1,31009.809,0,1
"H5","USA","14","United States","CHN","China",2018,"Gross Imp.",1,29153.708,0,1
"H5","USA","14","United States","CHN","China",2019,"Gross Imp.",1,25931.247,0,1
"H5","USA","14","United States","CHN","China",2020,"Gross Imp.",1,25975.174,0,1
"H5","USA","14","United States","CHN","China",2021,"Gross Imp.",1,28934.527,0,1
"H5","USA","14","United States","WLD"," World",2017,"Gross Imp.",1,124094.177,0,1
"H5","USA","14","United States","WLD"," World",2018,"Gross Imp.",1,115648.023,0,1
"H5","USA","14","United States","WLD"," World",2019,"Gross Imp.",1,131930.054,0,1
"H5","USA","14","United States","WLD"," World",2020,"Gross Imp.",1,177252.925,0,1
"H5","USA","14","United States","WLD"," World",2021,"Gross Imp.",1,223410.236,0,1
"H5","USA","15","United States","CHN","China",2017,"Gross Imp.",1,55401.212,0,1
"H5","USA","15","United States","CHN","China",2018,"Gross Imp.",1,62766.719,0,1
"H5","USA","15","United States","CHN","China",2019,"Gross Imp.",1,57222.006,0,1
"H5","USA","15","United States","CHN","China",2020,"Gross Imp.",1,53226.73,0,1
"H5","USA","15","United States","CHN","China",2021,"Gross Imp.",1,63117.608,0,1
"H5","USA","15","United States","WLD"," World",2017,"Gross Imp.",1,7182323.428,0,1
"H5","USA","15","United States","WLD"," World",2018,"Gross Imp.",1,7081796.536,0,1
"H5","USA","15","United States","WLD"," World",2019,"Gross Imp.",1,6459229.971,0,1
"H5","USA","15","United States","WLD"," World",2020,"Gross Imp.",1,6867804.394,0,1
"H5","USA","15","United States","WLD"," World",2021,"Gross Imp.",1,10198766.234,0,1
"H5","USA","16","United States","CHN","China",2017,"Gross Imp.",1,759530.874,0,1
"H5","USA","16","United States","CHN","China",2018,"Gross Imp.",1,901692.854,0,1
"H5","USA","16","United States","CHN","China",2019,"Gross Imp.",1,430870.372,0,1
"H5","USA","16","United States","CHN","China",2020,"Gross Imp.",1,280401.208,0,1
"H5","USA","16","United States","CHN","China",2021,"Gross Imp.",1,379519.454,0,1
"H5","USA","16","United States","WLD"," World",2017,"Gross Imp.",1,5428447.783,0,1
"H5","USA","16","United States","WLD"," World",2018,"Gross Imp.",1,5982315.119,0,1
"H5","USA","16","United States","WLD"," World",2019,"Gross Imp.",1,5654695.308,0,1
"H5","USA","16","United States","WLD"," World",2020,"Gross Imp.",1,6080139.33,0,1
"H5","USA","16","United States","WLD"," World",2021,"Gross Imp.",1,7349319.253,0,1
"H5","USA","17","United States","CHN","China",2017,"Gross Imp.",1,170414.211,0,1
"H5","USA","17","United States","CHN","China",2018,"Gross Imp.",1,182907.475,0,1
"H5","USA","17","United States","CHN","China",2019,"Gross Imp.",1,132568.522,0,1
"H5","USA","17","United States","CHN","China",2020,"Gross Imp.",1,106184.813,0,1
"H5","USA","17","United States","CHN","China",2021,"Gross Imp.",1,131060.226,0,1
"H5","USA","17","United States","WLD"," World",2017,"Gross Imp.",1,4250260.265,0,1
"H5","USA","17","United States","WLD"," World",2018,"Gross Imp.",1,4368819.191,0,1
"H5","USA","17","United States","WLD"," World",2019,"Gross Imp.",1,4434290.824,0,1
"H5","USA","17","United States","WLD"," World",2020,"Gross Imp.",1,4911293.814,0,1
"H5","USA","17","United States","WLD"," World",2021,"Gross Imp.",1,5234274.59,0,1
"H5","USA","18","United States","CHN","China",2017,"Gross Imp.",1,35338.282,0,1
"H5","USA","18","United States","CHN","China",2018,"Gross Imp.",1,36477.502,0,1
"H5","USA","18","United States","CHN","China",2019,"Gross Imp.",1,35395.063,0,1
"H5","USA","18","United States","CHN","China",2020,"Gross Imp.",1,7348.189,0,1
"H5","USA","18","United States","CHN","China",2021,"Gross Imp.",1,19370.975,0,1
"H5","USA","18","United States","WLD"," World",2017,"Gross Imp.",1,5145880.844,0,1
"H5","USA","18","United States","WLD"," World",2018,"Gross Imp.",1,4856588.191,0,1
"H5","USA","18","United States","WLD"," World",2019,"Gross Imp.",1,5127504.349,0,1
"H5","USA","18","United States","WLD"," World",2020,"Gross Imp.",1,5189357.598,0,1
"H5","USA","18","United States","WLD"," World",2021,"Gross Imp.",1,5808627.285,0,1
"H5","USA","19","United States","CHN","China",2017,"Gross Imp.",1,223543.621,0,1
"H5","USA","19","United States","CHN","China",2018,"Gross Imp.",1,250050.013,0,1
"H5","USA","19","United States","CHN","China",2019,"Gross Imp.",1,215848.097,0,1
"H5","USA","19","United States","CHN","China",2020,"Gross Imp.",1,231582.343,0,1
"H5","USA","19","United States","CHN","China",2021,"Gross Imp.",1,249189.894,0,1
"H5","USA","19","United States","WLD"," World",2017,"Gross Imp.",1,7362989.215,0,1
"H5","USA","19","United States","WLD"," World",2018,"Gross Imp.",1,8175083.447,0,1
"H5","USA","19","United States","WLD"," World",2019,"Gross Imp.",1,8809104.655,0,1
"H5","USA","19","United States","WLD"," World",2020,"Gross Imp.",1,9544458.301,0,1
"H5","USA","19","United States","WLD"," World",2021,"Gross Imp.",1,11043383.532,0,1
"H5","USA","20","United States","CHN","China",2017,"Gross Imp.",1,1244865.532,0,1
"H5","USA","20","United States","CHN","China",2018,"Gross Imp.",1,1369857.702,0,1
"H5","USA","20","United States","CHN","China",2019,"Gross Imp.",1,736183.312,0,1
"H5","USA","20","United States","CHN","China",2020,"Gross Imp.",1,941387.87,0,1
"H5","USA","20","United States","CHN","China",2021,"Gross Imp.",1,889581.027,0,1
"H5","USA","20","United States","WLD"," World",2017,"Gross Imp.",1,8558104.82,0,1
"H5","USA","20","United States","WLD"," World",2018,"Gross Imp.",1,9298642.296,0,1
"H5","USA","20","United States","WLD"," World",2019,"Gross Imp.",1,8982270.862,0,1
"H5","USA","20","United States","WLD"," World",2020,"Gross Imp.",1,9150987.266,0,1
"H5","USA","20","United States","WLD"," World",2021,"Gross Imp.",1,10981555.041,0,1
"H5","USA","21","United States","CHN","China",2017,"Gross Imp.",1,362942.38,0,1
"H5","USA","21","United States","CHN","China",2018,"Gross Imp.",1,451632.711,0,1
"H5","USA","21","United States","CHN","China",2019,"Gross Imp.",1,460048.131,0,1
"H5","USA","21","United States","CHN","China",2020,"Gross Imp.",1,580002.535,0,1
"H5","USA","21","United States","CHN","China",2021,"Gross Imp.",1,635324.111,0,1
"H5","USA","21","United States","WLD"," World",2017,"Gross Imp.",1,4805668.582,0,1
"H5","USA","21","United States","WLD"," World",2018,"Gross Imp.",1,7940758.325,0,1
"H5","USA","21","United States","WLD"," World",2019,"Gross Imp.",1,8571086.695,0,1
"H5","USA","21","United States","WLD"," World",2020,"Gross Imp.",1,9767480.033,0,1
"H5","USA","21","United States","WLD"," World",2021,"Gross Imp.",1,11123905.316,0,1
"H5","USA","22","United States","CHN","China",2017,"Gross Imp.",1,77344.272,0,1
"H5","USA","22","United States","CHN","China",2018,"Gross Imp.",1,100248.979,0,1
"H5","USA","22","United States","CHN","China",2019,"Gross Imp.",1,76582.932,0,1
"H5","USA","22","United States","CHN","China",2020,"Gross Imp.",1,38929.369,0,1
"H5","USA","22","United States","CHN","China",2021,"Gross Imp.",1,48418.637,0,1
"H5","USA","22","United States","WLD"," World",2017,"Gross Imp.",1,24675283.943,0,1
"H5","USA","22","United States","WLD"," World",2018,"Gross Imp.",1,26087265.327,0,1
"H5","USA","22","United States","WLD"," World",2019,"Gross Imp.",1,27555437.754,0,1
"H5","USA","22","United States","WLD"," World",2020,"Gross Imp.",1,26892915.123,0,1
"H5","USA","22","United States","WLD"," World",2021,"Gross Imp.",1,30989922.861,0,1
"H5","USA","23","United States","CHN","China",2017,"Gross Imp.",1,277308.632,0,1
"H5","USA","23","United States","CHN","China",2018,"Gross Imp.",1,288489.773,0,1
"H5","USA","23","United States","CHN","China",2019,"Gross Imp.",1,233743.799,0,1
"H5","USA","23","United States","CHN","China",2020,"Gross Imp.",1,267362.628,0,1
"H5","USA","23","United States","CHN","China",2021,"Gross Imp.",1,314925.604,0,1
"H5","USA","23","United States","WLD"," World",2017,"Gross Imp.",1,2934224.007,0,1
"H5","USA","23","United States","WLD"," World",2018,"Gross Imp.",1,3346439.702,0,1
"H5","USA","23","United States","WLD"," World",2019,"Gross Imp.",1,3379452.305,0,1
"H5","USA","23","United States","WLD"," World",2020,"Gross Imp.",1,3700007.24,0,1
"H5","USA","23","United States","WLD"," World",2021,"Gross Imp.",1,4632334.498,0,1
"H5","USA","24","United States","CHN","China",2017,"Gross Imp.",1,30679.24,0,1
"H5","USA","24","United States","CHN","China",2018,"Gross Imp.",1,32769.924,0,1
"H5","USA","24","United States","CHN","China",2019,"Gross Imp.",1,27622.18,0,1
"H5","USA","24","United States","CHN","China",2020,"Gross Imp.",1,11139.763,0,1
"H5","USA","24","United States","CHN","China",2021,"Gross Imp.",1,11625.23,0,1
"H5","USA","24","United States","WLD"," World",2017,"Gross Imp.",1,2173591.95,0,1
"H5","USA","24","United States","WLD"," World",2018,"Gross Imp.",1,2246922.311,0,1
"H5","USA","24","United States","WLD"," World",2019,"Gross Imp.",1,2190278.06,0,1
"H5","USA","24","United States","WLD"," World",2020,"Gross Imp.",1,2166833.408,0,1
"H5","USA","24","United States","WLD"," World",2021,"Gross Imp.",1,2617615.742,0,1
"H5","USA","25","United States","CHN","China",2017,"Gross Imp.",1,481800.765,0,1
"H5","USA","25","United States","CHN","China",2018,"Gross Imp.",1,598411.953,0,1
"H5","USA","25","United States","CHN","China",2019,"Gross Imp.",1,460225.243,0,1
"H5","USA","25","United States","CHN","China",2020,"Gross Imp.",1,178603.495,0,1
"H5","USA","25","United States","CHN","China",2021,"Gross Imp.",1,331930.343,0,1
"H5","USA","25","United States","WLD"," World",2017,"Gross Imp.",1,3756746.574,0,1
"H5","USA","25","United States","WLD"," World",2018,"Gross Imp.",1,4552938.784,0,1
"H5","USA","25","United States","WLD"," World",2019,"Gross Imp.",1,4477918.93,0,1
"H5","USA","25","United States","WLD"," World",2020,"Gross Imp.",1,4049505.627,0,1
"H5","USA","25","United States","WLD"," World",2021,"Gross Imp.",1,5190270.952,0,1
"H5","USA","26","United States","CHN","China",2017,"Gross Imp.",1,59972.105,0,1
"H5","USA","26","United States","CHN","China",2018,"Gross Imp.",1,48334.998,0,1
"H5","USA","26","United States","CHN","China",2019,"Gross Imp.",1,39128.83,0,1
"H5","USA","26","United States","CHN","China",2020,"Gross Imp.",1,52382.323,0,1
"H5","USA","26","United States","CHN","China",2021,"Gross Imp.",1,87218.427,0,1
"H5","USA","26","United States","WLD"," World",2017,"Gross Imp.",1,2765028.648,0,1
"H5","USA","26","United States","WLD"," World",2018,"Gross Imp.",1,3120985.985,0,1
"H5","USA","26","United States","WLD"," World",2019,"Gross Imp.",1,3267813.383,0,1
"H5","USA","26","United States","WLD"," World",2020,"Gross Imp.",1,2289738.849,0,1
"H5","USA","26","United States","WLD"," World",2021,"Gross Imp.",1,3285911.978,0,1
"H5","USA","27","United States","CHN","China",2017,"Gross Imp.",1,674670.461,0,1
"H5","USA","27","United States","CHN","China",2018,"Gross Imp.",1,766465.021,0,1
"H5","USA","27","United States","CHN","China",2019,"Gross Imp.",1,298980.999,0,1
"H5","USA","27","United States","CHN","China",2020,"Gross Imp.",1,106313.175,0,1
"H5","USA","27","United States","CHN","China",2021,"Gross Imp.",1,160880.615,0,1
"H5","USA","27","United States","WLD"," World",2017,"Gross Imp.",1,204019056.862,0,1
"H5","USA","27","United States","WLD"," World",2018,"Gross Imp.",1,241728103.047,0,1
"H5","USA","27","United States","WLD"," World",2019,"Gross Imp.",1,210111735.98,0,1
"H5","USA","27","United States","WLD"," World",2020,"Gross Imp.",1,130118461.274,0,1
"H5","USA","27","United States","WLD"," World",2021,"Gross Imp.",1,223932092.237,0,1
"H5","USA","28","United States","CHN","China",2017,"Gross Imp.",1,1456954.834,0,1
"H5","USA","28","United States","CHN","China",2018,"Gross Imp.",1,1781867.607,0,1
"H5","USA","28","United States","CHN","China",2019,"Gross Imp.",1,1281839.019,0,1
"H5","USA","28","United States","CHN","China",2020,"Gross Imp.",1,981459.143,0,1
"H5","USA","28","United States","CHN","China",2021,"Gross Imp.",1,1401019.811,0,1
"H5","USA","28","United States","WLD"," World",2017,"Gross Imp.",1,11530696.556,0,1
"H5","USA","28","United States","WLD"," World",2018,"Gross Imp.",1,13360534.017,0,1
"H5","USA","28","United States","WLD"," World",2019,"Gross Imp.",1,13073877.673,0,1
"H5","USA","28","United States","WLD"," World",2020,"Gross Imp.",1,10739592.649,0,1
"H5","USA","28","United States","WLD"," World",2021,"Gross Imp.",1,13789199.415,0,1
"H5","USA","29","United States","CHN","China",2017,"Gross Imp.",1,8039502.732,0,1
"H5","USA","29","United States","CHN","China",2018,"Gross Imp.",1,10065821.965,0,1
"H5","USA","29","United States","CHN","China",2019,"Gross Imp.",1,8124747.929,0,1
"H5","USA","29","United States","CHN","China",2020,"Gross Imp.",1,7735736.178,0,1
"H5","USA","29","United States","CHN","China",2021,"Gross Imp.",1,10804292.252,0,1
"H5","USA","29","United States","WLD"," World",2017,"Gross Imp.",1,46099039.154,0,1
"H5","USA","29","United States","WLD"," World",2018,"Gross Imp.",1,54597723.3,0,1
"H5","USA","29","United States","WLD"," World",2019,"Gross Imp.",1,54546172.038,0,1
"H5","USA","29","United States","WLD"," World",2020,"Gross Imp.",1,55882256.508,0,1
"H5","USA","29","United States","WLD"," World",2021,"Gross Imp.",1,64425045.902,0,1
"H5","USA","30","United States","CHN","China",2017,"Gross Imp.",1,1487949.014,0,1
"H5","USA","30","United States","CHN","China",2018,"Gross Imp.",1,1588092.921,0,1
"H5","USA","30","United States","CHN","China",2019,"Gross Imp.",1,1605449.5,0,1
"H5","USA","30","United States","CHN","China",2020,"Gross Imp.",1,2189500.146,0,1
"H5","USA","30","United States","CHN","China",2021,"Gross Imp.",1,3468768.526,0,1
"H5","USA","30","United States","WLD"," World",2017,"Gross Imp.",1,96879110.876,0,1
"H5","USA","30","United States","WLD"," World",2018,"Gross Imp.",1,115634521.729,0,1
"H5","USA","30","United States","WLD"," World",2019,"Gross Imp.",1,128237981.033,0,1
"H5","USA","30","United States","WLD"," World",2020,"Gross Imp.",1,139518097.697,0,1
"H5","USA","30","United States","WLD"," World",2021,"Gross Imp.",1,149499507.717,0,1
"H5","USA","31","United States","CHN","China",2017,"Gross Imp.",1,188133.534,0,1
"H5","USA","31","United States","CHN","China",2018,"Gross Imp.",1,69289.674,0,1
"H5","USA","31","United States","CHN","China",2019,"Gross Imp.",1,24834.608,0,1
"H5","USA","31","United States","CHN","China",2020,"Gross Imp.",1,22472.92,0,1
"H5","USA","31","United States","CHN","China",2021,"Gross Imp.",1,27678.261,0,1
"H5","USA","31","United States","WLD"," World",2017,"Gross Imp.",1,6060858.646,0,1
"H5","USA","31","United States","WLD"," World",2018,"Gross Imp.",1,7135838.714,0,1
"H5","USA","31","United States","WLD"," World",2019,"Gross Imp.",1,7033449.372,0,1
"H5","USA","31","United States","WLD"," World",2020,"Gross Imp.",1,5795159.588,0,1
"H5","USA","31","United States","WLD"," World",2021,"Gross Imp.",1,10289387.959,0,1
"H5","USA","32","United States","CHN","China",2017,"Gross Imp.",1,555918.677,0,1
"H5","USA","32","United States","CHN","China",2018,"Gross Imp.",1,701164.151,0,1
"H5","USA","32","United States","CHN","China",2019,"Gross Imp.",1,406342.139,0,1
"H5","USA","32","United States","CHN","China",2020,"Gross Imp.",1,411655.686,0,1
"H5","USA","32","United States","CHN","China",2021,"Gross Imp.",1,463738.39,0,1
"H5","USA","32","United States","WLD"," World",2017,"Gross Imp.",1,4127333.533,0,1
"H5","USA","32","United States","WLD"," World",2018,"Gross Imp.",1,4566759.343,0,1
"H5","USA","32","United States","WLD"," World",2019,"Gross Imp.",1,4399585.61,0,1
"H5","USA","32","United States","WLD"," World",2020,"Gross Imp.",1,4333346.146,0,1
"H5","USA","32","United States","WLD"," World",2021,"Gross Imp.",1,5207351.565,0,1
"H5","USA","33","United States","CHN","China",2017,"Gross Imp.",1,1555159.68,0,1
"H5","USA","33","United States","CHN","China",2018,"Gross Imp.",1,1644153.957,0,1
"H5","USA","33","United States","CHN","China",2019,"Gross Imp.",1,1245444.894,0,1
"H5","USA","33","United States","CHN","China",2020,"Gross Imp.",1,995472.11,0,1
"H5","USA","33","United States","CHN","China",2021,"Gross Imp.",1,1170110.255,0,1
"H5","USA","33","United States","WLD"," World",2017,"Gross Imp.",1,13539721.794,0,1
"H5","USA","33","United States","WLD"," World",2018,"Gross Imp.",1,15074333.09,0,1
"H5","USA","33","United States","WLD"," World",2019,"Gross Imp.",1,14584487.319,0,1
"H5","USA","33","United States","WLD"," World",2020,"Gross Imp.",1,13568993.72,0,1
"H5","USA","33","United States","WLD"," World",2021,"Gross Imp.",1,16546315.314,0,1
"H5","USA","34","United States","CHN","China",2017,"Gross Imp.",1,499435.808,0,1
"H5","USA","34","United States","CHN","China",2018,"Gross Imp.",1,581597.799,0,1
"H5","USA","34","United States","CHN","China",2019,"Gross Imp.",1,533699.274,0,1
"H5","USA","34","United States","CHN","China",2020,"Gross Imp.",1,1055422.611,0,1
"H5","USA","34","United States","CHN","China",2021,"Gross Imp.",1,700826.581,0,1
"H5","USA","34","United States","WLD"," World",2017,"Gross Imp.",1,3432410.144,0,1
"H5","USA","34","United States","WLD"," World",2018,"Gross Imp.",1,3779025.828,0,1
"H5","USA","34","United States","WLD"," World",2019,"Gross Imp.",1,3814788.257,0,1
"H5","USA","34","United States","WLD"," World",2020,"Gross Imp.",1,5103073.245,0,1
"H5","USA","34","United States","WLD"," World",2021,"Gross Imp.",1,5465941.357,0,1
"H5","USA","35","United States","CHN","China",2017,"Gross Imp.",1,371960.962,0,1
"H5","USA","35","United States","CHN","China",2018,"Gross Imp.",1,379278.282,0,1
"H5","USA","35","United States","CHN","China",2019,"Gross Imp.",1,349694.096,0,1
"H5","USA","35","United States","CHN","China",2020,"Gross Imp.",1,342687.803,0,1
"H5","USA","35","United States","CHN","China",2021,"Gross Imp.",1,431202.207,0,1
"H5","USA","35","United States","WLD"," World",2017,"Gross Imp.",1,2684891.964,0,1
"H5","USA","35","United States","WLD"," World",2018,"Gross Imp.",1,2724901.663,0,1
"H5","USA","35","United States","WLD"," World",2019,"Gross Imp.",1,2909790.097,0,1
"H5","USA","35","United States","WLD"," World",2020,"Gross Imp.",1,3125837.27,0,1
"H5","USA","35","United States","WLD"," World",2021,"Gross Imp.",1,3975261.947,0,1
"H5","USA","36","United States","CHN","China",2017,"Gross Imp.",1,368715.889,0,1
"H5","USA","36","United States","CHN","China",2018,"Gross Imp.",1,428285.023,0,1
"H5","USA","36","United States","CHN","China",2019,"Gross Imp.",1,401709.825,0,1
"H5","USA","36","United States","CHN","China",2020,"Gross Imp.",1,378701.923,0,1
"H5","USA","36","United States","CHN","China",2021,"Gross Imp.",1,678356.343,0,1
"H5","USA","36","United States","WLD"," World",2017,"Gross Imp.",1,845677.57,0,1
