"Nomenclature","ReporterISO3","ProductCode","ReporterName","PartnerISO3","PartnerName","Year","TradeFlowName","TradeFlowCode","TradeValue in 1000 USD"
"H5","CHN","01","China","CHN","China",2017,"Gross Imp.",1,2959.958
"H5","CHN","01","China","CHN","China",2018,"Gross Imp.",1,346.035
"H5","CHN","01","China","CHN","China",2019,"Gross Imp.",1,174.749
"H5","CHN","01","China","CHN","China",2020,"Gross Imp.",1,200
"H5","CHN","01","China","USA","United States",2017,"Gross Exp.",2,27138.442
"H5","CHN","01","China","USA","United States",2017,"Gross Imp.",1,15781.141
"H5","CHN","01","China","USA","United States",2018,"Gross Exp.",2,35026.556
"H5","CHN","01","China","USA","United States",2018,"Gross Imp.",1,15879.264
"H5","CHN","01","China","USA","United States",2019,"Gross Exp.",2,33275.506
"H5","CHN","01","China","USA","United States",2019,"Gross Imp.",1,6295.21
"H5","CHN","01","China","USA","United States",2020,"Gross Exp.",2,2601.743
"H5","CHN","01","China","USA","United States",2020,"Gross Imp.",1,17080.034
"H5","CHN","01","China","USA","United States",2021,"Gross Exp.",2,4077.434
"H5","CHN","01","China","USA","United States",2021,"Gross Imp.",1,46750.426
"H5","CHN","01","China","WLD"," World",2017,"Gross Exp.",2,561540.982
"H5","CHN","01","China","WLD"," World",2017,"Gross Imp.",1,363839.499
"H5","CHN","01","China","WLD"," World",2018,"Gross Exp.",2,544085.686
"H5","CHN","01","China","WLD"," World",2018,"Gross Imp.",1,411709.783
"H5","CHN","01","China","WLD"," World",2019,"Gross Exp.",2,510018.095
"H5","CHN","01","China","WLD"," World",2019,"Gross Imp.",1,497696.719
"H5","CHN","01","China","WLD"," World",2020,"Gross Exp.",2,599665.085
"H5","CHN","01","China","WLD"," World",2020,"Gross Imp.",1,634691.907
"H5","CHN","01","China","WLD"," World",2021,"Gross Exp.",2,560872.167
"H5","CHN","01","China","WLD"," World",2021,"Gross Imp.",1,942401.068
"H5","CHN","02","China","USA","United States",2017,"Gross Exp.",2,4135.623
"H5","CHN","02","China","USA","United States",2017,"Gross Imp.",1,1186891.716
"H5","CHN","02","China","USA","United States",2018,"Gross Exp.",2,3182.312
"H5","CHN","02","China","USA","United States",2018,"Gross Imp.",1,536553.714
"H5","CHN","02","China","USA","United States",2019,"Gross Exp.",2,2976.218
"H5","CHN","02","China","USA","United States",2019,"Gross Imp.",1,866658.196
"H5","CHN","02","China","USA","United States",2020,"Gross Exp.",2,3353.376
"H5","CHN","02","China","USA","United States",2020,"Gross Imp.",1,3129970.688
"H5","CHN","02","China","USA","United States",2021,"Gross Exp.",2,2505.076
"H5","CHN","02","China","USA","United States",2021,"Gross Imp.",1,4112613.987
"H5","CHN","02","China","WLD"," World",2017,"Gross Exp.",2,916484.021
"H5","CHN","02","China","WLD"," World",2017,"Gross Imp.",1,9486551.081
"H5","CHN","02","China","WLD"," World",2018,"Gross Exp.",2,866026.267
"H5","CHN","02","China","WLD"," World",2018,"Gross Imp.",1,11018384.512
"H5","CHN","02","China","WLD"," World",2019,"Gross Exp.",2,841003.977
"H5","CHN","02","China","WLD"," World",2019,"Gross Imp.",1,18832475.347
"H5","CHN","02","China","WLD"," World",2020,"Gross Exp.",2,710791.472
"H5","CHN","02","China","WLD"," World",2020,"Gross Imp.",1,30268514.046
"H5","CHN","02","China","WLD"," World",2021,"Gross Exp.",2,872320.069
"H5","CHN","02","China","WLD"," World",2021,"Gross Imp.",1,31583805.964
"H5","CHN","03","China","CHN","China",2017,"Gross Imp.",1,74011.818
"H5","CHN","03","China","CHN","China",2018,"Gross Imp.",1,29134.472
"H5","CHN","03","China","CHN","China",2019,"Gross Imp.",1,22659.184
"H5","CHN","03","China","CHN","China",2020,"Gross Imp.",1,49267.476
"H5","CHN","03","China","CHN","China",2021,"Gross Imp.",1,46218.299
"H5","CHN","03","China","USA","United States",2017,"Gross Exp.",2,1714898.004
"H5","CHN","03","China","USA","United States",2017,"Gross Imp.",1,1315053.47
"H5","CHN","03","China","USA","United States",2018,"Gross Exp.",2,1751675.681
"H5","CHN","03","China","USA","United States",2018,"Gross Imp.",1,1250828.496
"H5","CHN","03","China","USA","United States",2019,"Gross Exp.",2,1353385.581
"H5","CHN","03","China","USA","United States",2019,"Gross Imp.",1,912159.41
"H5","CHN","03","China","USA","United States",2020,"Gross Exp.",2,1112676.003
"H5","CHN","03","China","USA","United States",2020,"Gross Imp.",1,776983.953
"H5","CHN","03","China","USA","United States",2021,"Gross Exp.",2,1135358.737
"H5","CHN","03","China","USA","United States",2021,"Gross Imp.",1,975163.232
"H5","CHN","03","China","WLD"," World",2017,"Gross Exp.",2,13252542.227
"H5","CHN","03","China","WLD"," World",2017,"Gross Imp.",1,8070777.269
"H5","CHN","03","China","WLD"," World",2018,"Gross Exp.",2,13256011.1
"H5","CHN","03","China","WLD"," World",2018,"Gross Imp.",1,11599017.824
"H5","CHN","03","China","WLD"," World",2019,"Gross Exp.",2,12467027.921
"H5","CHN","03","China","WLD"," World",2019,"Gross Imp.",1,15414354.725
"H5","CHN","03","China","WLD"," World",2020,"Gross Exp.",2,10710803.005
"H5","CHN","03","China","WLD"," World",2020,"Gross Imp.",1,12366189.004
"H5","CHN","03","China","WLD"," World",2021,"Gross Exp.",2,11018990.483
"H5","CHN","03","China","WLD"," World",2021,"Gross Imp.",1,13806437.455
"H5","CHN","04","China","CHN","China",2017,"Gross Imp.",1,614.238
"H5","CHN","04","China","CHN","China",2018,"Gross Imp.",1,48.626
"H5","CHN","04","China","CHN","China",2019,"Gross Imp.",1,530.588
"H5","CHN","04","China","CHN","China",2020,"Gross Imp.",1,8.661
"H5","CHN","04","China","CHN","China",2021,"Gross Imp.",1,13.352
"H5","CHN","04","China","USA","United States",2017,"Gross Exp.",2,14861.169
"H5","CHN","04","China","USA","United States",2017,"Gross Imp.",1,427851.656
"H5","CHN","04","China","USA","United States",2018,"Gross Exp.",2,16147.605
"H5","CHN","04","China","USA","United States",2018,"Gross Imp.",1,328770.58
"H5","CHN","04","China","USA","United States",2019,"Gross Exp.",2,12638.694
"H5","CHN","04","China","USA","United States",2019,"Gross Imp.",1,178400.016
"H5","CHN","04","China","USA","United States",2020,"Gross Exp.",2,16073.731
"H5","CHN","04","China","USA","United States",2020,"Gross Imp.",1,312697.064
"H5","CHN","04","China","USA","United States",2021,"Gross Exp.",2,17812.051
"H5","CHN","04","China","USA","United States",2021,"Gross Imp.",1,485264.263
"H5","CHN","04","China","WLD"," World",2017,"Gross Exp.",2,588231.125
"H5","CHN","04","China","WLD"," World",2017,"Gross Imp.",1,5069954.056
"H5","CHN","04","China","WLD"," World",2018,"Gross Exp.",2,589650.13
"H5","CHN","04","China","WLD"," World",2018,"Gross Imp.",1,5601287.389
"H5","CHN","04","China","WLD"," World",2019,"Gross Exp.",2,560622.352
"H5","CHN","04","China","WLD"," World",2019,"Gross Imp.",1,6349591.22
"H5","CHN","04","China","WLD"," World",2020,"Gross Exp.",2,576249.879
"H5","CHN","04","China","WLD"," World",2020,"Gross Imp.",1,7288503.728
"H5","CHN","04","China","WLD"," World",2021,"Gross Exp.",2,619832.976
"H5","CHN","04","China","WLD"," World",2021,"Gross Imp.",1,9692954.343
"H5","CHN","05","China","CHN","China",2017,"Gross Imp.",1,3436.223
"H5","CHN","05","China","CHN","China",2018,"Gross Imp.",1,3130.41
"H5","CHN","05","China","CHN","China",2019,"Gross Imp.",1,5669.377
"H5","CHN","05","China","CHN","China",2020,"Gross Imp.",1,2869.367
"H5","CHN","05","China","CHN","China",2021,"Gross Imp.",1,1619.959
"H5","CHN","05","China","USA","United States",2017,"Gross Exp.",2,264762.873
"H5","CHN","05","China","USA","United States",2017,"Gross Imp.",1,111547.383
"H5","CHN","05","China","USA","United States",2018,"Gross Exp.",2,275427.288
"H5","CHN","05","China","USA","United States",2018,"Gross Imp.",1,120161.046
"H5","CHN","05","China","USA","United States",2019,"Gross Exp.",2,236918.526
"H5","CHN","05","China","USA","United States",2019,"Gross Imp.",1,160625.419
"H5","CHN","05","China","USA","United States",2020,"Gross Exp.",2,202876.944
"H5","CHN","05","China","USA","United States",2020,"Gross Imp.",1,235399.035
"H5","CHN","05","China","USA","United States",2021,"Gross Exp.",2,252890.751
"H5","CHN","05","China","USA","United States",2021,"Gross Imp.",1,343691.12
"H5","CHN","05","China","WLD"," World",2017,"Gross Exp.",2,2309387.133
"H5","CHN","05","China","WLD"," World",2017,"Gross Imp.",1,613505.827
"H5","CHN","05","China","WLD"," World",2018,"Gross Exp.",2,2533477.781
"H5","CHN","05","China","WLD"," World",2018,"Gross Imp.",1,729635.05
"H5","CHN","05","China","WLD"," World",2019,"Gross Exp.",2,2393614.683
"H5","CHN","05","China","WLD"," World",2019,"Gross Imp.",1,855814.367
"H5","CHN","05","China","WLD"," World",2020,"Gross Exp.",2,1826547.368
"H5","CHN","05","China","WLD"," World",2020,"Gross Imp.",1,762323.285
"H5","CHN","05","China","WLD"," World",2021,"Gross Exp.",2,1957224.068
"H5","CHN","05","China","WLD"," World",2021,"Gross Imp.",1,1048841.385
"H5","CHN","06","China","CHN","China",2017,"Gross Imp.",1,37.326
"H5","CHN","06","China","CHN","China",2018,"Gross Imp.",1,18.824
"H5","CHN","06","China","CHN","China",2019,"Gross Imp.",1,2.5
"H5","CHN","06","China","CHN","China",2020,"Gross Imp.",1,3.992
"H5","CHN","06","China","CHN","China",2021,"Gross Imp.",1,6.14
"H5","CHN","06","China","USA","United States",2017,"Gross Exp.",2,43308.109
"H5","CHN","06","China","USA","United States",2017,"Gross Imp.",1,4112.14
"H5","CHN","06","China","USA","United States",2018,"Gross Exp.",2,52469.881
"H5","CHN","06","China","USA","United States",2018,"Gross Imp.",1,5709.801
"H5","CHN","06","China","USA","United States",2019,"Gross Exp.",2,55704.155
"H5","CHN","06","China","USA","United States",2019,"Gross Imp.",1,6142.906
"H5","CHN","06","China","USA","United States",2020,"Gross Exp.",2,52385.965
"H5","CHN","06","China","USA","United States",2020,"Gross Imp.",1,6655.276
"H5","CHN","06","China","USA","United States",2021,"Gross Exp.",2,85708.349
"H5","CHN","06","China","USA","United States",2021,"Gross Imp.",1,7988.482
"H5","CHN","06","China","WLD"," World",2017,"Gross Exp.",2,338468.446
"H5","CHN","06","China","WLD"," World",2017,"Gross Imp.",1,280863.437
"H5","CHN","06","China","WLD"," World",2018,"Gross Exp.",2,379420.327
"H5","CHN","06","China","WLD"," World",2018,"Gross Imp.",1,292744.148
"H5","CHN","06","China","WLD"," World",2019,"Gross Exp.",2,432163.252
"H5","CHN","06","China","WLD"," World",2019,"Gross Imp.",1,269969.913
"H5","CHN","06","China","WLD"," World",2020,"Gross Exp.",2,472625.755
"H5","CHN","06","China","WLD"," World",2020,"Gross Imp.",1,243751.482
"H5","CHN","06","China","WLD"," World",2021,"Gross Exp.",2,566522.266
"H5","CHN","06","China","WLD"," World",2021,"Gross Imp.",1,244305.405
"H5","CHN","07","China","CHN","China",2017,"Gross Imp.",1,1474.476
"H5","CHN","07","China","CHN","China",2018,"Gross Imp.",1,1776.652
"H5","CHN","07","China","CHN","China",2019,"Gross Imp.",1,2582.464
"H5","CHN","07","China","CHN","China",2020,"Gross Imp.",1,1307.135
"H5","CHN","07","China","CHN","China",2021,"Gross Imp.",1,973.284
"H5","CHN","07","China","USA","United States",2017,"Gross Exp.",2,777180.279
"H5","CHN","07","China","USA","United States",2017,"Gross Imp.",1,44675.851
"H5","CHN","07","China","USA","United States",2018,"Gross Exp.",2,607246.17
"H5","CHN","07","China","USA","United States",2018,"Gross Imp.",1,32217.983
"H5","CHN","07","China","USA","United States",2019,"Gross Exp.",2,501576.282
"H5","CHN","07","China","USA","United States",2019,"Gross Imp.",1,31732.327
"H5","CHN","07","China","USA","United States",2020,"Gross Exp.",2,553491.739
"H5","CHN","07","China","USA","United States",2020,"Gross Imp.",1,61243.224
"H5","CHN","07","China","USA","United States",2021,"Gross Exp.",2,616158.888
"H5","CHN","07","China","USA","United States",2021,"Gross Imp.",1,47759.647
"H5","CHN","07","China","WLD"," World",2017,"Gross Exp.",2,11164183.067
"H5","CHN","07","China","WLD"," World",2017,"Gross Imp.",1,2015745.215
"H5","CHN","07","China","WLD"," World",2018,"Gross Exp.",2,10516928.365
"H5","CHN","07","China","WLD"," World",2018,"Gross Imp.",1,2037929.387
"H5","CHN","07","China","WLD"," World",2019,"Gross Exp.",2,10326798.367
"H5","CHN","07","China","WLD"," World",2019,"Gross Imp.",1,1566462.071
"H5","CHN","07","China","WLD"," World",2020,"Gross Exp.",2,9671900.149
"H5","CHN","07","China","WLD"," World",2020,"Gross Imp.",1,1956687.688
"H5","CHN","07","China","WLD"," World",2021,"Gross Exp.",2,10032607.561
"H5","CHN","07","China","WLD"," World",2021,"Gross Imp.",1,2855496.789
"H5","CHN","08","China","CHN","China",2017,"Gross Imp.",1,963.677
"H5","CHN","08","China","CHN","China",2018,"Gross Imp.",1,586.097
"H5","CHN","08","China","CHN","China",2019,"Gross Imp.",1,566.047
"H5","CHN","08","China","CHN","China",2020,"Gross Imp.",1,1001.868
"H5","CHN","08","China","CHN","China",2021,"Gross Imp.",1,1735.708
"H5","CHN","08","China","USA","United States",2017,"Gross Exp.",2,142563.259
"H5","CHN","08","China","USA","United States",2017,"Gross Imp.",1,765848.723
"H5","CHN","08","China","USA","United States",2018,"Gross Exp.",2,163078.021
"H5","CHN","08","China","USA","United States",2018,"Gross Imp.",1,807921.247
"H5","CHN","08","China","USA","United States",2019,"Gross Exp.",2,156572.716
"H5","CHN","08","China","USA","United States",2019,"Gross Imp.",1,966051.389
"H5","CHN","08","China","USA","United States",2020,"Gross Exp.",2,188905.406
"H5","CHN","08","China","USA","United States",2020,"Gross Imp.",1,726292.678
"H5","CHN","08","China","USA","United States",2021,"Gross Exp.",2,236070.597
"H5","CHN","08","China","USA","United States",2021,"Gross Imp.",1,1020740.648
"H5","CHN","08","China","WLD"," World",2017,"Gross Exp.",2,5336538.38
"H5","CHN","08","China","WLD"," World",2017,"Gross Imp.",1,6395218.154
"H5","CHN","08","China","WLD"," World",2018,"Gross Exp.",2,5284605.882
"H5","CHN","08","China","WLD"," World",2018,"Gross Imp.",1,8682012.304
"H5","CHN","08","China","WLD"," World",2019,"Gross Exp.",2,6227061.001
"H5","CHN","08","China","WLD"," World",2019,"Gross Imp.",1,11665067.121
"H5","CHN","08","China","WLD"," World",2020,"Gross Exp.",2,7063595.973
"H5","CHN","08","China","WLD"," World",2020,"Gross Imp.",1,12097680.157
"H5","CHN","08","China","WLD"," World",2021,"Gross Exp.",2,6332805.669
"H5","CHN","08","China","WLD"," World",2021,"Gross Imp.",1,15916076.215
"H5","CHN","09","China","CHN","China",2017,"Gross Imp.",1,32674.934
"H5","CHN","09","China","CHN","China",2018,"Gross Imp.",1,5598.112
"H5","CHN","09","China","CHN","China",2019,"Gross Imp.",1,5999.683
"H5","CHN","09","China","CHN","China",2020,"Gross Imp.",1,4827.622
"H5","CHN","09","China","CHN","China",2021,"Gross Imp.",1,1612.602
"H5","CHN","09","China","USA","United States",2017,"Gross Exp.",2,226823.71
"H5","CHN","09","China","USA","United States",2017,"Gross Imp.",1,17762.943
"H5","CHN","09","China","USA","United States",2018,"Gross Exp.",2,238865.119
"H5","CHN","09","China","USA","United States",2018,"Gross Imp.",1,20775.837
"H5","CHN","09","China","USA","United States",2019,"Gross Exp.",2,212797.629
"H5","CHN","09","China","USA","United States",2019,"Gross Imp.",1,17349.124
"H5","CHN","09","China","USA","United States",2020,"Gross Exp.",2,216526.287
"H5","CHN","09","China","USA","United States",2020,"Gross Imp.",1,15056.458
"H5","CHN","09","China","USA","United States",2021,"Gross Exp.",2,231436.441
"H5","CHN","09","China","USA","United States",2021,"Gross Imp.",1,16776.863
"H5","CHN","09","China","WLD"," World",2017,"Gross Exp.",2,2930789.065
"H5","CHN","09","China","WLD"," World",2017,"Gross Imp.",1,472245.966
"H5","CHN","09","China","WLD"," World",2018,"Gross Exp.",2,3278051.204
"H5","CHN","09","China","WLD"," World",2018,"Gross Imp.",1,633849.64
"H5","CHN","09","China","WLD"," World",2019,"Gross Exp.",2,3633403.114
"H5","CHN","09","China","WLD"," World",2019,"Gross Imp.",1,952080.719
"H5","CHN","09","China","WLD"," World",2020,"Gross Exp.",2,4035222.305
"H5","CHN","09","China","WLD"," World",2020,"Gross Imp.",1,1237229.227
"H5","CHN","09","China","WLD"," World",2021,"Gross Exp.",2,4188803.916
"H5","CHN","09","China","WLD"," World",2021,"Gross Imp.",1,1681008.126
"H5","CHN","10","China","CHN","China",2017,"Gross Imp.",1,174.53
"H5","CHN","10","China","CHN","China",2018,"Gross Imp.",1,3.536
"H5","CHN","10","China","CHN","China",2019,"Gross Imp.",1,0.032
"H5","CHN","10","China","CHN","China",2020,"Gross Imp.",1,30.096
"H5","CHN","10","China","USA","United States",2017,"Gross Exp.",2,3236.991
"H5","CHN","10","China","USA","United States",2017,"Gross Imp.",1,1509836.271
"H5","CHN","10","China","USA","United States",2018,"Gross Exp.",2,24440.208
"H5","CHN","10","China","USA","United States",2018,"Gross Imp.",1,908671.853
"H5","CHN","10","China","USA","United States",2019,"Gross Exp.",2,21494.591
"H5","CHN","10","China","USA","United States",2019,"Gross Imp.",1,274826.17
"H5","CHN","10","China","USA","United States",2020,"Gross Exp.",2,21157.724
"H5","CHN","10","China","USA","United States",2020,"Gross Imp.",1,2448429.036
"H5","CHN","10","China","USA","United States",2021,"Gross Exp.",2,29231.872
"H5","CHN","10","China","USA","United States",2021,"Gross Imp.",1,8578295.326
"H5","CHN","10","China","WLD"," World",2017,"Gross Exp.",2,669755.86
"H5","CHN","10","China","WLD"," World",2017,"Gross Imp.",1,6400876.094
"H5","CHN","10","China","WLD"," World",2018,"Gross Exp.",2,950073.905
"H5","CHN","10","China","WLD"," World",2018,"Gross Imp.",1,5793591.003
"H5","CHN","10","China","WLD"," World",2019,"Gross Exp.",2,1120943.611
"H5","CHN","10","China","WLD"," World",2019,"Gross Imp.",1,5054886.7
"H5","CHN","10","China","WLD"," World",2020,"Gross Exp.",2,959662.739
"H5","CHN","10","China","WLD"," World",2020,"Gross Imp.",1,9316836.454
"H5","CHN","10","China","WLD"," World",2021,"Gross Exp.",2,1076267.931
"H5","CHN","10","China","WLD"," World",2021,"Gross Imp.",1,19966081.156
"H5","CHN","11","China","CHN","China",2017,"Gross Imp.",1,69.919
"H5","CHN","11","China","CHN","China",2018,"Gross Imp.",1,92.98
"H5","CHN","11","China","CHN","China",2019,"Gross Imp.",1,27.658
"H5","CHN","11","China","CHN","China",2020,"Gross Imp.",1,27.284
"H5","CHN","11","China","CHN","China",2021,"Gross Imp.",1,91.277
"H5","CHN","11","China","USA","United States",2017,"Gross Exp.",2,9633.98
"H5","CHN","11","China","USA","United States",2017,"Gross Imp.",1,23866.087
"H5","CHN","11","China","USA","United States",2018,"Gross Exp.",2,11138.045
"H5","CHN","11","China","USA","United States",2018,"Gross Imp.",1,13183.985
"H5","CHN","11","China","USA","United States",2019,"Gross Exp.",2,8344.176
"H5","CHN","11","China","USA","United States",2019,"Gross Imp.",1,10060.088
"H5","CHN","11","China","USA","United States",2020,"Gross Exp.",2,13714.363
"H5","CHN","11","China","USA","United States",2020,"Gross Imp.",1,9504.582
"H5","CHN","11","China","USA","United States",2021,"Gross Exp.",2,23386.42
"H5","CHN","11","China","USA","United States",2021,"Gross Imp.",1,8337.144
"H5","CHN","11","China","WLD"," World",2017,"Gross Exp.",2,574555.365
"H5","CHN","11","China","WLD"," World",2017,"Gross Imp.",1,970485.259
"H5","CHN","11","China","WLD"," World",2018,"Gross Exp.",2,791894.276
"H5","CHN","11","China","WLD"," World",2018,"Gross Imp.",1,1178936.051
"H5","CHN","11","China","WLD"," World",2019,"Gross Exp.",2,838598.008
"H5","CHN","11","China","WLD"," World",2019,"Gross Imp.",1,1321751.082
"H5","CHN","11","China","WLD"," World",2020,"Gross Exp.",2,692543.564
"H5","CHN","11","China","WLD"," World",2020,"Gross Imp.",1,1440034.119
"H5","CHN","11","China","WLD"," World",2021,"Gross Exp.",2,653111.514
"H5","CHN","11","China","WLD"," World",2021,"Gross Imp.",1,1957538.091
"H5","CHN","12","China","CHN","China",2017,"Gross Imp.",1,6594.466
"H5","CHN","12","China","CHN","China",2018,"Gross Imp.",1,2922.523
"H5","CHN","12","China","CHN","China",2019,"Gross Imp.",1,6118.328
"H5","CHN","12","China","CHN","China",2020,"Gross Imp.",1,7600.772
"H5","CHN","12","China","CHN","China",2021,"Gross Imp.",1,4570.047
"H5","CHN","12","China","USA","United States",2017,"Gross Exp.",2,147111.681
"H5","CHN","12","China","USA","United States",2017,"Gross Imp.",1,14560407.401
"H5","CHN","12","China","USA","United States",2018,"Gross Exp.",2,172674.464
"H5","CHN","12","China","USA","United States",2018,"Gross Imp.",1,7680207.428
"H5","CHN","12","China","USA","United States",2019,"Gross Exp.",2,114719.188
"H5","CHN","12","China","USA","United States",2019,"Gross Imp.",1,7221565.251
"H5","CHN","12","China","USA","United States",2020,"Gross Exp.",2,127698.825
"H5","CHN","12","China","USA","United States",2020,"Gross Imp.",1,11418839.099
"H5","CHN","12","China","USA","United States",2021,"Gross Exp.",2,150084.936
"H5","CHN","12","China","USA","United States",2021,"Gross Imp.",1,17426792.13
"H5","CHN","12","China","WLD"," World",2017,"Gross Exp.",2,2646341.277
"H5","CHN","12","China","WLD"," World",2017,"Gross Imp.",1,44514236.242
"H5","CHN","12","China","WLD"," World",2018,"Gross Exp.",2,2714832.604
"H5","CHN","12","China","WLD"," World",2018,"Gross Imp.",1,43379520.601
"H5","CHN","12","China","WLD"," World",2019,"Gross Exp.",2,2874926.091
"H5","CHN","12","China","WLD"," World",2019,"Gross Imp.",1,40082336.265
"H5","CHN","12","China","WLD"," World",2020,"Gross Exp.",2,2874554.77
"H5","CHN","12","China","WLD"," World",2020,"Gross Imp.",1,44980648.916
"H5","CHN","12","China","WLD"," World",2021,"Gross Exp.",2,2953545.757
"H5","CHN","12","China","WLD"," World",2021,"Gross Imp.",1,59725981.233
"H5","CHN","13","China","CHN","China",2017,"Gross Imp.",1,573.36
"H5","CHN","13","China","CHN","China",2018,"Gross Imp.",1,318.999
"H5","CHN","13","China","CHN","China",2019,"Gross Imp.",1,1566.793
"H5","CHN","13","China","CHN","China",2020,"Gross Imp.",1,743.359
"H5","CHN","13","China","CHN","China",2021,"Gross Imp.",1,796.885
"H5","CHN","13","China","USA","United States",2017,"Gross Exp.",2,242620.684
"H5","CHN","13","China","USA","United States",2017,"Gross Imp.",1,21214.037
"H5","CHN","13","China","USA","United States",2018,"Gross Exp.",2,284378.49
"H5","CHN","13","China","USA","United States",2018,"Gross Imp.",1,28165.099
"H5","CHN","13","China","USA","United States",2019,"Gross Exp.",2,274441.226
"H5","CHN","13","China","USA","United States",2019,"Gross Imp.",1,20088.564
"H5","CHN","13","China","USA","United States",2020,"Gross Exp.",2,374030.788
"H5","CHN","13","China","USA","United States",2020,"Gross Imp.",1,18292.465
"H5","CHN","13","China","USA","United States",2021,"Gross Exp.",2,465985.386
"H5","CHN","13","China","USA","United States",2021,"Gross Imp.",1,23685.405
"H5","CHN","13","China","WLD"," World",2017,"Gross Exp.",2,1347926.573
"H5","CHN","13","China","WLD"," World",2017,"Gross Imp.",1,255906.924
"H5","CHN","13","China","WLD"," World",2018,"Gross Exp.",2,1528754.273
"H5","CHN","13","China","WLD"," World",2018,"Gross Imp.",1,313727.306
"H5","CHN","13","China","WLD"," World",2019,"Gross Exp.",2,1555981.79
"H5","CHN","13","China","WLD"," World",2019,"Gross Imp.",1,412483.153
"H5","CHN","13","China","WLD"," World",2020,"Gross Exp.",2,1636441.918
"H5","CHN","13","China","WLD"," World",2020,"Gross Imp.",1,371027.604
"H5","CHN","13","China","WLD"," World",2021,"Gross Exp.",2,2107566.577
"H5","CHN","13","China","WLD"," World",2021,"Gross Imp.",1,467133.376
"H5","CHN","14","China","CHN","China",2017,"Gross Imp.",1,25.544
"H5","CHN","14","China","CHN","China",2018,"Gross Imp.",1,14.842
"H5","CHN","14","China","CHN","China",2019,"Gross Imp.",1,2.467
"H5","CHN","14","China","CHN","China",2020,"Gross Imp.",1,36.186
"H5","CHN","14","China","CHN","China",2021,"Gross Imp.",1,0.218
"H5","CHN","14","China","USA","United States",2017,"Gross Exp.",2,10702.934
"H5","CHN","14","China","USA","United States",2017,"Gross Imp.",1,9256.986
"H5","CHN","14","China","USA","United States",2018,"Gross Exp.",2,10348.23
"H5","CHN","14","China","USA","United States",2018,"Gross Imp.",1,4665.55
"H5","CHN","14","China","USA","United States",2019,"Gross Exp.",2,9938.242
"H5","CHN","14","China","USA","United States",2019,"Gross Imp.",1,1510.738
"H5","CHN","14","China","USA","United States",2020,"Gross Exp.",2,13309.548
"H5","CHN","14","China","USA","United States",2020,"Gross Imp.",1,5973.867
"H5","CHN","14","China","USA","United States",2021,"Gross Exp.",2,14980.286
"H5","CHN","14","China","USA","United States",2021,"Gross Imp.",1,8547.694
"H5","CHN","14","China","WLD"," World",2017,"Gross Exp.",2,130872.09
"H5","CHN","14","China","WLD"," World",2017,"Gross Imp.",1,174995.35
"H5","CHN","14","China","WLD"," World",2018,"Gross Exp.",2,127772.254
"H5","CHN","14","China","WLD"," World",2018,"Gross Imp.",1,142392.501
"H5","CHN","14","China","WLD"," World",2019,"Gross Exp.",2,129762.988
"H5","CHN","14","China","WLD"," World",2019,"Gross Imp.",1,143715.228
"H5","CHN","14","China","WLD"," World",2020,"Gross Exp.",2,157075.912
"H5","CHN","14","China","WLD"," World",2020,"Gross Imp.",1,128853.369
"H5","CHN","14","China","WLD"," World",2021,"Gross Exp.",2,198131.102
"H5","CHN","14","China","WLD"," World",2021,"Gross Imp.",1,209260.872
"H5","CHN","15","China","CHN","China",2017,"Gross Imp.",1,1275.815
"H5","CHN","15","China","CHN","China",2018,"Gross Imp.",1,904.535
"H5","CHN","15","China","CHN","China",2019,"Gross Imp.",1,732.182
"H5","CHN","15","China","CHN","China",2020,"Gross Imp.",1,1219.512
"H5","CHN","15","China","CHN","China",2021,"Gross Imp.",1,607.597
"H5","CHN","15","China","USA","United States",2017,"Gross Exp.",2,84354.876
"H5","CHN","15","China","USA","United States",2017,"Gross Imp.",1,138921.833
"H5","CHN","15","China","USA","United States",2018,"Gross Exp.",2,88247.921
"H5","CHN","15","China","USA","United States",2018,"Gross Imp.",1,106013.204
"H5","CHN","15","China","USA","United States",2019,"Gross Exp.",2,87215.072
"H5","CHN","15","China","USA","United States",2019,"Gross Imp.",1,97411.867
"H5","CHN","15","China","USA","United States",2020,"Gross Exp.",2,91733.932
"H5","CHN","15","China","USA","United States",2020,"Gross Imp.",1,133149.016
"H5","CHN","15","China","USA","United States",2021,"Gross Exp.",2,109744.669
"H5","CHN","15","China","USA","United States",2021,"Gross Imp.",1,133172.082
"H5","CHN","15","China","WLD"," World",2017,"Gross Exp.",2,839440.202
"H5","CHN","15","China","WLD"," World",2017,"Gross Imp.",1,8285121.759
"H5","CHN","15","China","WLD"," World",2018,"Gross Exp.",2,1092689.797
"H5","CHN","15","China","WLD"," World",2018,"Gross Imp.",1,8608587.332
"H5","CHN","15","China","WLD"," World",2019,"Gross Exp.",2,1188457.107
"H5","CHN","15","China","WLD"," World",2019,"Gross Imp.",1,9933201.512
"H5","CHN","15","China","WLD"," World",2020,"Gross Exp.",2,1439275.015
"H5","CHN","15","China","WLD"," World",2020,"Gross Imp.",1,11260130.609
"H5","CHN","15","China","WLD"," World",2021,"Gross Exp.",2,2364370.596
"H5","CHN","15","China","WLD"," World",2021,"Gross Imp.",1,15969331.627
"H5","CHN","16","China","CHN","China",2017,"Gross Imp.",1,5119.533
"H5","CHN","16","China","CHN","China",2018,"Gross Imp.",1,2994.66
"H5","CHN","16","China","CHN","China",2019,"Gross Imp.",1,1087.41
"H5","CHN","16","China","CHN","China",2020,"Gross Imp.",1,3618.936
"H5","CHN","16","China","CHN","China",2021,"Gross Imp.",1,210.6
"H5","CHN","16","China","USA","United States",2017,"Gross Exp.",2,1411846.057
"H5","CHN","16","China","USA","United States",2017,"Gross Imp.",1,4845.542
"H5","CHN","16","China","USA","United States",2018,"Gross Exp.",2,1572102.549
"H5","CHN","16","China","USA","United States",2018,"Gross Imp.",1,4957.383
"H5","CHN","16","China","USA","United States",2019,"Gross Exp.",2,1085842.189
"H5","CHN","16","China","USA","United States",2019,"Gross Imp.",1,3356.423
"H5","CHN","16","China","USA","United States",2020,"Gross Exp.",2,965368.051
"H5","CHN","16","China","USA","United States",2020,"Gross Imp.",1,2277.658
"H5","CHN","16","China","USA","United States",2021,"Gross Exp.",2,1274759.614
"H5","CHN","16","China","USA","United States",2021,"Gross Imp.",1,3466.724
"H5","CHN","16","China","WLD"," World",2017,"Gross Exp.",2,9024178.108
"H5","CHN","16","China","WLD"," World",2017,"Gross Imp.",1,239087.87
"H5","CHN","16","China","WLD"," World",2018,"Gross Exp.",2,10252064.938
"H5","CHN","16","China","WLD"," World",2018,"Gross Imp.",1,394332.702
"H5","CHN","16","China","WLD"," World",2019,"Gross Exp.",2,9241433.705
"H5","CHN","16","China","WLD"," World",2019,"Gross Imp.",1,394313.298
"H5","CHN","16","China","WLD"," World",2020,"Gross Exp.",2,9164993.229
"H5","CHN","16","China","WLD"," World",2020,"Gross Imp.",1,358698.697
"H5","CHN","16","China","WLD"," World",2021,"Gross Exp.",2,11715488.905
"H5","CHN","16","China","WLD"," World",2021,"Gross Imp.",1,392703.052
"H5","CHN","17","China","CHN","China",2017,"Gross Imp.",1,942.496
"H5","CHN","17","China","CHN","China",2018,"Gross Imp.",1,2780.403
"H5","CHN","17","China","CHN","China",2019,"Gross Imp.",1,627.909
"H5","CHN","17","China","CHN","China",2020,"Gross Imp.",1,856.749
"H5","CHN","17","China","CHN","China",2021,"Gross Imp.",1,1033.207
"H5","CHN","17","China","USA","United States",2017,"Gross Exp.",2,181118.198
"H5","CHN","17","China","USA","United States",2017,"Gross Imp.",1,79123.981
"H5","CHN","17","China","USA","United States",2018,"Gross Exp.",2,199887.204
"H5","CHN","17","China","USA","United States",2018,"Gross Imp.",1,91693.107
"H5","CHN","17","China","USA","United States",2019,"Gross Exp.",2,203805.389
"H5","CHN","17","China","USA","United States",2019,"Gross Imp.",1,93347.6
"H5","CHN","17","China","USA","United States",2020,"Gross Exp.",2,200579.359
"H5","CHN","17","China","USA","United States",2020,"Gross Imp.",1,101889.904
"H5","CHN","17","China","USA","United States",2021,"Gross Exp.",2,241736.079
"H5","CHN","17","China","USA","United States",2021,"Gross Imp.",1,139933.374
"H5","CHN","17","China","WLD"," World",2017,"Gross Exp.",2,1759253.995
"H5","CHN","17","China","WLD"," World",2017,"Gross Imp.",1,1407716.201
"H5","CHN","17","China","WLD"," World",2018,"Gross Exp.",2,1828874.644
"H5","CHN","17","China","WLD"," World",2018,"Gross Imp.",1,1421410.192
"H5","CHN","17","China","WLD"," World",2019,"Gross Exp.",2,1861349.228
"H5","CHN","17","China","WLD"," World",2019,"Gross Imp.",1,1603258.118
"H5","CHN","17","China","WLD"," World",2020,"Gross Exp.",2,1702783.574
"H5","CHN","17","China","WLD"," World",2020,"Gross Imp.",1,2629581.789
"H5","CHN","17","China","WLD"," World",2021,"Gross Exp.",2,1931020.78
"H5","CHN","17","China","WLD"," World",2021,"Gross Imp.",1,3149036.955
"H5","CHN","18","China","CHN","China",2017,"Gross Imp.",1,900.571
"H5","CHN","18","China","CHN","China",2018,"Gross Imp.",1,2760.631
"H5","CHN","18","China","CHN","China",2019,"Gross Imp.",1,5.837
"H5","CHN","18","China","CHN","China",2020,"Gross Imp.",1,105.834
"H5","CHN","18","China","CHN","China",2021,"Gross Imp.",1,65.971
"H5","CHN","18","China","USA","United States",2017,"Gross Exp.",2,33804.093
"H5","CHN","18","China","USA","United States",2017,"Gross Imp.",1,28932.361
"H5","CHN","18","China","USA","United States",2018,"Gross Exp.",2,42655.721
"H5","CHN","18","China","USA","United States",2018,"Gross Imp.",1,32183.038
"H5","CHN","18","China","USA","United States",2019,"Gross Exp.",2,43510.446
"H5","CHN","18","China","USA","United States",2019,"Gross Imp.",1,33325.912
"H5","CHN","18","China","USA","United States",2020,"Gross Exp.",2,17347.434
"H5","CHN","18","China","USA","United States",2020,"Gross Imp.",1,29356.507
"H5","CHN","18","China","USA","United States",2021,"Gross Exp.",2,41536.807
"H5","CHN","18","China","USA","United States",2021,"Gross Imp.",1,47873.392
"H5","CHN","18","China","WLD"," World",2017,"Gross Exp.",2,376026.766
"H5","CHN","18","China","WLD"," World",2017,"Gross Imp.",1,659889.629
"H5","CHN","18","China","WLD"," World",2018,"Gross Exp.",2,407222.404
"H5","CHN","18","China","WLD"," World",2018,"Gross Imp.",1,787906.699
"H5","CHN","18","China","WLD"," World",2019,"Gross Exp.",2,399294.987
"H5","CHN","18","China","WLD"," World",2019,"Gross Imp.",1,811261.695
"H5","CHN","18","China","WLD"," World",2020,"Gross Exp.",2,327418.154
"H5","CHN","18","China","WLD"," World",2020,"Gross Imp.",1,787518.533
"H5","CHN","18","China","WLD"," World",2021,"Gross Exp.",2,436457.661
"H5","CHN","18","China","WLD"," World",2021,"Gross Imp.",1,1044682.932
"H5","CHN","19","China","CHN","China",2017,"Gross Imp.",1,4589.729
"H5","CHN","19","China","CHN","China",2018,"Gross Imp.",1,4635.446
"H5","CHN","19","China","CHN","China",2019,"Gross Imp.",1,6295.501
"H5","CHN","19","China","CHN","China",2020,"Gross Imp.",1,5052.42
"H5","CHN","19","China","CHN","China",2021,"Gross Imp.",1,2074.527
"H5","CHN","19","China","USA","United States",2017,"Gross Exp.",2,183979.733
"H5","CHN","19","China","USA","United States",2017,"Gross Imp.",1,120186.486
"H5","CHN","19","China","USA","United States",2018,"Gross Exp.",2,215362.845
"H5","CHN","19","China","USA","United States",2018,"Gross Imp.",1,142963.333
"H5","CHN","19","China","USA","United States",2019,"Gross Exp.",2,194253.244
"H5","CHN","19","China","USA","United States",2019,"Gross Imp.",1,147793.993
"H5","CHN","19","China","USA","United States",2020,"Gross Exp.",2,219882.289
"H5","CHN","19","China","USA","United States",2020,"Gross Imp.",1,135927.405
"H5","CHN","19","China","USA","United States",2021,"Gross Exp.",2,246183.483
"H5","CHN","19","China","USA","United States",2021,"Gross Imp.",1,79509.9
"H5","CHN","19","China","WLD"," World",2017,"Gross Exp.",2,1650108.479
"H5","CHN","19","China","WLD"," World",2017,"Gross Imp.",1,5685817.639
"H5","CHN","19","China","WLD"," World",2018,"Gross Exp.",2,1993226.678
"H5","CHN","19","China","WLD"," World",2018,"Gross Imp.",1,6665804.181
"H5","CHN","19","China","WLD"," World",2019,"Gross Exp.",2,2216131.137
"H5","CHN","19","China","WLD"," World",2019,"Gross Imp.",1,7209856.236
"H5","CHN","19","China","WLD"," World",2020,"Gross Exp.",2,2009527.509
"H5","CHN","19","China","WLD"," World",2020,"Gross Imp.",1,7331524.216
"H5","CHN","19","China","WLD"," World",2021,"Gross Exp.",2,2345271.423
"H5","CHN","19","China","WLD"," World",2021,"Gross Imp.",1,6826882.425
"H5","CHN","20","China","CHN","China",2017,"Gross Imp.",1,2272.362
"H5","CHN","20","China","CHN","China",2018,"Gross Imp.",1,10504.405
"H5","CHN","20","China","CHN","China",2019,"Gross Imp.",1,23924.358
"H5","CHN","20","China","CHN","China",2020,"Gross Imp.",1,1970.82
"H5","CHN","20","China","CHN","China",2021,"Gross Imp.",1,1616.255
"H5","CHN","20","China","USA","United States",2017,"Gross Exp.",2,1094180.319
"H5","CHN","20","China","USA","United States",2017,"Gross Imp.",1,272431.411
"H5","CHN","20","China","USA","United States",2018,"Gross Exp.",2,1239083.961
"H5","CHN","20","China","USA","United States",2018,"Gross Imp.",1,350218.073
"H5","CHN","20","China","USA","United States",2019,"Gross Exp.",2,789000.356
"H5","CHN","20","China","USA","United States",2019,"Gross Imp.",1,280224.213
"H5","CHN","20","China","USA","United States",2020,"Gross Exp.",2,941168.05
"H5","CHN","20","China","USA","United States",2020,"Gross Imp.",1,226269.791
"H5","CHN","20","China","USA","United States",2021,"Gross Exp.",2,896495.062
"H5","CHN","20","China","USA","United States",2021,"Gross Imp.",1,336711.298
"H5","CHN","20","China","WLD"," World",2017,"Gross Exp.",2,7693661.342
"H5","CHN","20","China","WLD"," World",2017,"Gross Imp.",1,1093174.614
"H5","CHN","20","China","WLD"," World",2018,"Gross Exp.",2,8050432.27
"H5","CHN","20","China","WLD"," World",2018,"Gross Imp.",1,1401762.649
"H5","CHN","20","China","WLD"," World",2019,"Gross Exp.",2,7837280.018
"H5","CHN","20","China","WLD"," World",2019,"Gross Imp.",1,1495814.469
"H5","CHN","20","China","WLD"," World",2020,"Gross Exp.",2,7610993.301
"H5","CHN","20","China","WLD"," World",2020,"Gross Imp.",1,1344302.795
"H5","CHN","20","China","WLD"," World",2021,"Gross Exp.",2,8272862.576
"H5","CHN","20","China","WLD"," World",2021,"Gross Imp.",1,1697864.177
"H5","CHN","21","China","CHN","China",2017,"Gross Imp.",1,49432.573
"H5","CHN","21","China","CHN","China",2018,"Gross Imp.",1,26008.335
"H5","CHN","21","China","CHN","China",2019,"Gross Imp.",1,27417.062
"H5","CHN","21","China","CHN","China",2020,"Gross Imp.",1,30512.26
"H5","CHN","21","China","CHN","China",2021,"Gross Imp.",1,16621.5
"H5","CHN","21","China","USA","United States",2017,"Gross Exp.",2,427518.45
"H5","CHN","21","China","USA","United States",2017,"Gross Imp.",1,441511.643
"H5","CHN","21","China","USA","United States",2018,"Gross Exp.",2,564570.162
"H5","CHN","21","China","USA","United States",2018,"Gross Imp.",1,652719.965
"H5","CHN","21","China","USA","United States",2019,"Gross Exp.",2,524203.825
"H5","CHN","21","China","USA","United States",2019,"Gross Imp.",1,772561.056
"H5","CHN","21","China","USA","United States",2020,"Gross Exp.",2,620563.743
"H5","CHN","21","China","USA","United States",2020,"Gross Imp.",1,883509.852
"H5","CHN","21","China","USA","United States",2021,"Gross Exp.",2,736257.11
"H5","CHN","21","China","USA","United States",2021,"Gross Imp.",1,1001834.184
"H5","CHN","21","China","WLD"," World",2017,"Gross Exp.",2,3259700.022
"H5","CHN","21","China","WLD"," World",2017,"Gross Imp.",1,2388101.508
"H5","CHN","21","China","WLD"," World",2018,"Gross Exp.",2,3679387.881
"H5","CHN","21","China","WLD"," World",2018,"Gross Imp.",1,3256095.786
"H5","CHN","21","China","WLD"," World",2019,"Gross Exp.",2,3985224.921
"H5","CHN","21","China","WLD"," World",2019,"Gross Imp.",1,3689475.177
"H5","CHN","21","China","WLD"," World",2020,"Gross Exp.",2,4559733.175
"H5","CHN","21","China","WLD"," World",2020,"Gross Imp.",1,4459532.109
"H5","CHN","21","China","WLD"," World",2021,"Gross Exp.",2,5705861.681
"H5","CHN","21","China","WLD"," World",2021,"Gross Imp.",1,4830464.842
"H5","CHN","22","China","CHN","China",2017,"Gross Imp.",1,43941.328
"H5","CHN","22","China","CHN","China",2018,"Gross Imp.",1,73579.711
"H5","CHN","22","China","CHN","China",2019,"Gross Imp.",1,93791.875
"H5","CHN","22","China","CHN","China",2020,"Gross Imp.",1,82071.279
"H5","CHN","22","China","CHN","China",2021,"Gross Imp.",1,87343.64
"H5","CHN","22","China","USA","United States",2017,"Gross Exp.",2,62903.996
"H5","CHN","22","China","USA","United States",2017,"Gross Imp.",1,137880.346
"H5","CHN","22","China","USA","United States",2018,"Gross Exp.",2,86335.502
"H5","CHN","22","China","USA","United States",2018,"Gross Imp.",1,406672.84
"H5","CHN","22","China","USA","United States",2019,"Gross Exp.",2,68061.978
"H5","CHN","22","China","USA","United States",2019,"Gross Imp.",1,159729.143
"H5","CHN","22","China","USA","United States",2020,"Gross Exp.",2,33951.736
"H5","CHN","22","China","USA","United States",2020,"Gross Imp.",1,164527.979
"H5","CHN","22","China","USA","United States",2021,"Gross Exp.",2,48763.395
"H5","CHN","22","China","USA","United States",2021,"Gross Imp.",1,427431.852
"H5","CHN","22","China","WLD"," World",2017,"Gross Exp.",2,2227073.681
"H5","CHN","22","China","WLD"," World",2017,"Gross Imp.",1,5288404.782
"H5","CHN","22","China","WLD"," World",2018,"Gross Exp.",2,2368699.316
"H5","CHN","22","China","WLD"," World",2018,"Gross Imp.",1,6434464.262
"H5","CHN","22","China","WLD"," World",2019,"Gross Exp.",2,2081339.428
"H5","CHN","22","China","WLD"," World",2019,"Gross Imp.",1,5817387.073
"H5","CHN","22","China","WLD"," World",2020,"Gross Exp.",2,2023105.932
"H5","CHN","22","China","WLD"," World",2020,"Gross Imp.",1,5080450.512
"H5","CHN","22","China","WLD"," World",2021,"Gross Exp.",2,2066955.549
"H5","CHN","22","China","WLD"," World",2021,"Gross Imp.",1,6593542.556
"H5","CHN","23","China","CHN","China",2017,"Gross Imp.",1,2509.752
"H5","CHN","23","China","CHN","China",2018,"Gross Imp.",1,724.535
"H5","CHN","23","China","CHN","China",2019,"Gross Imp.",1,377.48
"H5","CHN","23","China","CHN","China",2020,"Gross Imp.",1,511.655
"H5","CHN","23","China","CHN","China",2021,"Gross Imp.",1,389.409
"H5","CHN","23","China","USA","United States",2017,"Gross Exp.",2,434458.479
"H5","CHN","23","China","USA","United States",2017,"Gross Imp.",1,521944.477
"H5","CHN","23","China","USA","United States",2018,"Gross Exp.",2,473591.964
"H5","CHN","23","China","USA","United States",2018,"Gross Imp.",1,505983.613
"H5","CHN","23","China","USA","United States",2019,"Gross Exp.",2,332124.695
"H5","CHN","23","China","USA","United States",2019,"Gross Imp.",1,426262.232
"H5","CHN","23","China","USA","United States",2020,"Gross Exp.",2,325422.543
"H5","CHN","23","China","USA","United States",2020,"Gross Imp.",1,583372.536
"H5","CHN","23","China","USA","United States",2021,"Gross Exp.",2,424449.821
"H5","CHN","23","China","USA","United States",2021,"Gross Imp.",1,718192.534
"H5","CHN","23","China","WLD"," World",2017,"Gross Exp.",2,2659026.816
"H5","CHN","23","China","WLD"," World",2017,"Gross Imp.",1,3397547.944
"H5","CHN","23","China","WLD"," World",2018,"Gross Exp.",2,3116594.623
"H5","CHN","23","China","WLD"," World",2018,"Gross Imp.",1,3804178.353
"H5","CHN","23","China","WLD"," World",2019,"Gross Exp.",2,2809043.441
"H5","CHN","23","China","WLD"," World",2019,"Gross Imp.",1,3971971.529
"H5","CHN","23","China","WLD"," World",2020,"Gross Exp.",2,2922172.738
"H5","CHN","23","China","WLD"," World",2020,"Gross Imp.",1,4791397.367
"H5","CHN","23","China","WLD"," World",2021,"Gross Exp.",2,3681594.084
"H5","CHN","23","China","WLD"," World",2021,"Gross Imp.",1,6523703.572
"H5","CHN","24","China","CHN","China",2017,"Gross Imp.",1,153318.903
"H5","CHN","24","China","CHN","China",2018,"Gross Imp.",1,234467.055
"H5","CHN","24","China","CHN","China",2019,"Gross Imp.",1,220199.222
"H5","CHN","24","China","CHN","China",2020,"Gross Imp.",1,67824.381
"H5","CHN","24","China","CHN","China",2021,"Gross Imp.",1,31936.526
"H5","CHN","24","China","USA","United States",2017,"Gross Exp.",2,13278.513
"H5","CHN","24","China","USA","United States",2017,"Gross Imp.",1,170113.83
"H5","CHN","24","China","USA","United States",2018,"Gross Exp.",2,14396.273
"H5","CHN","24","China","USA","United States",2018,"Gross Imp.",1,162160.304
"H5","CHN","24","China","USA","United States",2019,"Gross Exp.",2,12819.873
"H5","CHN","24","China","USA","United States",2019,"Gross Imp.",1,524.073
"H5","CHN","24","China","USA","United States",2020,"Gross Exp.",2,3781.307
"H5","CHN","24","China","USA","United States",2020,"Gross Imp.",1,270.482
"H5","CHN","24","China","USA","United States",2021,"Gross Exp.",2,360.637
"H5","CHN","24","China","USA","United States",2021,"Gross Imp.",1,181212.484
"H5","CHN","24","China","WLD"," World",2017,"Gross Exp.",2,1326799.34
"H5","CHN","24","China","WLD"," World",2017,"Gross Imp.",1,1762675.49
"H5","CHN","24","China","WLD"," World",2018,"Gross Exp.",2,1408608.624
"H5","CHN","24","China","WLD"," World",2018,"Gross Imp.",1,1758782.405
"H5","CHN","24","China","WLD"," World",2019,"Gross Exp.",2,1419728.364
"H5","CHN","24","China","WLD"," World",2019,"Gross Imp.",1,1904745.485
"H5","CHN","24","China","WLD"," World",2020,"Gross Exp.",2,778777.784
"H5","CHN","24","China","WLD"," World",2020,"Gross Imp.",1,1166044.372
"H5","CHN","24","China","WLD"," World",2021,"Gross Exp.",2,710844.3
"H5","CHN","24","China","WLD"," World",2021,"Gross Imp.",1,1458558.725
"H5","CHN","25","China","CHN","China",2017,"Gross Imp.",1,2425.687
"H5","CHN","25","China","CHN","China",2018,"Gross Imp.",1,2496.89
"H5","CHN","25","China","CHN","China",2019,"Gross Imp.",1,3717.195
"H5","CHN","25","China","CHN","China",2020,"Gross Imp.",1,2197.348
"H5","CHN","25","China","CHN","China",2021,"Gross Imp.",1,3019.889
"H5","CHN","25","China","USA","United States",2017,"Gross Exp.",2,347399.47
"H5","CHN","25","China","USA","United States",2017,"Gross Imp.",1,320732.556
"H5","CHN","25","China","USA","United States",2018,"Gross Exp.",2,461143.621
"H5","CHN","25","China","USA","United States",2018,"Gross Imp.",1,408751.569
"H5","CHN","25","China","USA","United States",2019,"Gross Exp.",2,347560.858
"H5","CHN","25","China","USA","United States",2019,"Gross Imp.",1,324624.712
"H5","CHN","25","China","USA","United States",2020,"Gross Exp.",2,167350.112
"H5","CHN","25","China","USA","United States",2020,"Gross Imp.",1,358684.024
"H5","CHN","25","China","USA","United States",2021,"Gross Exp.",2,311852.836
"H5","CHN","25","China","USA","United States",2021,"Gross Imp.",1,615086.286
"H5","CHN","25","China","WLD"," World",2017,"Gross Exp.",2,3217627.041
"H5","CHN","25","China","WLD"," World",2017,"Gross Imp.",1,6367474.093
"H5","CHN","25","China","WLD"," World",2018,"Gross Exp.",2,3718249.979
"H5","CHN","25","China","WLD"," World",2018,"Gross Imp.",1,8024739.437
"H5","CHN","25","China","WLD"," World",2019,"Gross Exp.",2,3302282.413
"H5","CHN","25","China","WLD"," World",2019,"Gross Imp.",1,8145574.671
"H5","CHN","25","China","WLD"," World",2020,"Gross Exp.",2,3102432.892
"H5","CHN","25","China","WLD"," World",2020,"Gross Imp.",1,6890179.982
"H5","CHN","25","China","WLD"," World",2021,"Gross Exp.",2,3747928.925
"H5","CHN","25","China","WLD"," World",2021,"Gross Imp.",1,9715711.04
"H5","CHN","26","China","CHN","China",2017,"Gross Imp.",1,19.645
"H5","CHN","26","China","CHN","China",2018,"Gross Imp.",1,7207.048
"H5","CHN","26","China","CHN","China",2019,"Gross Imp.",1,17.656
"H5","CHN","26","China","CHN","China",2020,"Gross Imp.",1,0.071
"H5","CHN","26","China","CHN","China",2021,"Gross Imp.",1,4.841
"H5","CHN","26","China","USA","United States",2017,"Gross Exp.",2,16038.02
"H5","CHN","26","China","USA","United States",2017,"Gross Imp.",1,1513268.151
"H5","CHN","26","China","USA","United States",2018,"Gross Exp.",2,18654.738
"H5","CHN","26","China","USA","United States",2018,"Gross Imp.",1,1039267.453
"H5","CHN","26","China","USA","United States",2019,"Gross Exp.",2,11994.388
"H5","CHN","26","China","USA","United States",2019,"Gross Imp.",1,212853.988
"H5","CHN","26","China","USA","United States",2020,"Gross Exp.",2,6634.424
"H5","CHN","26","China","USA","United States",2020,"Gross Imp.",1,880344.486
"H5","CHN","26","China","USA","United States",2021,"Gross Exp.",2,15452.717
"H5","CHN","26","China","USA","United States",2021,"Gross Imp.",1,2309171.428
"H5","CHN","26","China","WLD"," World",2017,"Gross Exp.",2,717174.679
"H5","CHN","26","China","WLD"," World",2017,"Gross Imp.",1,126477634.212
"H5","CHN","26","China","WLD"," World",2018,"Gross Exp.",2,1164442.867
"H5","CHN","26","China","WLD"," World",2018,"Gross Imp.",1,135868105.618
"H5","CHN","26","China","WLD"," World",2019,"Gross Exp.",2,1746659.018
"H5","CHN","26","China","WLD"," World",2019,"Gross Imp.",1,164958223.211
"H5","CHN","26","China","WLD"," World",2020,"Gross Exp.",2,1942480.63
"H5","CHN","26","China","WLD"," World",2020,"Gross Imp.",1,187192533.351
"H5","CHN","26","China","WLD"," World",2021,"Gross Exp.",2,4539029.751
"H5","CHN","26","China","WLD"," World",2021,"Gross Imp.",1,271682060.092
"H5","CHN","27","China","CHN","China",2017,"Gross Imp.",1,4585.947
"H5","CHN","27","China","CHN","China",2018,"Gross Imp.",1,16514.421
"H5","CHN","27","China","CHN","China",2019,"Gross Imp.",1,2701.005
"H5","CHN","27","China","CHN","China",2020,"Gross Imp.",1,40350.155
"H5","CHN","27","China","CHN","China",2021,"Gross Imp.",1,4245.588
"H5","CHN","27","China","USA","United States",2017,"Gross Exp.",2,1259077.937
"H5","CHN","27","China","USA","United States",2017,"Gross Imp.",1,7278892.065
"H5","CHN","27","China","USA","United States",2018,"Gross Exp.",2,1225897.941
"H5","CHN","27","China","USA","United States",2018,"Gross Imp.",1,10533483.541
"H5","CHN","27","China","USA","United States",2019,"Gross Exp.",2,892562.675
"H5","CHN","27","China","USA","United States",2019,"Gross Imp.",1,4117839.176
"H5","CHN","27","China","USA","United States",2020,"Gross Exp.",2,301869.835
"H5","CHN","27","China","USA","United States",2020,"Gross Imp.",1,10011571.558
"H5","CHN","27","China","USA","United States",2021,"Gross Exp.",2,485996.687
"H5","CHN","27","China","USA","United States",2021,"Gross Imp.",1,21385453.831
"H5","CHN","27","China","WLD"," World",2017,"Gross Exp.",2,35390766.468
"H5","CHN","27","China","WLD"," World",2017,"Gross Imp.",1,249624522.202
"H5","CHN","27","China","WLD"," World",2018,"Gross Exp.",2,46439971.539
"H5","CHN","27","China","WLD"," World",2018,"Gross Imp.",1,347199945.635
"H5","CHN","27","China","WLD"," World",2019,"Gross Exp.",2,46853053.307
"H5","CHN","27","China","WLD"," World",2019,"Gross Imp.",1,348125013.257
"H5","CHN","27","China","WLD"," World",2020,"Gross Exp.",2,31442592.572
"H5","CHN","27","China","WLD"," World",2020,"Gross Imp.",1,273716495.976
"H5","CHN","27","China","WLD"," World",2021,"Gross Exp.",2,42834476.915
"H5","CHN","27","China","WLD"," World",2021,"Gross Imp.",1,405433252.593
"H5","CHN","28","China","CHN","China",2017,"Gross Imp.",1,40784.706
"H5","CHN","28","China","CHN","China",2018,"Gross Imp.",1,59721.981
"H5","CHN","28","China","CHN","China",2019,"Gross Imp.",1,172946.314
"H5","CHN","28","China","CHN","China",2020,"Gross Imp.",1,84992.177
"H5","CHN","28","China","CHN","China",2021,"Gross Imp.",1,103421.049
"H5","CHN","28","China","USA","United States",2017,"Gross Exp.",2,1239399.506
"H5","CHN","28","China","USA","United States",2017,"Gross Imp.",1,899731.491
"H5","CHN","28","China","USA","United States",2018,"Gross Exp.",2,1504173.288
"H5","CHN","28","China","USA","United States",2018,"Gross Imp.",1,982433.193
"H5","CHN","28","China","USA","United States",2019,"Gross Exp.",2,985330.358
"H5","CHN","28","China","USA","United States",2019,"Gross Imp.",1,853188.772
"H5","CHN","28","China","USA","United States",2020,"Gross Exp.",2,799402.474
"H5","CHN","28","China","USA","United States",2020,"Gross Imp.",1,814395.709
"H5","CHN","28","China","USA","United States",2021,"Gross Exp.",2,1175071.863
"H5","CHN","28","China","USA","United States",2021,"Gross Imp.",1,1086018.46
"H5","CHN","28","China","WLD"," World",2017,"Gross Exp.",2,15004411.892
"H5","CHN","28","China","WLD"," World",2017,"Gross Imp.",1,10433675.245
"H5","CHN","28","China","WLD"," World",2018,"Gross Exp.",2,20089087.368
"H5","CHN","28","China","WLD"," World",2018,"Gross Imp.",1,10835891.955
"H5","CHN","28","China","WLD"," World",2019,"Gross Exp.",2,16839453.04
"H5","CHN","28","China","WLD"," World",2019,"Gross Imp.",1,10366322.755
"H5","CHN","28","China","WLD"," World",2020,"Gross Exp.",2,15204048.627
"H5","CHN","28","China","WLD"," World",2020,"Gross Imp.",1,11021438.494
"H5","CHN","28","China","WLD"," World",2021,"Gross Exp.",2,23140018.958
"H5","CHN","28","China","WLD"," World",2021,"Gross Imp.",1,14897295.402
"H5","CHN","29","China","CHN","China",2017,"Gross Imp.",1,242931.83
"H5","CHN","29","China","CHN","China",2018,"Gross Imp.",1,321961.63
"H5","CHN","29","China","CHN","China",2019,"Gross Imp.",1,224439.498
"H5","CHN","29","China","CHN","China",2020,"Gross Imp.",1,213414.283
"H5","CHN","29","China","CHN","China",2021,"Gross Imp.",1,255007.141
"H5","CHN","29","China","USA","United States",2017,"Gross Exp.",2,7483190.691
"H5","CHN","29","China","USA","United States",2017,"Gross Imp.",1,3714882.734
"H5","CHN","29","China","USA","United States",2018,"Gross Exp.",2,9167434.829
"H5","CHN","29","China","USA","United States",2018,"Gross Imp.",1,3927241.452
"H5","CHN","29","China","USA","United States",2019,"Gross Exp.",2,7451251.255
"H5","CHN","29","China","USA","United States",2019,"Gross Imp.",1,2961600.972
"H5","CHN","29","China","USA","United States",2020,"Gross Exp.",2,7387183.297
"H5","CHN","29","China","USA","United States",2020,"Gross Imp.",1,3232405.601
"H5","CHN","29","China","USA","United States",2021,"Gross Exp.",2,10607184.04
"H5","CHN","29","China","USA","United States",2021,"Gross Imp.",1,4154409.052
"H5","CHN","29","China","WLD"," World",2017,"Gross Exp.",2,49736115.534
"H5","CHN","29","China","WLD"," World",2017,"Gross Imp.",1,55837858.384
"H5","CHN","29","China","WLD"," World",2018,"Gross Exp.",2,59761678.849
"H5","CHN","29","China","WLD"," World",2018,"Gross Imp.",1,67304605.342
"H5","CHN","29","China","WLD"," World",2019,"Gross Exp.",2,56779678.399
"H5","CHN","29","China","WLD"," World",2019,"Gross Imp.",1,57506948.923
"H5","CHN","29","China","WLD"," World",2020,"Gross Exp.",2,56953837.176
"H5","CHN","29","China","WLD"," World",2020,"Gross Imp.",1,45641316.934
"H5","CHN","29","China","WLD"," World",2021,"Gross Exp.",2,82518698.36
"H5","CHN","29","China","WLD"," World",2021,"Gross Imp.",1,60214471.474
"H5","CHN","30","China","CHN","China",2017,"Gross Imp.",1,10972.55
"H5","CHN","30","China","CHN","China",2018,"Gross Imp.",1,6985.394
"H5","CHN","30","China","CHN","China",2019,"Gross Imp.",1,11629.184
"H5","CHN","30","China","CHN","China",2020,"Gross Imp.",1,8067.09
"H5","CHN","30","China","CHN","China",2021,"Gross Imp.",1,29027.423
"H5","CHN","30","China","USA","United States",2017,"Gross Exp.",2,1258533.517
"H5","CHN","30","China","USA","United States",2017,"Gross Imp.",1,3753579.636
"H5","CHN","30","China","USA","United States",2018,"Gross Exp.",2,1475887.229
"H5","CHN","30","China","USA","United States",2018,"Gross Imp.",1,4667115.688
"H5","CHN","30","China","USA","United States",2019,"Gross Exp.",2,1827163.681
"H5","CHN","30","China","USA","United States",2019,"Gross Imp.",1,4863153.256
"H5","CHN","30","China","USA","United States",2020,"Gross Exp.",2,2412711.361
"H5","CHN","30","China","USA","United States",2020,"Gross Imp.",1,5661405.111
"H5","CHN","30","China","USA","United States",2021,"Gross Exp.",2,2837816.414
"H5","CHN","30","China","USA","United States",2021,"Gross Imp.",1,7045041.914
"H5","CHN","30","China","WLD"," World",2017,"Gross Exp.",2,7364201.099
"H5","CHN","30","China","WLD"," World",2017,"Gross Imp.",1,25364914.055
"H5","CHN","30","China","WLD"," World",2018,"Gross Exp.",2,8870327.569
"H5","CHN","30","China","WLD"," World",2018,"Gross Imp.",1,27931121.39
"H5","CHN","30","China","WLD"," World",2019,"Gross Exp.",2,9168364.351
"H5","CHN","30","China","WLD"," World",2019,"Gross Imp.",1,33605325.868
"H5","CHN","30","China","WLD"," World",2020,"Gross Exp.",2,13207628.725
"H5","CHN","30","China","WLD"," World",2020,"Gross Imp.",1,34915064.567
"H5","CHN","30","China","WLD"," World",2021,"Gross Exp.",2,38545057.952
"H5","CHN","30","China","WLD"," World",2021,"Gross Imp.",1,41862452.119
"H5","CHN","31","China","CHN","China",2017,"Gross Imp.",1,1470.234
"H5","CHN","31","China","CHN","China",2018,"Gross Imp.",1,483.861
"H5","CHN","31","China","CHN","China",2019,"Gross Imp.",1,24.667
"H5","CHN","31","China","CHN","China",2020,"Gross Imp.",1,14971.616
"H5","CHN","31","China","CHN","China",2021,"Gross Imp.",1,57.302
"H5","CHN","31","China","USA","United States",2017,"Gross Exp.",2,105744.579
"H5","CHN","31","China","USA","United States",2017,"Gross Imp.",1,56407.483
"H5","CHN","31","China","USA","United States",2018,"Gross Exp.",2,40981.88
"H5","CHN","31","China","USA","United States",2018,"Gross Imp.",1,45480.314
"H5","CHN","31","China","USA","United States",2019,"Gross Exp.",2,10122.863
"H5","CHN","31","China","USA","United States",2019,"Gross Imp.",1,50137.657
"H5","CHN","31","China","USA","United States",2020,"Gross Exp.",2,12309.154
"H5","CHN","31","China","USA","United States",2020,"Gross Imp.",1,34593.261
"H5","CHN","31","China","USA","United States",2021,"Gross Exp.",2,7694.314
"H5","CHN","31","China","USA","United States",2021,"Gross Imp.",1,17942.541
"H5","CHN","31","China","WLD"," World",2017,"Gross Exp.",2,6042557.215
"H5","CHN","31","China","WLD"," World",2017,"Gross Imp.",1,2314165.806
"H5","CHN","31","China","WLD"," World",2018,"Gross Exp.",2,7021817.219
"H5","CHN","31","China","WLD"," World",2018,"Gross Imp.",1,2731898.628
"H5","CHN","31","China","WLD"," World",2019,"Gross Exp.",2,7163728.115
"H5","CHN","31","China","WLD"," World",2019,"Gross Imp.",1,3543694.164
"H5","CHN","31","China","WLD"," World",2020,"Gross Exp.",2,6567197.551
"H5","CHN","31","China","WLD"," World",2020,"Gross Imp.",1,2906186.918
"H5","CHN","31","China","WLD"," World",2021,"Gross Exp.",2,11445650.349
"H5","CHN","31","China","WLD"," World",2021,"Gross Imp.",1,2765245.054
"H5","CHN","32","China","CHN","China",2017,"Gross Imp.",1,29441.075
"H5","CHN","32","China","CHN","China",2018,"Gross Imp.",1,34809.912
"H5","CHN","32","China","CHN","China",2019,"Gross Imp.",1,29194.689
"H5","CHN","32","China","CHN","China",2020,"Gross Imp.",1,28110.955
"H5","CHN","32","China","CHN","China",2021,"Gross Imp.",1,30849.765
"H5","CHN","32","China","USA","United States",2017,"Gross Exp.",2,545753.062
"H5","CHN","32","China","USA","United States",2017,"Gross Imp.",1,501363.592
"H5","CHN","32","China","USA","United States",2018,"Gross Exp.",2,613716.61
"H5","CHN","32","China","USA","United States",2018,"Gross Imp.",1,507807.186
"H5","CHN","32","China","USA","United States",2019,"Gross Exp.",2,351079.428
"H5","CHN","32","China","USA","United States",2019,"Gross Imp.",1,418253.952
"H5","CHN","32","China","USA","United States",2020,"Gross Exp.",2,403466.018
"H5","CHN","32","China","USA","United States",2020,"Gross Imp.",1,347017.479
"H5","CHN","32","China","USA","United States",2021,"Gross Exp.",2,462137.618
"H5","CHN","32","China","USA","United States",2021,"Gross Imp.",1,437082.921
"H5","CHN","32","China","WLD"," World",2017,"Gross Exp.",2,6990875.236
"H5","CHN","32","China","WLD"," World",2017,"Gross Imp.",1,4652151.693
"H5","CHN","32","China","WLD"," World",2018,"Gross Exp.",2,7766224.412
"H5","CHN","32","China","WLD"," World",2018,"Gross Imp.",1,5036285.546
"H5","CHN","32","China","WLD"," World",2019,"Gross Exp.",2,7719883.117
"H5","CHN","32","China","WLD"," World",2019,"Gross Imp.",1,5028980.493
"H5","CHN","32","China","WLD"," World",2020,"Gross Exp.",2,7831625.996
"H5","CHN","32","China","WLD"," World",2020,"Gross Imp.",1,4826331.343
"H5","CHN","32","China","WLD"," World",2021,"Gross Exp.",2,10314344.644
"H5","CHN","32","China","WLD"," World",2021,"Gross Imp.",1,6036031.574
"H5","CHN","33","China","CHN","China",2017,"Gross Imp.",1,30568.524
"H5","CHN","33","China","CHN","China",2018,"Gross Imp.",1,59919.074
"H5","CHN","33","China","CHN","China",2019,"Gross Imp.",1,98369.38
"H5","CHN","33","China","CHN","China",2020,"Gross Imp.",1,99493.605
"H5","CHN","33","China","CHN","China",2021,"Gross Imp.",1,140273.554
"H5","CHN","33","China","USA","United States",2017,"Gross Exp.",2,1278860.547
"H5","CHN","33","China","USA","United States",2017,"Gross Imp.",1,895777.471
"H5","CHN","33","China","USA","United States",2018,"Gross Exp.",2,1388401.093
"H5","CHN","33","China","USA","United States",2018,"Gross Imp.",1,1329647.082
"H5","CHN","33","China","USA","United States",2019,"Gross Exp.",2,1188021.631
"H5","CHN","33","China","USA","United States",2019,"Gross Imp.",1,1722341.731
"H5","CHN","33","China","USA","United States",2020,"Gross Exp.",2,1115122.413
"H5","CHN","33","China","USA","United States",2020,"Gross Imp.",1,2289552.64
"H5","CHN","33","China","USA","United States",2021,"Gross Exp.",2,1352070.425
"H5","CHN","33","China","USA","United States",2021,"Gross Imp.",1,2509223.646
"H5","CHN","33","China","WLD"," World",2017,"Gross Exp.",2,4832346.428
"H5","CHN","33","China","WLD"," World",2017,"Gross Imp.",1,7658011.298
"H5","CHN","33","China","WLD"," World",2018,"Gross Exp.",2,5618702.45
"H5","CHN","33","China","WLD"," World",2018,"Gross Imp.",1,12383030.1
"H5","CHN","33","China","WLD"," World",2019,"Gross Exp.",2,5894164.659
"H5","CHN","33","China","WLD"," World",2019,"Gross Imp.",1,16111757.686
"H5","CHN","33","China","WLD"," World",2020,"Gross Exp.",2,5188133.502
"H5","CHN","33","China","WLD"," World",2020,"Gross Imp.",1,20476770.916
"H5","CHN","33","China","WLD"," World",2021,"Gross Exp.",2,6260783.83
"H5","CHN","33","China","WLD"," World",2021,"Gross Imp.",1,24068738.733
"H5","CHN","34","China","CHN","China",2017,"Gross Imp.",1,13955.938
"H5","CHN","34","China","CHN","China",2018,"Gross Imp.",1,14598.041
"H5","CHN","34","China","CHN","China",2019,"Gross Imp.",1,18065.089
"H5","CHN","34","China","CHN","China",2020,"Gross Imp.",1,17469.891
"H5","CHN","34","China","CHN","China",2021,"Gross Imp.",1,17053.534
"H5","CHN","34","China","USA","United States",2017,"Gross Exp.",2,349384.049
"H5","CHN","34","China","USA","United States",2017,"Gross Imp.",1,877983.937
"H5","CHN","34","China","USA","United States",2018,"Gross Exp.",2,449804.59
"H5","CHN","34","China","USA","United States",2018,"Gross Imp.",1,889700.08
"H5","CHN","34","China","USA","United States",2019,"Gross Exp.",2,402309.151
"H5","CHN","34","China","USA","United States",2019,"Gross Imp.",1,746206.557
"H5","CHN","34","China","USA","United States",2020,"Gross Exp.",2,834586.798
"H5","CHN","34","China","USA","United States",2020,"Gross Imp.",1,768943.764
"H5","CHN","34","China","USA","United States",2021,"Gross Exp.",2,592448.291
"H5","CHN","34","China","USA","United States",2021,"Gross Imp.",1,1011758.732
"H5","CHN","34","China","WLD"," World",2017,"Gross Exp.",2,3538269.728
"H5","CHN","34","China","WLD"," World",2017,"Gross Imp.",1,4460519.373
"H5","CHN","34","China","WLD"," World",2018,"Gross Exp.",2,4115987.027
"H5","CHN","34","China","WLD"," World",2018,"Gross Imp.",1,4914416.988
"H5","CHN","34","China","WLD"," World",2019,"Gross Exp.",2,4424264.286
"H5","CHN","34","China","WLD"," World",2019,"Gross Imp.",1,4751285.131
"H5","CHN","34","China","WLD"," World",2020,"Gross Exp.",2,5251974.443
"H5","CHN","34","China","WLD"," World",2020,"Gross Imp.",1,5040073.845
"H5","CHN","34","China","WLD"," World",2021,"Gross Exp.",2,5797820.235
"H5","CHN","34","China","WLD"," World",2021,"Gross Imp.",1,7434089.915
"H5","CHN","35","China","CHN","China",2017,"Gross Imp.",1,186058.337
"H5","CHN","35","China","CHN","China",2018,"Gross Imp.",1,156866.714
"H5","CHN","35","China","CHN","China",2019,"Gross Imp.",1,131697.298
"H5","CHN","35","China","CHN","China",2020,"Gross Imp.",1,123819.855
"H5","CHN","35","China","CHN","China",2021,"Gross Imp.",1,125014.402
"H5","CHN","35","China","USA","United States",2017,"Gross Exp.",2,291820.008
"H5","CHN","35","China","USA","United States",2017,"Gross Imp.",1,488579.804
"H5","CHN","35","China","USA","United States",2018,"Gross Exp.",2,269754.647
"H5","CHN","35","China","USA","United States",2018,"Gross Imp.",1,513611.578
"H5","CHN","35","China","USA","United States",2019,"Gross Exp.",2,251116.401
"H5","CHN","35","China","USA","United States",2019,"Gross Imp.",1,456044.133
"H5","CHN","35","China","USA","United States",2020,"Gross Exp.",2,298339.949
"H5","CHN","35","China","USA","United States",2020,"Gross Imp.",1,483461.338
"H5","CHN","35","China","USA","United States",2021,"Gross Exp.",2,349542.327
"H5","CHN","35","China","USA","United States",2021,"Gross Imp.",1,561101.708
"H5","CHN","35","China","WLD"," World",2017,"Gross Exp.",2,2841357.791
"H5","CHN","35","China","WLD"," World",2017,"Gross Imp.",1,3355159.223
"H5","CHN","35","China","WLD"," World",2018,"Gross Exp.",2,3052296.543
"H5","CHN","35","China","WLD"," World",2018,"Gross Imp.",1,3600473.784
"H5","CHN","35","China","WLD"," World",2019,"Gross Exp.",2,3227741.049
"H5","CHN","35","China","WLD"," World",2019,"Gross Imp.",1,3681731.23
"H5","CHN","35","China","WLD"," World",2020,"Gross Exp.",2,3412078.991
"H5","CHN","35","China","WLD"," World",2020,"Gross Imp.",1,3923498.471
"H5","CHN","35","China","WLD"," World",2021,"Gross Exp.",2,4264451.389
"H5","CHN","35","China","WLD"," World",2021,"Gross Imp.",1,4757999.808
"H5","CHN","36","China","CHN","China",2017,"Gross Imp.",1,23.34
"H5","CHN","36","China","CHN","China",2018,"Gross Imp.",1,34.176
"H5","CHN","36","China","CHN","China",2019,"Gross Imp.",1,43.436
"H5","CHN","36","China","CHN","China",2020,"Gross Imp.",1,1.298
"H5","CHN","36","China","CHN","China",2021,"Gross Imp.",1,0.135
"H5","CHN","36","China","USA","United States",2017,"Gross Exp.",2,281047.594
"H5","CHN","36","China","USA","United States",2017,"Gross Imp.",1,58245.886
"H5","CHN","36","China","USA","United States",2018,"Gross Exp.",2,318179.956
"H5","CHN","36","China","USA","United States",2018,"Gross Imp.",1,38324.058
"H5","CHN","36","China","USA","United States",2019,"Gross Exp.",2,284641.052
"H5","CHN","36","China","USA","United States",2019,"Gross Imp.",1,34230.786
"H5","CHN","36","China","USA","United States",2020,"Gross Exp.",2,286453.925
"H5","CHN","36","China","USA","United States",2020,"Gross Imp.",1,26604.125
"H5","CHN","36","China","USA","United States",2021,"Gross Exp.",2,498266.944
"H5","CHN","36","China","USA","United States",2021,"Gross Imp.",1,27598.581
"H5","CHN","36","China","WLD"," World",2017,"Gross Exp.",2,824591.395
"H5","CHN","36","China","WLD"," World",2017,"Gross Imp.",1,164243.85
"H5","CHN","36","China","WLD"," World",2018,"Gross Exp.",2,996935.855
"H5","CHN","36","China","WLD"," World",2018,"Gross Imp.",1,139937.622
"H5","CHN","36","China","WLD"," World",2019,"Gross Exp.",2,896115.187
"H5","CHN","36","China","WLD"," World",2019,"Gross Imp.",1,113296.666
"H5","CHN","36","China","WLD"," World",2020,"Gross Exp.",2,726120.984
"H5","CHN","36","China","WLD"," World",2020,"Gross Imp.",1,93469.973
"H5","CHN","36","China","WLD"," World",2021,"Gross Exp.",2,883381.807
"H5","CHN","36","China","WLD"," World",2021,"Gross Imp.",1,112950.472
"H5","CHN","37","China","CHN","China",2017,"Gross Imp.",1,28817.113
"H5","CHN","37","China","CHN","China",2018,"Gross Imp.",1,24405.736
"H5","CHN","37","China","CHN","China",2019,"Gross Imp.",1,16060.703
"H5","CHN","37","China","CHN","China",2020,"Gross Imp.",1,12371.355
"H5","CHN","37","China","CHN","China",2021,"Gross Imp.",1,11887.565
"H5","CHN","37","China","USA","United States",2017,"Gross Exp.",2,31268.757
"H5","CHN","37","China","USA","United States",2017,"Gross Imp.",1,510759.85
"H5","CHN","37","China","USA","United States",2018,"Gross Exp.",2,28284.407
"H5","CHN","37","China","USA","United States",2018,"Gross Imp.",1,583453.174
"H5","CHN","37","China","USA","United States",2019,"Gross Exp.",2,21008.014
"H5","CHN","37","China","USA","United States",2019,"Gross Imp.",1,507646.215
"H5","CHN","37","China","USA","United States",2020,"Gross Exp.",2,10398.426
"H5","CHN","37","China","USA","United States",2020,"Gross Imp.",1,512493.493
"H5","CHN","37","China","USA","United States",2021,"Gross Exp.",2,14497.887
"H5","CHN","37","China","USA","United States",2021,"Gross Imp.",1,595165.318
"H5","CHN","37","China","WLD"," World",2017,"Gross Exp.",2,1082822.693
"H5","CHN","37","China","WLD"," World",2017,"Gross Imp.",1,2372879.268
"H5","CHN","37","China","WLD"," World",2018,"Gross Exp.",2,1129575.021
"H5","CHN","37","China","WLD"," World",2018,"Gross Imp.",1,2603469.875
"H5","CHN","37","China","WLD"," World",2019,"Gross Exp.",2,1105535.5
"H5","CHN","37","China","WLD"," World",2019,"Gross Imp.",1,2710477.597
"H5","CHN","37","China","WLD"," World",2020,"Gross Exp.",2,932724.264
"H5","CHN","37","China","WLD"," World",2020,"Gross Imp.",1,2898334.141
"H5","CHN","37","China","WLD"," World",2021,"Gross Exp.",2,1225415.308
"H5","CHN","37","China","WLD"," World",2021,"Gross Imp.",1,3628240.578
"H5","CHN","38","China","CHN","China",2017,"Gross Imp.",1,195803.794
"H5","CHN","38","China","CHN","China",2018,"Gross Imp.",1,211429.66
"H5","CHN","38","China","CHN","China",2019,"Gross Imp.",1,188782.8
"H5","CHN","38","China","CHN","China",2020,"Gross Imp.",1,142434.567
"H5","CHN","38","China","CHN","China",2021,"Gross Imp.",1,181048.846
"H5","CHN","38","China","USA","United States",2017,"Gross Exp.",2,1122086.813
"H5","CHN","38","China","USA","United States",2017,"Gross Imp.",1,3262953.392
"H5","CHN","38","China","USA","United States",2018,"Gross Exp.",2,1530524.308
"H5","CHN","38","China","USA","United States",2018,"Gross Imp.",1,3820691.915
"H5","CHN","38","China","USA","United States",2019,"Gross Exp.",2,1142336.305
"H5","CHN","38","China","USA","United States",2019,"Gross Imp.",1,3386434.129
"H5","CHN","38","China","USA","United States",2020,"Gross Exp.",2,2353480.356
"H5","CHN","38","China","USA","United States",2020,"Gross Imp.",1,3832074.576
"H5","CHN","38","China","USA","United States",2021,"Gross Exp.",2,2186274.882
"H5","CHN","38","China","USA","United States",2021,"Gross Imp.",1,4493163.743
"H5","CHN","38","China","WLD"," World",2017,"Gross Exp.",2,16194119.979
"H5","CHN","38","China","WLD"," World",2017,"Gross Imp.",1,15937606.743
"H5","CHN","38","China","WLD"," World",2018,"Gross Exp.",2,18117471.2
"H5","CHN","38","China","WLD"," World",2018,"Gross Imp.",1,18070929.463
"H5","CHN","38","China","WLD"," World",2019,"Gross Exp.",2,17077187.537
"H5","CHN","38","China","WLD"," World",2019,"Gross Imp.",1,17499909.505
"H5","CHN","38","China","WLD"," World",2020,"Gross Exp.",2,22152577.179
"H5","CHN","38","China","WLD"," World",2020,"Gross Imp.",1,18868182.61
"H5","CHN","38","China","WLD"," World",2021,"Gross Exp.",2,28251712.042
"H5","CHN","38","China","WLD"," World",2021,"Gross Imp.",1,24200237.851
"H5","CHN","39","China","CHN","China",2017,"Gross Imp.",1,1837368.333
"H5","CHN","39","China","CHN","China",2018,"Gross Imp.",1,1875048.006
"H5","CHN","39","China","CHN","China",2019,"Gross Imp.",1,1586474.333
"H5","CHN","39","China","CHN","China",2020,"Gross Imp.",1,1391509.889
"H5","CHN","39","China","CHN","China",2021,"Gross Imp.",1,1521102.694
"H5","CHN","39","China","USA","United States",2017,"Gross Exp.",2,15370728.936
"H5","CHN","39","China","USA","United States",2017,"Gross Imp.",1,6973755.601
"H5","CHN","39","China","USA","United States",2018,"Gross Exp.",2,18421080.371
"H5","CHN","39","China","USA","United States",2018,"Gross Imp.",1,7086207.934
"H5","CHN","39","China","USA","United States",2019,"Gross Exp.",2,17149258.416
"H5","CHN","39","China","USA","United States",2019,"Gross Imp.",1,6246557.673
"H5","CHN","39","China","USA","United States",2020,"Gross Exp.",2,21845455.411
"H5","CHN","39","China","USA","United States",2020,"Gross Imp.",1,6508322.669
"H5","CHN","39","China","USA","United States",2021,"Gross Exp.",2,27469258.325
"H5","CHN","39","China","USA","United States",2021,"Gross Imp.",1,7399618.743
"H5","CHN","39","China","WLD"," World",2017,"Gross Exp.",2,70000376.197
"H5","CHN","39","China","WLD"," World",2017,"Gross Imp.",1,68929152.803
"H5","CHN","39","China","WLD"," World",2018,"Gross Exp.",2,79651743.877
"H5","CHN","39","China","WLD"," World",2018,"Gross Imp.",1,74885268.567
"H5","CHN","39","China","WLD"," World",2019,"Gross Exp.",2,84157225.142
"H5","CHN","39","China","WLD"," World",2019,"Gross Imp.",1,71593756.35
"H5","CHN","39","China","WLD"," World",2020,"Gross Exp.",2,96378231.416
"H5","CHN","39","China","WLD"," World",2020,"Gross Imp.",1,71084529.26
"H5","CHN","39","China","WLD"," World",2021,"Gross Exp.",2,128223547.237
"H5","CHN","39","China","WLD"," World",2021,"Gross Imp.",1,82808569.699
"H5","CHN","40","China","CHN","China",2017,"Gross Imp.",1,175168.316
"H5","CHN","40","China","CHN","China",2018,"Gross Imp.",1,188000.163
"H5","CHN","40","China","CHN","China",2019,"Gross Imp.",1,168446.472
"H5","CHN","40","China","CHN","China",2020,"Gross Imp.",1,156780.444
"H5","CHN","40","China","CHN","China",2021,"Gross Imp.",1,145990.746
"H5","CHN","40","China","USA","United States",2017,"Gross Exp.",2,3231084.763
"H5","CHN","40","China","USA","United States",2017,"Gross Imp.",1,1173797.005
"H5","CHN","40","China","USA","United States",2018,"Gross Exp.",2,3663376.947
"H5","CHN","40","China","USA","United States",2018,"Gross Imp.",1,1157990.367
"H5","CHN","40","China","USA","United States",2019,"Gross Exp.",2,2329743.008
"H5","CHN","40","China","USA","United States",2019,"Gross Imp.",1,798537.103
"H5","CHN","40","China","USA","United States",2020,"Gross Exp.",2,2647913.237
"H5","CHN","40","China","USA","United States",2020,"Gross Imp.",1,734307.747
"H5","CHN","40","China","USA","United States",2021,"Gross Exp.",2,4837327.885
"H5","CHN","40","China","USA","United States",2021,"Gross Imp.",1,725127.526
"H5","CHN","40","China","WLD"," World",2017,"Gross Exp.",2,20654471.495
"H5","CHN","40","China","WLD"," World",2017,"Gross Imp.",1,18754065.159
"H5","CHN","40","China","WLD"," World",2018,"Gross Exp.",2,22248442.126
"H5","CHN","40","China","WLD"," World",2018,"Gross Imp.",1,16910434.58
"H5","CHN","40","China","WLD"," World",2019,"Gross Exp.",2,22139941.237
"H5","CHN","40","China","WLD"," World",2019,"Gross Imp.",1,15366386.547
"H5","CHN","40","China","WLD"," World",2020,"Gross Exp.",2,22530728.115
"H5","CHN","40","China","WLD"," World",2020,"Gross Imp.",1,16130428.54
"H5","CHN","40","China","WLD"," World",2021,"Gross Exp.",2,30956109.966
"H5","CHN","40","China","WLD"," World",2021,"Gross Imp.",1,18413429.81
"H5","CHN","41","China","CHN","China",2017,"Gross Imp.",1,57899.814
"H5","CHN","41","China","CHN","China",2018,"Gross Imp.",1,58013.402
"H5","CHN","41","China","CHN","China",2019,"Gross Imp.",1,51253.75
"H5","CHN","41","China","CHN","China",2020,"Gross Imp.",1,34973.726
"H5","CHN","41","China","CHN","China",2021,"Gross Imp.",1,50136.64
"H5","CHN","41","China","USA","United States",2017,"Gross Exp.",2,25471.1
"H5","CHN","41","China","USA","United States",2017,"Gross Imp.",1,1198972.996
"H5","CHN","41","China","USA","United States",2018,"Gross Exp.",2,24819.783
"H5","CHN","41","China","USA","United States",2018,"Gross Imp.",1,886453.231
"H5","CHN","41","China","USA","United States",2019,"Gross Exp.",2,12430.846
"H5","CHN","41","China","USA","United States",2019,"Gross Imp.",1,563621.285
"H5","CHN","41","China","USA","United States",2020,"Gross Exp.",2,10272.635
"H5","CHN","41","China","USA","United States",2020,"Gross Imp.",1,498592.797
"H5","CHN","41","China","USA","United States",2021,"Gross Exp.",2,9153.485
"H5","CHN","41","China","USA","United States",2021,"Gross Imp.",1,702127.572
"H5","CHN","41","China","WLD"," World",2017,"Gross Exp.",2,614714.84
"H5","CHN","41","China","WLD"," World",2017,"Gross Imp.",1,5648927.066
"H5","CHN","41","China","WLD"," World",2018,"Gross Exp.",2,635409.473
"H5","CHN","41","China","WLD"," World",2018,"Gross Imp.",1,4778566.238
"H5","CHN","41","China","WLD"," World",2019,"Gross Exp.",2,704106.678
"H5","CHN","41","China","WLD"," World",2019,"Gross Imp.",1,3660015.734
"H5","CHN","41","China","WLD"," World",2020,"Gross Exp.",2,644425.053
"H5","CHN","41","China","WLD"," World",2020,"Gross Imp.",1,2728014.783
"H5","CHN","41","China","WLD"," World",2021,"Gross Exp.",2,976966.149
"H5","CHN","41","China","WLD"," World",2021,"Gross Imp.",1,3785257.074
"H5","CHN","42","China","CHN","China",2017,"Gross Imp.",1,373066.994
"H5","CHN","42","China","CHN","China",2018,"Gross Imp.",1,382167.642
"H5","CHN","42","China","CHN","China",2019,"Gross Imp.",1,365609.973
"H5","CHN","42","China","CHN","China",2020,"Gross Imp.",1,258730.176
"H5","CHN","42","China","CHN","China",2021,"Gross Imp.",1,318725.321
"H5","CHN","42","China","USA","United States",2017,"Gross Exp.",2,6759963.74
"H5","CHN","42","China","USA","United States",2017,"Gross Imp.",1,18323.236
"H5","CHN","42","China","USA","United States",2018,"Gross Exp.",2,7065473.368
"H5","CHN","42","China","USA","United States",2018,"Gross Imp.",1,84296.808
"H5","CHN","42","China","USA","United States",2019,"Gross Exp.",2,5331825.194
"H5","CHN","42","China","USA","United States",2019,"Gross Imp.",1,97852.422
"H5","CHN","42","China","USA","United States",2020,"Gross Exp.",2,4020508.277
"H5","CHN","42","China","USA","United States",2020,"Gross Imp.",1,54527.637
"H5","CHN","42","China","USA","United States",2021,"Gross Exp.",2,6211016.096
"H5","CHN","42","China","USA","United States",2021,"Gross Imp.",1,58639.096
"H5","CHN","42","China","WLD"," World",2017,"Gross Exp.",2,28872138.624
"H5","CHN","42","China","WLD"," World",2017,"Gross Imp.",1,2630682.295
"H5","CHN","42","China","WLD"," World",2018,"Gross Exp.",2,29400456.246
"H5","CHN","42","China","WLD"," World",2018,"Gross Imp.",1,3314302.958
"H5","CHN","42","China","WLD"," World",2019,"Gross Exp.",2,29441775.253
"H5","CHN","42","China","WLD"," World",2019,"Gross Imp.",1,3986223.308
"H5","CHN","42","China","WLD"," World",2020,"Gross Exp.",2,22669988.678
"H5","CHN","42","China","WLD"," World",2020,"Gross Imp.",1,4815607.531
"H5","CHN","42","China","WLD"," World",2021,"Gross Exp.",2,29725640.912
"H5","CHN","42","China","WLD"," World",2021,"Gross Imp.",1,6977536.638
"H5","CHN","43","China","CHN","China",2017,"Gross Imp.",1,10583.834
"H5","CHN","43","China","CHN","China",2018,"Gross Imp.",1,7357.84
"H5","CHN","43","China","CHN","China",2019,"Gross Imp.",1,5716.412
"H5","CHN","43","China","CHN","China",2020,"Gross Imp.",1,2095.537
"H5","CHN","43","China","CHN","China",2021,"Gross Imp.",1,4840.562
"H5","CHN","43","China","USA","United States",2017,"Gross Exp.",2,48482.65
"H5","CHN","43","China","USA","United States",2017,"Gross Imp.",1,40576.35
"H5","CHN","43","China","USA","United States",2018,"Gross Exp.",2,51605.006
"H5","CHN","43","China","USA","United States",2018,"Gross Imp.",1,6360.3
"H5","CHN","43","China","USA","United States",2019,"Gross Exp.",2,35350.764
"H5","CHN","43","China","USA","United States",2019,"Gross Imp.",1,4834.145
"H5","CHN","43","China","USA","United States",2020,"Gross Exp.",2,22800.115
"H5","CHN","43","China","USA","United States",2020,"Gross Imp.",1,1798.905
"H5","CHN","43","China","USA","United States",2021,"Gross Exp.",2,32708.285
"H5","CHN","43","China","USA","United States",2021,"Gross Imp.",1,1426.386
"H5","CHN","43","China","WLD"," World",2017,"Gross Exp.",2,3651910.93
"H5","CHN","43","China","WLD"," World",2017,"Gross Imp.",1,1241833.122
"H5","CHN","43","China","WLD"," World",2018,"Gross Exp.",2,4309729.586
"H5","CHN","43","China","WLD"," World",2018,"Gross Imp.",1,1038386.033
"H5","CHN","43","China","WLD"," World",2019,"Gross Exp.",2,5087107.092
"H5","CHN","43","China","WLD"," World",2019,"Gross Imp.",1,1020386.972
"H5","CHN","43","China","WLD"," World",2020,"Gross Exp.",2,3290593.424
"H5","CHN","43","China","WLD"," World",2020,"Gross Imp.",1,543565.651
"H5","CHN","43","China","WLD"," World",2021,"Gross Exp.",2,2725647.868
"H5","CHN","43","China","WLD"," World",2021,"Gross Imp.",1,946558.759
"H5","CHN","44","China","CHN","China",2017,"Gross Imp.",1,17982.515
"H5","CHN","44","China","CHN","China",2018,"Gross Imp.",1,18051.538
"H5","CHN","44","China","CHN","China",2019,"Gross Imp.",1,17276.784
"H5","CHN","44","China","CHN","China",2020,"Gross Imp.",1,16507.085
"H5","CHN","44","China","CHN","China",2021,"Gross Imp.",1,21985.774
"H5","CHN","44","China","USA","United States",2017,"Gross Exp.",2,3653419.241
"H5","CHN","44","China","USA","United States",2017,"Gross Imp.",1,3069345.969
"H5","CHN","44","China","USA","United States",2018,"Gross Exp.",2,3894179.4
"H5","CHN","44","China","USA","United States",2018,"Gross Imp.",1,3081398.819
"H5","CHN","44","China","USA","United States",2019,"Gross Exp.",2,2927960.771
"H5","CHN","44","China","USA","United States",2019,"Gross Imp.",1,1580077.87
"H5","CHN","44","China","USA","United States",2020,"Gross Exp.",2,2898577.483
"H5","CHN","44","China","USA","United States",2020,"Gross Imp.",1,1454686.732
"H5","CHN","44","China","USA","United States",2021,"Gross Exp.",2,3866311.383
"H5","CHN","44","China","USA","United States",2021,"Gross Imp.",1,1966489.123
"H5","CHN","44","China","WLD"," World",2017,"Gross Exp.",2,13640033.463
"H5","CHN","44","China","WLD"," World",2017,"Gross Imp.",1,23421966.357
"H5","CHN","44","China","WLD"," World",2018,"Gross Exp.",2,14844461.247
"H5","CHN","44","China","WLD"," World",2018,"Gross Imp.",1,24919348.503
"H5","CHN","44","China","WLD"," World",2019,"Gross Exp.",2,13386569.132
"H5","CHN","44","China","WLD"," World",2019,"Gross Imp.",1,21982012.564
"H5","CHN","44","China","WLD"," World",2020,"Gross Exp.",2,13540798.148
"H5","CHN","44","China","WLD"," World",2020,"Gross Imp.",1,20190473.455
"H5","CHN","44","China","WLD"," World",2021,"Gross Exp.",2,18368373.194
"H5","CHN","44","China","WLD"," World",2021,"Gross Imp.",1,24239278.352
"H5","CHN","45","China","CHN","China",2017,"Gross Imp.",1,79.804
"H5","CHN","45","China","CHN","China",2018,"Gross Imp.",1,46.198
"H5","CHN","45","China","CHN","China",2019,"Gross Imp.",1,38.634
"H5","CHN","45","China","CHN","China",2020,"Gross Imp.",1,43.964
"H5","CHN","45","China","CHN","China",2021,"Gross Imp.",1,66.537
"H5","CHN","45","China","USA","United States",2017,"Gross Exp.",2,6383.375
"H5","CHN","45","China","USA","United States",2017,"Gross Imp.",1,294.875
"H5","CHN","45","China","USA","United States",2018,"Gross Exp.",2,6361.726
"H5","CHN","45","China","USA","United States",2018,"Gross Imp.",1,200.817
"H5","CHN","45","China","USA","United States",2019,"Gross Exp.",2,5751.091
"H5","CHN","45","China","USA","United States",2019,"Gross Imp.",1,208.176
"H5","CHN","45","China","USA","United States",2020,"Gross Exp.",2,5104.687
"H5","CHN","45","China","USA","United States",2020,"Gross Imp.",1,174.141
"H5","CHN","45","China","USA","United States",2021,"Gross Exp.",2,7405.175
"H5","CHN","45","China","USA","United States",2021,"Gross Imp.",1,132.072
"H5","CHN","45","China","WLD"," World",2017,"Gross Exp.",2,21157.119
"H5","CHN","45","China","WLD"," World",2017,"Gross Imp.",1,47686.673
"H5","CHN","45","China","WLD"," World",2018,"Gross Exp.",2,25537.362
"H5","CHN","45","China","WLD"," World",2018,"Gross Imp.",1,56106.616
"H5","CHN","45","China","WLD"," World",2019,"Gross Exp.",2,25627.316
"H5","CHN","45","China","WLD"," World",2019,"Gross Imp.",1,40526.846
"H5","CHN","45","China","WLD"," World",2020,"Gross Exp.",2,28282.978
"H5","CHN","45","China","WLD"," World",2020,"Gross Imp.",1,35147.681
"H5","CHN","45","China","WLD"," World",2021,"Gross Exp.",2,39637.158
"H5","CHN","45","China","WLD"," World",2021,"Gross Imp.",1,48189.164
"H5","CHN","46","China","CHN","China",2017,"Gross Imp.",1,1075.808
"H5","CHN","46","China","CHN","China",2018,"Gross Imp.",1,809.526
"H5","CHN","46","China","CHN","China",2019,"Gross Imp.",1,896.967
"H5","CHN","46","China","CHN","China",2020,"Gross Imp.",1,868.317
"H5","CHN","46","China","CHN","China",2021,"Gross Imp.",1,602.322
"H5","CHN","46","China","USA","United States",2017,"Gross Exp.",2,331940.368
"H5","CHN","46","China","USA","United States",2017,"Gross Imp.",1,394.388
"H5","CHN","46","China","USA","United States",2018,"Gross Exp.",2,390075.298
"H5","CHN","46","China","USA","United States",2018,"Gross Imp.",1,201.298
"H5","CHN","46","China","USA","United States",2019,"Gross Exp.",2,372285.2
"H5","CHN","46","China","USA","United States",2019,"Gross Imp.",1,110.384
"H5","CHN","46","China","USA","United States",2020,"Gross Exp.",2,387469.375
"H5","CHN","46","China","USA","United States",2020,"Gross Imp.",1,59.175
"H5","CHN","46","China","USA","United States",2021,"Gross Exp.",2,617038.775
"H5","CHN","46","China","USA","United States",2021,"Gross Imp.",1,49.066
"H5","CHN","46","China","WLD"," World",2017,"Gross Exp.",2,1495585.915
"H5","CHN","46","China","WLD"," World",2017,"Gross Imp.",1,14575.42
"H5","CHN","46","China","WLD"," World",2018,"Gross Exp.",2,1602352.578
"H5","CHN","46","China","WLD"," World",2018,"Gross Imp.",1,15779.829
"H5","CHN","46","China","WLD"," World",2019,"Gross Exp.",2,1658343.365
"H5","CHN","46","China","WLD"," World",2019,"Gross Imp.",1,18623.385
"H5","CHN","46","China","WLD"," World",2020,"Gross Exp.",2,1657742.192
"H5","CHN","46","China","WLD"," World",2020,"Gross Imp.",1,16238.846
"H5","CHN","46","China","WLD"," World",2021,"Gross Exp.",2,2126188.119
"H5","CHN","46","China","WLD"," World",2021,"Gross Imp.",1,19704.431
"H5","CHN","47","China","CHN","China",2017,"Gross Imp.",1,658.018
"H5","CHN","47","China","CHN","China",2018,"Gross Imp.",1,399.258
"H5","CHN","47","China","CHN","China",2019,"Gross Imp.",1,97.733
"H5","CHN","47","China","CHN","China",2020,"Gross Imp.",1,19.994
"H5","CHN","47","China","CHN","China",2021,"Gross Imp.",1,156.345
"H5","CHN","47","China","USA","United States",2017,"Gross Exp.",2,7150.943
"H5","CHN","47","China","USA","United States",2017,"Gross Imp.",1,4383845.419
"H5","CHN","47","China","USA","United States",2018,"Gross Exp.",2,5446.39
"H5","CHN","47","China","USA","United States",2018,"Gross Imp.",1,3392692.795
"H5","CHN","47","China","USA","United States",2019,"Gross Exp.",2,4491.527
"H5","CHN","47","China","USA","United States",2019,"Gross Imp.",1,2360043.064
"H5","CHN","47","China","USA","United States",2020,"Gross Exp.",2,2905.75
"H5","CHN","47","China","USA","United States",2020,"Gross Imp.",1,2104197.927
"H5","CHN","47","China","USA","United States",2021,"Gross Exp.",2,2602.411
"H5","CHN","47","China","USA","United States",2021,"Gross Imp.",1,1681787.537
"H5","CHN","47","China","WLD"," World",2017,"Gross Exp.",2,135018.598
"H5","CHN","47","China","WLD"," World",2017,"Gross Imp.",1,21214006.775
"H5","CHN","47","China","WLD"," World",2018,"Gross Exp.",2,131247.382
"H5","CHN","47","China","WLD"," World",2018,"Gross Imp.",1,24010355.653
"H5","CHN","47","China","WLD"," World",2019,"Gross Exp.",2,133814.533
"H5","CHN","47","China","WLD"," World",2019,"Gross Imp.",1,19055987.837
"H5","CHN","47","China","WLD"," World",2020,"Gross Exp.",2,115010.164
"H5","CHN","47","China","WLD"," World",2020,"Gross Imp.",1,16860154.31
"H5","CHN","47","China","WLD"," World",2021,"Gross Exp.",2,188953.077
"H5","CHN","47","China","WLD"," World",2021,"Gross Imp.",1,20171253.283
"H5","CHN","48","China","CHN","China",2017,"Gross Imp.",1,163992.149
"H5","CHN","48","China","CHN","China",2018,"Gross Imp.",1,170346.838
"H5","CHN","48","China","CHN","China",2019,"Gross Imp.",1,154460.552
"H5","CHN","48","China","CHN","China",2020,"Gross Imp.",1,132006.33
"H5","CHN","48","China","CHN","China",2021,"Gross Imp.",1,148682.13
"H5","CHN","48","China","USA","United States",2017,"Gross Exp.",2,2881993.898
"H5","CHN","48","China","USA","United States",2017,"Gross Imp.",1,867513.498
"H5","CHN","48","China","USA","United States",2018,"Gross Exp.",2,3363022.096
"H5","CHN","48","China","USA","United States",2018,"Gross Imp.",1,1018437.326
"H5","CHN","48","China","USA","United States",2019,"Gross Exp.",2,3070138.208
"H5","CHN","48","China","USA","United States",2019,"Gross Imp.",1,776758.226
"H5","CHN","48","China","USA","United States",2020,"Gross Exp.",2,2909841.772
"H5","CHN","48","China","USA","United States",2020,"Gross Imp.",1,865423.351
"H5","CHN","48","China","USA","United States",2021,"Gross Exp.",2,3542282.745
"H5","CHN","48","China","USA","United States",2021,"Gross Imp.",1,799626.799
"H5","CHN","48","China","WLD"," World",2017,"Gross Exp.",2,17988606.039
"H5","CHN","48","China","WLD"," World",2017,"Gross Imp.",1,4981982.649
"H5","CHN","48","China","WLD"," World",2018,"Gross Exp.",2,19132955.032
"H5","CHN","48","China","WLD"," World",2018,"Gross Imp.",1,6203230.715
"H5","CHN","48","China","WLD"," World",2019,"Gross Exp.",2,21868030.18
"H5","CHN","48","China","WLD"," World",2019,"Gross Imp.",1,5272058.135
"H5","CHN","48","China","WLD"," World",2020,"Gross Exp.",2,20880975.661
"H5","CHN","48","China","WLD"," World",2020,"Gross Imp.",1,7335794.839
"H5","CHN","48","China","WLD"," World",2021,"Gross Exp.",2,23289723.207
"H5","CHN","48","China","WLD"," World",2021,"Gross Imp.",1,8825730.976
"H5","CHN","49","China","CHN","China",2017,"Gross Imp.",1,78456.85
"H5","CHN","49","China","CHN","China",2018,"Gross Imp.",1,128369.599
"H5","CHN","49","China","CHN","China",2019,"Gross Imp.",1,76685.502
"H5","CHN","49","China","CHN","China",2020,"Gross Imp.",1,93840.482
"H5","CHN","49","China","CHN","China",2021,"Gross Imp.",1,119640.952
"H5","CHN","49","China","USA","United States",2017,"Gross Exp.",2,1260009.175
"H5","CHN","49","China","USA","United States",2017,"Gross Imp.",1,502502.717
"H5","CHN","49","China","USA","United States",2018,"Gross Exp.",2,1428691.419
"H5","CHN","49","China","USA","United States",2018,"Gross Imp.",1,605935.619
"H5","CHN","49","China","USA","United States",2019,"Gross Exp.",2,1504966.93
"H5","CHN","49","China","USA","United States",2019,"Gross Imp.",1,553215.369
"H5","CHN","49","China","USA","United States",2020,"Gross Exp.",2,1261279.843
"H5","CHN","49","China","USA","United States",2020,"Gross Imp.",1,547492.156
"H5","CHN","49","China","USA","United States",2021,"Gross Exp.",2,1665584.952
"H5","CHN","49","China","USA","United States",2021,"Gross Imp.",1,680529.364
"H5","CHN","49","China","WLD"," World",2017,"Gross Exp.",2,3628674.026
"H5","CHN","49","China","WLD"," World",2017,"Gross Imp.",1,1714290.695
"H5","CHN","49","China","WLD"," World",2018,"Gross Exp.",2,3813873.337
"H5","CHN","49","China","WLD"," World",2018,"Gross Imp.",1,2073895.816
"H5","CHN","49","China","WLD"," World",2019,"Gross Exp.",2,3975127.411
"H5","CHN","49","China","WLD"," World",2019,"Gross Imp.",1,2362934.161
"H5","CHN","49","China","WLD"," World",2020,"Gross Exp.",2,3489390.809
"H5","CHN","49","China","WLD"," World",2020,"Gross Imp.",1,2206527.518
"H5","CHN","49","China","WLD"," World",2021,"Gross Exp.",2,4298800.72
"H5","CHN","49","China","WLD"," World",2021,"Gross Imp.",1,2368974.55
"H5","CHN","50","China","CHN","China",2017,"Gross Imp.",1,12688.887
"H5","CHN","50","China","CHN","China",2018,"Gross Imp.",1,9020.185
"H5","CHN","50","China","CHN","China",2019,"Gross Imp.",1,8408.264
"H5","CHN","50","China","CHN","China",2020,"Gross Imp.",1,4318.557
"H5","CHN","50","China","CHN","China",2021,"Gross Imp.",1,6450.147
"H5","CHN","50","China","USA","United States",2017,"Gross Exp.",2,27220.559
"H5","CHN","50","China","USA","United States",2017,"Gross Imp.",1,226.887
"H5","CHN","50","China","USA","United States",2018,"Gross Exp.",2,33721.626
"H5","CHN","50","China","USA","United States",2018,"Gross Imp.",1,191.952
"H5","CHN","50","China","USA","United States",2019,"Gross Exp.",2,26207.512
"H5","CHN","50","China","USA","United States",2019,"Gross Imp.",1,43.559
"H5","CHN","50","China","USA","United States",2020,"Gross Exp.",2,12825.848
"H5","CHN","50","China","USA","United States",2020,"Gross Imp.",1,21.111
"H5","CHN","50","China","USA","United States",2021,"Gross Exp.",2,16052.977
"H5","CHN","50","China","USA","United States",2021,"Gross Imp.",1,42.34
"H5","CHN","50","China","WLD"," World",2017,"Gross Exp.",2,1111843.488
"H5","CHN","50","China","WLD"," World",2017,"Gross Imp.",1,50634.382
"H5","CHN","50","China","WLD"," World",2018,"Gross Exp.",2,1140495.488
"H5","CHN","50","China","WLD"," World",2018,"Gross Imp.",1,53310.286
"H5","CHN","50","China","WLD"," World",2019,"Gross Exp.",2,995609.51
"H5","CHN","50","China","WLD"," World",2019,"Gross Imp.",1,56580.924
"H5","CHN","50","China","WLD"," World",2020,"Gross Exp.",2,511474.101
"H5","CHN","50","China","WLD"," World",2020,"Gross Imp.",1,48427.915
"H5","CHN","50","China","WLD"," World",2021,"Gross Exp.",2,654612.066
"H5","CHN","50","China","WLD"," World",2021,"Gross Imp.",1,91991.554
"H5","CHN","51","China","CHN","China",2017,"Gross Imp.",1,141050.802
"H5","CHN","51","China","CHN","China",2018,"Gross Imp.",1,128900.245
"H5","CHN","51","China","CHN","China",2019,"Gross Imp.",1,91858.475
"H5","CHN","51","China","CHN","China",2020,"Gross Imp.",1,77401.76
"H5","CHN","51","China","CHN","China",2021,"Gross Imp.",1,88545.024
"H5","CHN","51","China","USA","United States",2017,"Gross Exp.",2,40676.431
"H5","CHN","51","China","USA","United States",2017,"Gross Imp.",1,16592.758
"H5","CHN","51","China","USA","United States",2018,"Gross Exp.",2,35349.29
"H5","CHN","51","China","USA","United States",2018,"Gross Imp.",1,18675.01
"H5","CHN","51","China","USA","United States",2019,"Gross Exp.",2,16564.773
"H5","CHN","51","China","USA","United States",2019,"Gross Imp.",1,7093.525
"H5","CHN","51","China","USA","United States",2020,"Gross Exp.",2,51931.83
"H5","CHN","51","China","USA","United States",2020,"Gross Imp.",1,3277.348
"H5","CHN","51","China","USA","United States",2021,"Gross Exp.",2,47655.123
"H5","CHN","51","China","USA","United States",2021,"Gross Imp.",1,8549.287
"H5","CHN","51","China","WLD"," World",2017,"Gross Exp.",2,1999003.482
"H5","CHN","51","China","WLD"," World",2017,"Gross Imp.",1,3632012.972
"H5","CHN","51","China","WLD"," World",2018,"Gross Exp.",2,2476030.733
"H5","CHN","51","China","WLD"," World",2018,"Gross Imp.",1,4197661.745
"H5","CHN","51","China","WLD"," World",2019,"Gross Exp.",2,2359749.833
"H5","CHN","51","China","WLD"," World",2019,"Gross Imp.",1,3223472.562
"H5","CHN","51","China","WLD"," World",2020,"Gross Exp.",2,1544596.264
"H5","CHN","51","China","WLD"," World",2020,"Gross Imp.",1,2292872.18
"H5","CHN","51","China","WLD"," World",2021,"Gross Exp.",2,1932383.632
"H5","CHN","51","China","WLD"," World",2021,"Gross Imp.",1,3199793.961
"H5","CHN","52","China","CHN","China",2017,"Gross Imp.",1,607644.088
"H5","CHN","52","China","CHN","China",2018,"Gross Imp.",1,539885.662
"H5","CHN","52","China","CHN","China",2019,"Gross Imp.",1,363232.314
"H5","CHN","52","China","CHN","China",2020,"Gross Imp.",1,195103.014
"H5","CHN","52","China","CHN","China",2021,"Gross Imp.",1,179036.904
"H5","CHN","52","China","USA","United States",2017,"Gross Exp.",2,277726.216
"H5","CHN","52","China","USA","United States",2017,"Gross Imp.",1,1072848.335
"H5","CHN","52","China","USA","United States",2018,"Gross Exp.",2,321052.923
"H5","CHN","52","China","USA","United States",2018,"Gross Imp.",1,1105897.579
"H5","CHN","52","China","USA","United States",2019,"Gross Exp.",2,258793.029
"H5","CHN","52","China","USA","United States",2019,"Gross Imp.",1,735634.325
"H5","CHN","52","China","USA","United States",2020,"Gross Exp.",2,212111.588
"H5","CHN","52","China","USA","United States",2020,"Gross Imp.",1,1606406.766
"H5","CHN","52","China","USA","United States",2021,"Gross Exp.",2,142365.685
"H5","CHN","52","China","USA","United States",2021,"Gross Imp.",1,1590847.965
"H5","CHN","52","China","WLD"," World",2017,"Gross Exp.",2,15127253.982
"H5","CHN","52","China","WLD"," World",2017,"Gross Imp.",1,8614957.705
"H5","CHN","52","China","WLD"," World",2018,"Gross Exp.",2,15446684.067
"H5","CHN","52","China","WLD"," World",2018,"Gross Imp.",1,9889820.819
"H5","CHN","52","China","WLD"," World",2019,"Gross Exp.",2,14136336.814
"H5","CHN","52","China","WLD"," World",2019,"Gross Imp.",1,9227514.463
"H5","CHN","52","China","WLD"," World",2020,"Gross Exp.",2,10998836.956
"H5","CHN","52","China","WLD"," World",2020,"Gross Imp.",1,8278843.566
"H5","CHN","52","China","WLD"," World",2021,"Gross Exp.",2,13669782.157
"H5","CHN","52","China","WLD"," World",2021,"Gross Imp.",1,10534596.469
"H5","CHN","53","China","CHN","China",2017,"Gross Imp.",1,13112.811
"H5","CHN","53","China","CHN","China",2018,"Gross Imp.",1,10929.537
"H5","CHN","53","China","CHN","China",2019,"Gross Imp.",1,9756.283
"H5","CHN","53","China","CHN","China",2020,"Gross Imp.",1,4642.114
"H5","CHN","53","China","CHN","China",2021,"Gross Imp.",1,6112.609
"H5","CHN","53","China","USA","United States",2017,"Gross Exp.",2,29307.127
"H5","CHN","53","China","USA","United States",2017,"Gross Imp.",1,238.869
"H5","CHN","53","China","USA","United States",2018,"Gross Exp.",2,31271.858
"H5","CHN","53","China","USA","United States",2018,"Gross Imp.",1,340.109
"H5","CHN","53","China","USA","United States",2019,"Gross Exp.",2,24096.007
"H5","CHN","53","China","USA","United States",2019,"Gross Imp.",1,170.006
"H5","CHN","53","China","USA","United States",2020,"Gross Exp.",2,17013.112
"H5","CHN","53","China","USA","United States",2020,"Gross Imp.",1,103.075
"H5","CHN","53","China","USA","United States",2021,"Gross Exp.",2,27097.813
"H5","CHN","53","China","USA","United States",2021,"Gross Imp.",1,122.051
"H5","CHN","53","China","WLD"," World",2017,"Gross Exp.",2,1055240.754
"H5","CHN","53","China","WLD"," World",2017,"Gross Imp.",1,806377.918
"H5","CHN","53","China","WLD"," World",2018,"Gross Exp.",2,1398528.025
"H5","CHN","53","China","WLD"," World",2018,"Gross Imp.",1,916946.323
"H5","CHN","53","China","WLD"," World",2019,"Gross Exp.",2,1368443.302
"H5","CHN","53","China","WLD"," World",2019,"Gross Imp.",1,1057997.443
"H5","CHN","53","China","WLD"," World",2020,"Gross Exp.",2,918647.086
"H5","CHN","53","China","WLD"," World",2020,"Gross Imp.",1,811208.172
"H5","CHN","53","China","WLD"," World",2021,"Gross Exp.",2,1383365.854
"H5","CHN","53","China","WLD"," World",2021,"Gross Imp.",1,1023116.602
"H5","CHN","54","China","CHN","China",2017,"Gross Imp.",1,175721.56
"H5","CHN","54","China","CHN","China",2018,"Gross Imp.",1,159831.031
"H5","CHN","54","China","CHN","China",2019,"Gross Imp.",1,121913.294
"H5","CHN","54","China","CHN","China",2020,"Gross Imp.",1,89733.889
"H5","CHN","54","China","CHN","China",2021,"Gross Imp.",1,87165.091
"H5","CHN","54","China","USA","United States",2017,"Gross Exp.",2,659902.586
"H5","CHN","54","China","USA","United States",2017,"Gross Imp.",1,131758.475
"H5","CHN","54","China","USA","United States",2018,"Gross Exp.",2,788309.249
"H5","CHN","54","China","USA","United States",2018,"Gross Imp.",1,123892.407
"H5","CHN","54","China","USA","United States",2019,"Gross Exp.",2,559142.5
"H5","CHN","54","China","USA","United States",2019,"Gross Imp.",1,114882.393
"H5","CHN","54","China","USA","United States",2020,"Gross Exp.",2,426253.145
"H5","CHN","54","China","USA","United States",2020,"Gross Imp.",1,93765.604
"H5","CHN","54","China","USA","United States",2021,"Gross Exp.",2,501634.966
"H5","CHN","54","China","USA","United States",2021,"Gross Imp.",1,106508.389
"H5","CHN","54","China","WLD"," World",2017,"Gross Exp.",2,17953545.529
"H5","CHN","54","China","WLD"," World",2017,"Gross Imp.",1,3009220.528
"H5","CHN","54","China","WLD"," World",2018,"Gross Exp.",2,20491650.474
"H5","CHN","54","China","WLD"," World",2018,"Gross Imp.",1,3153496.811
"H5","CHN","54","China","WLD"," World",2019,"Gross Exp.",2,22192465.329
"H5","CHN","54","China","WLD"," World",2019,"Gross Imp.",1,2868858.425
"H5","CHN","54","China","WLD"," World",2020,"Gross Exp.",2,18190688.508
"H5","CHN","54","China","WLD"," World",2020,"Gross Imp.",1,2215700.196
"H5","CHN","54","China","WLD"," World",2021,"Gross Exp.",2,25520345.193
"H5","CHN","54","China","WLD"," World",2021,"Gross Imp.",1,2765252.274
"H5","CHN","55","China","CHN","China",2017,"Gross Imp.",1,171596.134
"H5","CHN","55","China","CHN","China",2018,"Gross Imp.",1,173256.086
"H5","CHN","55","China","CHN","China",2019,"Gross Imp.",1,153757.999
"H5","CHN","55","China","CHN","China",2020,"Gross Imp.",1,74740.32
"H5","CHN","55","China","CHN","China",2021,"Gross Imp.",1,78613.711
"H5","CHN","55","China","USA","United States",2017,"Gross Exp.",2,458747.439
"H5","CHN","55","China","USA","United States",2017,"Gross Imp.",1,203672.083
"H5","CHN","55","China","USA","United States",2018,"Gross Exp.",2,525213.388
"H5","CHN","55","China","USA","United States",2018,"Gross Imp.",1,159457.064
"H5","CHN","55","China","USA","United States",2019,"Gross Exp.",2,348550.045
"H5","CHN","55","China","USA","United States",2019,"Gross Imp.",1,82155.54
"H5","CHN","55","China","USA","United States",2020,"Gross Exp.",2,261951.254
"H5","CHN","55","China","USA","United States",2020,"Gross Imp.",1,62915.484
"H5","CHN","55","China","USA","United States",2021,"Gross Exp.",2,287583.245
"H5","CHN","55","China","USA","United States",2021,"Gross Imp.",1,89781.465
"H5","CHN","55","China","WLD"," World",2017,"Gross Exp.",2,12061410.308
"H5","CHN","55","China","WLD"," World",2017,"Gross Imp.",1,2376398.615
"H5","CHN","55","China","WLD"," World",2018,"Gross Exp.",2,12685642.263
"H5","CHN","55","China","WLD"," World",2018,"Gross Imp.",1,2477355.644
"H5","CHN","55","China","WLD"," World",2019,"Gross Exp.",2,12380488.261
"H5","CHN","55","China","WLD"," World",2019,"Gross Imp.",1,2255966.065
"H5","CHN","55","China","WLD"," World",2020,"Gross Exp.",2,10060549.998
"H5","CHN","55","China","WLD"," World",2020,"Gross Imp.",1,1627087.747
"H5","CHN","55","China","WLD"," World",2021,"Gross Exp.",2,12890819.157
"H5","CHN","55","China","WLD"," World",2021,"Gross Imp.",1,1802989.965
"H5","CHN","56","China","CHN","China",2017,"Gross Imp.",1,54354.135
"H5","CHN","56","China","CHN","China",2018,"Gross Imp.",1,50670.362
"H5","CHN","56","China","CHN","China",2019,"Gross Imp.",1,35825.285
"H5","CHN","56","China","CHN","China",2020,"Gross Imp.",1,42500.194
"H5","CHN","56","China","CHN","China",2021,"Gross Imp.",1,51049.724
"H5","CHN","56","China","USA","United States",2017,"Gross Exp.",2,678462.746
"H5","CHN","56","China","USA","United States",2017,"Gross Imp.",1,180502.706
"H5","CHN","56","China","USA","United States",2018,"Gross Exp.",2,754956.979
"H5","CHN","56","China","USA","United States",2018,"Gross Imp.",1,180783.956
"H5","CHN","56","China","USA","United States",2019,"Gross Exp.",2,621917.58
"H5","CHN","56","China","USA","United States",2019,"Gross Imp.",1,149017.996
"H5","CHN","56","China","USA","United States",2020,"Gross Exp.",2,897369.787
"H5","CHN","56","China","USA","United States",2020,"Gross Imp.",1,199667.427
"H5","CHN","56","China","USA","United States",2021,"Gross Exp.",2,934642.906
"H5","CHN","56","China","USA","United States",2021,"Gross Imp.",1,203488.849
"H5","CHN","56","China","WLD"," World",2017,"Gross Exp.",2,5084134.643
"H5","CHN","56","China","WLD"," World",2017,"Gross Imp.",1,1298862.241
"H5","CHN","56","China","WLD"," World",2018,"Gross Exp.",2,5732557.485
"H5","CHN","56","China","WLD"," World",2018,"Gross Imp.",1,1325884.872
"H5","CHN","56","China","WLD"," World",2019,"Gross Exp.",2,6053127.976
"H5","CHN","56","China","WLD"," World",2019,"Gross Imp.",1,1241669.405
"H5","CHN","56","China","WLD"," World",2020,"Gross Exp.",2,8170412.501
"H5","CHN","56","China","WLD"," World",2020,"Gross Imp.",1,1484787.295
"H5","CHN","56","China","WLD"," World",2021,"Gross Exp.",2,8239327.984
"H5","CHN","56","China","WLD"," World",2021,"Gross Imp.",1,1442094.585
"H5","CHN","57","China","CHN","China",2017,"Gross Imp.",1,1394.203
"H5","CHN","57","China","CHN","China",2018,"Gross Imp.",1,1925.269
"H5","CHN","57","China","CHN","China",2019,"Gross Imp.",1,2109.813
"H5","CHN","57","China","CHN","China",2020,"Gross Imp.",1,2031.435
"H5","CHN","57","China","CHN","China",2021,"Gross Imp.",1,16022.888
"H5","CHN","57","China","USA","United States",2017,"Gross Exp.",2,593205.228
"H5","CHN","57","China","USA","United States",2017,"Gross Imp.",1,20810.822
"H5","CHN","57","China","USA","United States",2018,"Gross Exp.",2,706938.456
"H5","CHN","57","China","USA","United States",2018,"Gross Imp.",1,18964.512
"H5","CHN","57","China","USA","United States",2019,"Gross Exp.",2,522410.941
"H5","CHN","57","China","USA","United States",2019,"Gross Imp.",1,19827.936
"H5","CHN","57","China","USA","United States",2020,"Gross Exp.",2,557580.866
"H5","CHN","57","China","USA","United States",2020,"Gross Imp.",1,4545.518
"H5","CHN","57","China","USA","United States",2021,"Gross Exp.",2,718195.393
"H5","CHN","57","China","USA","United States",2021,"Gross Imp.",1,6246.968
"H5","CHN","57","China","WLD"," World",2017,"Gross Exp.",2,2702165.792
"H5","CHN","57","China","WLD"," World",2017,"Gross Imp.",1,132834.607
"H5","CHN","57","China","WLD"," World",2018,"Gross Exp.",2,2974826.865
"H5","CHN","57","China","WLD"," World",2018,"Gross Imp.",1,136618.887
"H5","CHN","57","China","WLD"," World",2019,"Gross Exp.",2,2919314.458
"H5","CHN","57","China","WLD"," World",2019,"Gross Imp.",1,119776.336
"H5","CHN","57","China","WLD"," World",2020,"Gross Exp.",2,2963540.37
"H5","CHN","57","China","WLD"," World",2020,"Gross Imp.",1,79491.107
"H5","CHN","57","China","WLD"," World",2021,"Gross Exp.",2,3708651.136
"H5","CHN","57","China","WLD"," World",2021,"Gross Imp.",1,109143.887
"H5","CHN","58","China","CHN","China",2017,"Gross Imp.",1,122184.702
"H5","CHN","58","China","CHN","China",2018,"Gross Imp.",1,101317.418
"H5","CHN","58","China","CHN","China",2019,"Gross Imp.",1,93610.436
"H5","CHN","58","China","CHN","China",2020,"Gross Imp.",1,57816.895
"H5","CHN","58","China","CHN","China",2021,"Gross Imp.",1,72717.135
"H5","CHN","58","China","USA","United States",2017,"Gross Exp.",2,367958.786
"H5","CHN","58","China","USA","United States",2017,"Gross Imp.",1,21250.202
"H5","CHN","58","China","USA","United States",2018,"Gross Exp.",2,377646.92
"H5","CHN","58","China","USA","United States",2018,"Gross Imp.",1,25549.054
"H5","CHN","58","China","USA","United States",2019,"Gross Exp.",2,326182.611
"H5","CHN","58","China","USA","United States",2019,"Gross Imp.",1,20894.047
"H5","CHN","58","China","USA","United States",2020,"Gross Exp.",2,283426.423
"H5","CHN","58","China","USA","United States",2020,"Gross Imp.",1,13400.091
"H5","CHN","58","China","USA","United States",2021,"Gross Exp.",2,355964.225
"H5","CHN","58","China","USA","United States",2021,"Gross Imp.",1,15947.939
"H5","CHN","58","China","WLD"," World",2017,"Gross Exp.",2,4740136.823
"H5","CHN","58","China","WLD"," World",2017,"Gross Imp.",1,521085.864
"H5","CHN","58","China","WLD"," World",2018,"Gross Exp.",2,5063786.901
"H5","CHN","58","China","WLD"," World",2018,"Gross Imp.",1,512879.466
"H5","CHN","58","China","WLD"," World",2019,"Gross Exp.",2,5312105.967
"H5","CHN","58","China","WLD"," World",2019,"Gross Imp.",1,454256.827
"H5","CHN","58","China","WLD"," World",2020,"Gross Exp.",2,4092946.722
"H5","CHN","58","China","WLD"," World",2020,"Gross Imp.",1,329826.412
"H5","CHN","58","China","WLD"," World",2021,"Gross Exp.",2,5561592.821
"H5","CHN","58","China","WLD"," World",2021,"Gross Imp.",1,400759.211
"H5","CHN","59","China","CHN","China",2017,"Gross Imp.",1,108315.306
"H5","CHN","59","China","CHN","China",2018,"Gross Imp.",1,116158.559
"H5","CHN","59","China","CHN","China",2019,"Gross Imp.",1,112196.084
"H5","CHN","59","China","CHN","China",2020,"Gross Imp.",1,86590.543
"H5","CHN","59","China","CHN","China",2021,"Gross Imp.",1,108896.531
"H5","CHN","59","China","USA","United States",2017,"Gross Exp.",2,632960.929
"H5","CHN","59","China","USA","United States",2017,"Gross Imp.",1,119313.422
"H5","CHN","59","China","USA","United States",2018,"Gross Exp.",2,656617.394
"H5","CHN","59","China","USA","United States",2018,"Gross Imp.",1,117485.459
"H5","CHN","59","China","USA","United States",2019,"Gross Exp.",2,452677.533
"H5","CHN","59","China","USA","United States",2019,"Gross Imp.",1,93153.281
"H5","CHN","59","China","USA","United States",2020,"Gross Exp.",2,408495.658
"H5","CHN","59","China","USA","United States",2020,"Gross Imp.",1,75738.308
"H5","CHN","59","China","USA","United States",2021,"Gross Exp.",2,511372.538
"H5","CHN","59","China","USA","United States",2021,"Gross Imp.",1,85615.186
"H5","CHN","59","China","WLD"," World",2017,"Gross Exp.",2,7390116.872
"H5","CHN","59","China","WLD"," World",2017,"Gross Imp.",1,1786517.251
"H5","CHN","59","China","WLD"," World",2018,"Gross Exp.",2,8027663.112
"H5","CHN","59","China","WLD"," World",2018,"Gross Imp.",1,1809506.975
"H5","CHN","59","China","WLD"," World",2019,"Gross Exp.",2,7959006.233
"H5","CHN","59","China","WLD"," World",2019,"Gross Imp.",1,1689662.749
"H5","CHN","59","China","WLD"," World",2020,"Gross Exp.",2,6711962.63
"H5","CHN","59","China","WLD"," World",2020,"Gross Imp.",1,1466580.955
"H5","CHN","59","China","WLD"," World",2021,"Gross Exp.",2,9230868.371
"H5","CHN","59","China","WLD"," World",2021,"Gross Imp.",1,1664885.323
"H5","CHN","60","China","CHN","China",2017,"Gross Imp.",1,296486.967
"H5","CHN","60","China","CHN","China",2018,"Gross Imp.",1,282896.517
"H5","CHN","60","China","CHN","China",2019,"Gross Imp.",1,202919.153
"H5","CHN","60","China","CHN","China",2020,"Gross Imp.",1,115970.67
"H5","CHN","60","China","CHN","China",2021,"Gross Imp.",1,117153.514
"H5","CHN","60","China","USA","United States",2017,"Gross Exp.",2,636368.008
"H5","CHN","60","China","USA","United States",2017,"Gross Imp.",1,12755.904
"H5","CHN","60","China","USA","United States",2018,"Gross Exp.",2,644092.172
"H5","CHN","60","China","USA","United States",2018,"Gross Imp.",1,11288.58
"H5","CHN","60","China","USA","United States",2019,"Gross Exp.",2,512121.372
"H5","CHN","60","China","USA","United States",2019,"Gross Imp.",1,12730.333
"H5","CHN","60","China","USA","United States",2020,"Gross Exp.",2,434750.679
"H5","CHN","60","China","USA","United States",2020,"Gross Imp.",1,8380.461
"H5","CHN","60","China","USA","United States",2021,"Gross Exp.",2,526657.543
"H5","CHN","60","China","USA","United States",2021,"Gross Imp.",1,9510.258
"H5","CHN","60","China","WLD"," World",2017,"Gross Exp.",2,16506064.23
"H5","CHN","60","China","WLD"," World",2017,"Gross Imp.",1,1690963.046
"H5","CHN","60","China","WLD"," World",2018,"Gross Exp.",2,18154790.617
"H5","CHN","60","China","WLD"," World",2018,"Gross Imp.",1,1638452.493
"H5","CHN","60","China","WLD"," World",2019,"Gross Exp.",2,18657911.773
"H5","CHN","60","China","WLD"," World",2019,"Gross Imp.",1,1370965.185
"H5","CHN","60","China","WLD"," World",2020,"Gross Exp.",2,16268815.692
"H5","CHN","60","China","WLD"," World",2020,"Gross Imp.",1,1018256.936
"H5","CHN","60","China","WLD"," World",2021,"Gross Exp.",2,23012069.51
"H5","CHN","60","China","WLD"," World",2021,"Gross Imp.",1,1146863.206
"H5","CHN","61","China","CHN","China",2017,"Gross Imp.",1,356230.278
"H5","CHN","61","China","CHN","China",2018,"Gross Imp.",1,376558.252
"H5","CHN","61","China","CHN","China",2019,"Gross Imp.",1,380023.573
"H5","CHN","61","China","CHN","China",2020,"Gross Imp.",1,398816.308
"H5","CHN","61","China","CHN","China",2021,"Gross Imp.",1,534979.257
"H5","CHN","61","China","USA","United States",2017,"Gross Exp.",2,16008452.305
"H5","CHN","61","China","USA","United States",2017,"Gross Imp.",1,9314.058
"H5","CHN","61","China","USA","United States",2018,"Gross Exp.",2,17649595.697
"H5","CHN","61","China","USA","United States",2018,"Gross Imp.",1,45901.973
"H5","CHN","61","China","USA","United States",2019,"Gross Exp.",2,17043900.79
"H5","CHN","61","China","USA","United States",2019,"Gross Imp.",1,54416.93
"H5","CHN","61","China","USA","United States",2020,"Gross Exp.",2,14146356.135
"H5","CHN","61","China","USA","United States",2020,"Gross Imp.",1,35624.679
"H5","CHN","61","China","USA","United States",2021,"Gross Exp.",2,21411353.305
"H5","CHN","61","China","USA","United States",2021,"Gross Imp.",1,29180.08
"H5","CHN","61","China","WLD"," World",2017,"Gross Exp.",2,71823612.99
"H5","CHN","61","China","WLD"," World",2017,"Gross Imp.",1,2798682.742
"H5","CHN","61","China","WLD"," World",2018,"Gross Exp.",2,73411651.83
"H5","CHN","61","China","WLD"," World",2018,"Gross Imp.",1,3380713.45
"H5","CHN","61","China","WLD"," World",2019,"Gross Exp.",2,71352803.266
"H5","CHN","61","China","WLD"," World",2019,"Gross Imp.",1,3654344.108
"H5","CHN","61","China","WLD"," World",2020,"Gross Exp.",2,62227840.881
"H5","CHN","61","China","WLD"," World",2020,"Gross Imp.",1,3514423.022
"H5","CHN","61","China","WLD"," World",2021,"Gross Exp.",2,85155932.577
"H5","CHN","61","China","WLD"," World",2021,"Gross Imp.",1,4659999.36
"H5","CHN","62","China","CHN","China",2017,"Gross Imp.",1,405710.005
"H5","CHN","62","China","CHN","China",2018,"Gross Imp.",1,400196.891
"H5","CHN","62","China","CHN","China",2019,"Gross Imp.",1,404971.82
"H5","CHN","62","China","CHN","China",2020,"Gross Imp.",1,490255.145
"H5","CHN","62","China","CHN","China",2021,"Gross Imp.",1,571316.393
"H5","CHN","62","China","USA","United States",2017,"Gross Exp.",2,14070154.667
"H5","CHN","62","China","USA","United States",2017,"Gross Imp.",1,17797.481
"H5","CHN","62","China","USA","United States",2018,"Gross Exp.",2,14553007.489
"H5","CHN","62","China","USA","United States",2018,"Gross Imp.",1,46662.838
"H5","CHN","62","China","USA","United States",2019,"Gross Exp.",2,13142162.64
"H5","CHN","62","China","USA","United States",2019,"Gross Imp.",1,48433.468
"H5","CHN","62","China","USA","United States",2020,"Gross Exp.",2,11209243.551
"H5","CHN","62","China","USA","United States",2020,"Gross Imp.",1,56217.24
"H5","CHN","62","China","USA","United States",2021,"Gross Exp.",2,12889073.855
"H5","CHN","62","China","USA","United States",2021,"Gross Imp.",1,31652.959
"H5","CHN","62","China","WLD"," World",2017,"Gross Exp.",2,73408647.525
"H5","CHN","62","China","WLD"," World",2017,"Gross Imp.",1,3874680.893
"H5","CHN","62","China","WLD"," World",2018,"Gross Exp.",2,71322796.649
"H5","CHN","62","China","WLD"," World",2018,"Gross Imp.",1,4158572.011
"H5","CHN","62","China","WLD"," World",2019,"Gross Exp.",2,66663157.206
"H5","CHN","62","China","WLD"," World",2019,"Gross Imp.",1,4478232.745
"H5","CHN","62","China","WLD"," World",2020,"Gross Exp.",2,62275543.949
"H5","CHN","62","China","WLD"," World",2020,"Gross Imp.",1,4744634.354
"H5","CHN","62","China","WLD"," World",2021,"Gross Exp.",2,68397091.38
"H5","CHN","62","China","WLD"," World",2021,"Gross Imp.",1,6065812.785
"H5","CHN","63","China","CHN","China",2017,"Gross Imp.",1,55596.911
"H5","CHN","63","China","CHN","China",2018,"Gross Imp.",1,74195.995
"H5","CHN","63","China","CHN","China",2019,"Gross Imp.",1,89310.07
"H5","CHN","63","China","CHN","China",2020,"Gross Imp.",1,309743.643
"H5","CHN","63","China","CHN","China",2021,"Gross Imp.",1,97404.528
"H5","CHN","63","China","USA","United States",2017,"Gross Exp.",2,8004694.89
"H5","CHN","63","China","USA","United States",2017,"Gross Imp.",1,33882.331
"H5","CHN","63","China","USA","United States",2018,"Gross Exp.",2,8802878.566
"H5","CHN","63","China","USA","United States",2018,"Gross Imp.",1,33420.899
"H5","CHN","63","China","USA","United States",2019,"Gross Exp.",2,8807716.782
"H5","CHN","63","China","USA","United States",2019,"Gross Imp.",1,29065.435
"H5","CHN","63","China","USA","United States",2020,"Gross Exp.",2,21733461.871
"H5","CHN","63","China","USA","United States",2020,"Gross Imp.",1,73259.007
"H5","CHN","63","China","USA","United States",2021,"Gross Exp.",2,12756156.651
"H5","CHN","63","China","USA","United States",2021,"Gross Imp.",1,19064.533
"H5","CHN","63","China","WLD"," World",2017,"Gross Exp.",2,26358053.802
"H5","CHN","63","China","WLD"," World",2017,"Gross Imp.",1,506114.555
"H5","CHN","63","China","WLD"," World",2018,"Gross Exp.",2,27803637.548
"H5","CHN","63","China","WLD"," World",2018,"Gross Imp.",1,486579.307
"H5","CHN","63","China","WLD"," World",2019,"Gross Exp.",2,27890090.824
"H5","CHN","63","China","WLD"," World",2019,"Gross Imp.",1,477073.528
"H5","CHN","63","China","WLD"," World",2020,"Gross Exp.",2,75584824.21
"H5","CHN","63","China","WLD"," World",2020,"Gross Imp.",1,1408684.955
"H5","CHN","63","China","WLD"," World",2021,"Gross Exp.",2,41203783.851
"H5","CHN","63","China","WLD"," World",2021,"Gross Imp.",1,477582.819
"H5","CHN","64","China","CHN","China",2017,"Gross Imp.",1,346360.63
"H5","CHN","64","China","CHN","China",2018,"Gross Imp.",1,395094.43
"H5","CHN","64","China","CHN","China",2019,"Gross Imp.",1,445440.403
"H5","CHN","64","China","CHN","China",2020,"Gross Imp.",1,344068.315
"H5","CHN","64","China","CHN","China",2021,"Gross Imp.",1,348678.403
"H5","CHN","64","China","USA","United States",2017,"Gross Exp.",2,11996447.974
"H5","CHN","64","China","USA","United States",2017,"Gross Imp.",1,101972.192
"H5","CHN","64","China","USA","United States",2018,"Gross Exp.",2,12128412.758
"H5","CHN","64","China","USA","United States",2018,"Gross Imp.",1,162615.17
"H5","CHN","64","China","USA","United States",2019,"Gross Exp.",2,11517607.77
"H5","CHN","64","China","USA","United States",2019,"Gross Imp.",1,245841.311
"H5","CHN","64","China","USA","United States",2020,"Gross Exp.",2,7763466.503
"H5","CHN","64","China","USA","United States",2020,"Gross Imp.",1,145519.376
"H5","CHN","64","China","USA","United States",2021,"Gross Exp.",2,12052742.927
"H5","CHN","64","China","USA","United States",2021,"Gross Imp.",1,107736.213
"H5","CHN","64","China","WLD"," World",2017,"Gross Exp.",2,48185817.5
"H5","CHN","64","China","WLD"," World",2017,"Gross Imp.",1,3650839.518
"H5","CHN","64","China","WLD"," World",2018,"Gross Exp.",2,46912141.972
"H5","CHN","64","China","WLD"," World",2018,"Gross Imp.",1,4660965.295
"H5","CHN","64","China","WLD"," World",2019,"Gross Exp.",2,47699563.881
"H5","CHN","64","China","WLD"," World",2019,"Gross Imp.",1,5635887.938
"H5","CHN","64","China","WLD"," World",2020,"Gross Exp.",2,38111192.781
"H5","CHN","64","China","WLD"," World",2020,"Gross Imp.",1,5972495.873
"H5","CHN","64","China","WLD"," World",2021,"Gross Exp.",2,50715154.532
"H5","CHN","64","China","WLD"," World",2021,"Gross Imp.",1,6456894.703
"H5","CHN","65","China","CHN","China",2017,"Gross Imp.",1,15662.857
"H5","CHN","65","China","CHN","China",2018,"Gross Imp.",1,21217.721
"H5","CHN","65","China","CHN","China",2019,"Gross Imp.",1,21677.205
"H5","CHN","65","China","CHN","China",2020,"Gross Imp.",1,20003.275
"H5","CHN","65","China","CHN","China",2021,"Gross Imp.",1,24596.28
"H5","CHN","65","China","USA","United States",2017,"Gross Exp.",2,1208444.87
"H5","CHN","65","China","USA","United States",2017,"Gross Imp.",1,4580.452
"H5","CHN","65","China","USA","United States",2018,"Gross Exp.",2,1355587.676
"H5","CHN","65","China","USA","United States",2018,"Gross Imp.",1,6565.034
"H5","CHN","65","China","USA","United States",2019,"Gross Exp.",2,1205519.003
"H5","CHN","65","China","USA","United States",2019,"Gross Imp.",1,7109.338
"H5","CHN","65","China","USA","United States",2020,"Gross Exp.",2,1051251.827
"H5","CHN","65","China","USA","United States",2020,"Gross Imp.",1,5908.495
"H5","CHN","65","China","USA","United States",2021,"Gross Exp.",2,1557220.214
"H5","CHN","65","China","USA","United States",2021,"Gross Imp.",1,5931.251
"H5","CHN","65","China","WLD"," World",2017,"Gross Exp.",2,4390362.541
"H5","CHN","65","China","WLD"," World",2017,"Gross Imp.",1,79621.53
"H5","CHN","65","China","WLD"," World",2018,"Gross Exp.",2,4673777.41
"H5","CHN","65","China","WLD"," World",2018,"Gross Imp.",1,99584.974
"H5","CHN","65","China","WLD"," World",2019,"Gross Exp.",2,4640378.285
"H5","CHN","65","China","WLD"," World",2019,"Gross Imp.",1,130192.213
"H5","CHN","65","China","WLD"," World",2020,"Gross Exp.",2,4026426.671
"H5","CHN","65","China","WLD"," World",2020,"Gross Imp.",1,190645.255
"H5","CHN","65","China","WLD"," World",2021,"Gross Exp.",2,5479349.175
"H5","CHN","65","China","WLD"," World",2021,"Gross Imp.",1,278442.304
"H5","CHN","66","China","CHN","China",2017,"Gross Imp.",1,5040.704
"H5","CHN","66","China","CHN","China",2018,"Gross Imp.",1,25084.066
"H5","CHN","66","China","CHN","China",2019,"Gross Imp.",1,6457.934
"H5","CHN","66","China","CHN","China",2020,"Gross Imp.",1,4288.944
"H5","CHN","66","China","CHN","China",2021,"Gross Imp.",1,5188.508
"H5","CHN","66","China","USA","United States",2017,"Gross Exp.",2,499598.791
"H5","CHN","66","China","USA","United States",2017,"Gross Imp.",1,197.421
"H5","CHN","66","China","USA","United States",2018,"Gross Exp.",2,523596.498
"H5","CHN","66","China","USA","United States",2018,"Gross Imp.",1,310.823
"H5","CHN","66","China","USA","United States",2019,"Gross Exp.",2,533598.97
"H5","CHN","66","China","USA","United States",2019,"Gross Imp.",1,252.259
"H5","CHN","66","China","USA","United States",2020,"Gross Exp.",2,483057.656
"H5","CHN","66","China","USA","United States",2020,"Gross Imp.",1,182.945
"H5","CHN","66","China","USA","United States",2021,"Gross Exp.",2,746341.148
"H5","CHN","66","China","USA","United States",2021,"Gross Imp.",1,194.668
"H5","CHN","66","China","WLD"," World",2017,"Gross Exp.",2,2621193.308
"H5","CHN","66","China","WLD"," World",2017,"Gross Imp.",1,11987.796
"H5","CHN","66","China","WLD"," World",2018,"Gross Exp.",2,2708245.626
"H5","CHN","66","China","WLD"," World",2018,"Gross Imp.",1,33284.869
"H5","CHN","66","China","WLD"," World",2019,"Gross Exp.",2,2858393.431
"H5","CHN","66","China","WLD"," World",2019,"Gross Imp.",1,15670.099
"H5","CHN","66","China","WLD"," World",2020,"Gross Exp.",2,2396699.204
"H5","CHN","66","China","WLD"," World",2020,"Gross Imp.",1,8965.946
"H5","CHN","66","China","WLD"," World",2021,"Gross Exp.",2,2991191.827
"H5","CHN","66","China","WLD"," World",2021,"Gross Imp.",1,11135.079
"H5","CHN","67","China","CHN","China",2017,"Gross Imp.",1,8187.852
"H5","CHN","67","China","CHN","China",2018,"Gross Imp.",1,6443.19
"H5","CHN","67","China","CHN","China",2019,"Gross Imp.",1,9399.309
"H5","CHN","67","China","CHN","China",2020,"Gross Imp.",1,14826.808
"H5","CHN","67","China","CHN","China",2021,"Gross Imp.",1,6974.456
"H5","CHN","67","China","USA","United States",2017,"Gross Exp.",2,2280615.108
"H5","CHN","67","China","USA","United States",2017,"Gross Imp.",1,9700.241
"H5","CHN","67","China","USA","United States",2018,"Gross Exp.",2,2708359.77
"H5","CHN","67","China","USA","United States",2018,"Gross Imp.",1,6882.075
"H5","CHN","67","China","USA","United States",2019,"Gross Exp.",2,2927871.253
"H5","CHN","67","China","USA","United States",2019,"Gross Imp.",1,10122.137
"H5","CHN","67","China","USA","United States",2020,"Gross Exp.",2,3096775.965
"H5","CHN","67","China","USA","United States",2020,"Gross Imp.",1,7568.606
"H5","CHN","67","China","USA","United States",2021,"Gross Exp.",2,5635367.272
"H5","CHN","67","China","USA","United States",2021,"Gross Imp.",1,7218.985
"H5","CHN","67","China","WLD"," World",2017,"Gross Exp.",2,5908290.215
"H5","CHN","67","China","WLD"," World",2017,"Gross Imp.",1,218563.098
"H5","CHN","67","China","WLD"," World",2018,"Gross Exp.",2,6850133.088
"H5","CHN","67","China","WLD"," World",2018,"Gross Imp.",1,230916.407
"H5","CHN","67","China","WLD"," World",2019,"Gross Exp.",2,8429335.873
"H5","CHN","67","China","WLD"," World",2019,"Gross Imp.",1,320116.5
"H5","CHN","67","China","WLD"," World",2020,"Gross Exp.",2,8542953.089
"H5","CHN","67","China","WLD"," World",2020,"Gross Imp.",1,315492.465
"H5","CHN","67","China","WLD"," World",2021,"Gross Exp.",2,12231415.86
"H5","CHN","67","China","WLD"," World",2021,"Gross Imp.",1,956426.648
"H5","CHN","68","China","CHN","China",2017,"Gross Imp.",1,36432.362
"H5","CHN","68","China","CHN","China",2018,"Gross Imp.",1,49858.703
"H5","CHN","68","China","CHN","China",2019,"Gross Imp.",1,29674.139
"H5","CHN","68","China","CHN","China",2020,"Gross Imp.",1,34042.521
"H5","CHN","68","China","CHN","China",2021,"Gross Imp.",1,35799.556
"H5","CHN","68","China","USA","United States",2017,"Gross Exp.",2,1860127.41
"H5","CHN","68","China","USA","United States",2017,"Gross Imp.",1,255478.87
"H5","CHN","68","China","USA","United States",2018,"Gross Exp.",2,2364558.663
"H5","CHN","68","China","USA","United States",2018,"Gross Imp.",1,257773.521
"H5","CHN","68","China","USA","United States",2019,"Gross Exp.",2,1200783.142
"H5","CHN","68","China","USA","United States",2019,"Gross Imp.",1,244212.04
"H5","CHN","68","China","USA","United States",2020,"Gross Exp.",2,1311678.49
"H5","CHN","68","China","USA","United States",2020,"Gross Imp.",1,244632.252
"H5","CHN","68","China","USA","United States",2021,"Gross Exp.",2,1715201.064
"H5","CHN","68","China","USA","United States",2021,"Gross Imp.",1,296518.282
"H5","CHN","68","China","WLD"," World",2017,"Gross Exp.",2,10870694.117
"H5","CHN","68","China","WLD"," World",2017,"Gross Imp.",1,1669702.722
"H5","CHN","68","China","WLD"," World",2018,"Gross Exp.",2,11907915.539
"H5","CHN","68","China","WLD"," World",2018,"Gross Imp.",1,1842697.26
"H5","CHN","68","China","WLD"," World",2019,"Gross Exp.",2,11480129.229
"H5","CHN","68","China","WLD"," World",2019,"Gross Imp.",1,1771854.025
"H5","CHN","68","China","WLD"," World",2020,"Gross Exp.",2,12621152.304
"H5","CHN","68","China","WLD"," World",2020,"Gross Imp.",1,1833987.344
"H5","CHN","68","China","WLD"," World",2021,"Gross Exp.",2,13343472.729
"H5","CHN","68","China","WLD"," World",2021,"Gross Imp.",1,2275924.858
"H5","CHN","69","China","CHN","China",2017,"Gross Imp.",1,30126.273
"H5","CHN","69","China","CHN","China",2018,"Gross Imp.",1,43793.367
"H5","CHN","69","China","CHN","China",2019,"Gross Imp.",1,18433.959
"H5","CHN","69","China","CHN","China",2020,"Gross Imp.",1,28106.383
"H5","CHN","69","China","CHN","China",2021,"Gross Imp.",1,46566.229
"H5","CHN","69","China","USA","United States",2017,"Gross Exp.",2,2782521.774
"H5","CHN","69","China","USA","United States",2017,"Gross Imp.",1,125302.424
"H5","CHN","69","China","USA","United States",2018,"Gross Exp.",2,3233625.481
"H5","CHN","69","China","USA","United States",2018,"Gross Imp.",1,145718.67
"H5","CHN","69","China","USA","United States",2019,"Gross Exp.",2,3086504.79
"H5","CHN","69","China","USA","United States",2019,"Gross Imp.",1,196064.757
"H5","CHN","69","China","USA","United States",2020,"Gross Exp.",2,3040497.193
"H5","CHN","69","China","USA","United States",2020,"Gross Imp.",1,205486.01
"H5","CHN","69","China","USA","United States",2021,"Gross Exp.",2,4611021.334
"H5","CHN","69","China","USA","United States",2021,"Gross Imp.",1,247018.84
"H5","CHN","69","China","WLD"," World",2017,"Gross Exp.",2,19313843.029
"H5","CHN","69","China","WLD"," World",2017,"Gross Imp.",1,1023009.705
"H5","CHN","69","China","WLD"," World",2018,"Gross Exp.",2,21566561.95
"H5","CHN","69","China","WLD"," World",2018,"Gross Imp.",1,1222357.018
"H5","CHN","69","China","WLD"," World",2019,"Gross Exp.",2,25119908.753
"H5","CHN","69","China","WLD"," World",2019,"Gross Imp.",1,1279141.37
"H5","CHN","69","China","WLD"," World",2020,"Gross Exp.",2,25113297.058
"H5","CHN","69","China","WLD"," World",2020,"Gross Imp.",1,1346461.063
"H5","CHN","69","China","WLD"," World",2021,"Gross Exp.",2,29012712.79
"H5","CHN","69","China","WLD"," World",2021,"Gross Imp.",1,1899326.364
"H5","CHN","70","China","CHN","China",2017,"Gross Imp.",1,234286.709
"H5","CHN","70","China","CHN","China",2018,"Gross Imp.",1,226924.816
"H5","CHN","70","China","CHN","China",2019,"Gross Imp.",1,221308.81
"H5","CHN","70","China","CHN","China",2020,"Gross Imp.",1,445581.986
"H5","CHN","70","China","CHN","China",2021,"Gross Imp.",1,477838.753
"H5","CHN","70","China","USA","United States",2017,"Gross Exp.",2,2712467.371
"H5","CHN","70","China","USA","United States",2017,"Gross Imp.",1,872455.231
"H5","CHN","70","China","USA","United States",2018,"Gross Exp.",2,3137363.175
"H5","CHN","70","China","USA","United States",2018,"Gross Imp.",1,1004605.795
"H5","CHN","70","China","USA","United States",2019,"Gross Exp.",2,2817565.463
"H5","CHN","70","China","USA","United States",2019,"Gross Imp.",1,1015628.817
"H5","CHN","70","China","USA","United States",2020,"Gross Exp.",2,2987064.165
"H5","CHN","70","China","USA","United States",2020,"Gross Imp.",1,849807.336
"H5","CHN","70","China","USA","United States",2021,"Gross Exp.",2,4077366.043
"H5","CHN","70","China","USA","United States",2021,"Gross Imp.",1,980057.494
"H5","CHN","70","China","WLD"," World",2017,"Gross Exp.",2,15718203.477
"H5","CHN","70","China","WLD"," World",2017,"Gross Imp.",1,7219290.605
"H5","CHN","70","China","WLD"," World",2018,"Gross Exp.",2,16732410.358
"H5","CHN","70","China","WLD"," World",2018,"Gross Imp.",1,7784375.272
"H5","CHN","70","China","WLD"," World",2019,"Gross Exp.",2,17852939.223
"H5","CHN","70","China","WLD"," World",2019,"Gross Imp.",1,7586927.06
"H5","CHN","70","China","WLD"," World",2020,"Gross Exp.",2,18340507.101
"H5","CHN","70","China","WLD"," World",2020,"Gross Imp.",1,7855827.751
"H5","CHN","70","China","WLD"," World",2021,"Gross Exp.",2,23150160.964
"H5","CHN","70","China","WLD"," World",2021,"Gross Imp.",1,8558149.838
"H5","CHN","71","China","CHN","China",2017,"Gross Imp.",1,1172979.269
"H5","CHN","71","China","CHN","China",2018,"Gross Imp.",1,1034379.937
"H5","CHN","71","China","CHN","China",2019,"Gross Imp.",1,659723.676
"H5","CHN","71","China","CHN","China",2020,"Gross Imp.",1,298508.988
"H5","CHN","71","China","CHN","China",2021,"Gross Imp.",1,1492884.241
"H5","CHN","71","China","USA","United States",2017,"Gross Exp.",2,3589091.486
"H5","CHN","71","China","USA","United States",2017,"Gross Imp.",1,5306287.575
"H5","CHN","71","China","USA","United States",2018,"Gross Exp.",2,3150917.247
"H5","CHN","71","China","USA","United States",2018,"Gross Imp.",1,4442211.155
"H5","CHN","71","China","USA","United States",2019,"Gross Exp.",2,2294256.899
"H5","CHN","71","China","USA","United States",2019,"Gross Imp.",1,674633.171
"H5","CHN","71","China","USA","United States",2020,"Gross Exp.",2,1423557.062
"H5","CHN","71","China","USA","United States",2020,"Gross Imp.",1,728721.668
"H5","CHN","71","China","USA","United States",2021,"Gross Exp.",2,2593217.164
"H5","CHN","71","China","USA","United States",2021,"Gross Imp.",1,1081881.024
"H5","CHN","71","China","WLD"," World",2017,"Gross Exp.",2,17979803.238
"H5","CHN","71","China","WLD"," World",2017,"Gross Imp.",1,65288227.194
"H5","CHN","71","China","WLD"," World",2018,"Gross Exp.",2,19775391.953
"H5","CHN","71","China","WLD"," World",2018,"Gross Imp.",1,78045977.834
"H5","CHN","71","China","WLD"," World",2019,"Gross Exp.",2,20584820.78
"H5","CHN","71","China","WLD"," World",2019,"Gross Imp.",1,60463720.659
"H5","CHN","71","China","WLD"," World",2020,"Gross Exp.",2,18431529.474
"H5","CHN","71","China","WLD"," World",2020,"Gross Imp.",1,31735388.057
"H5","CHN","71","China","WLD"," World",2021,"Gross Exp.",2,28884744.388
"H5","CHN","71","China","WLD"," World",2021,"Gross Imp.",1,77417421.702
"H5","CHN","72","China","CHN","China",2017,"Gross Imp.",1,150349.511
"H5","CHN","72","China","CHN","China",2018,"Gross Imp.",1,141318.894
"H5","CHN","72","China","CHN","China",2019,"Gross Imp.",1,123911.136
"H5","CHN","72","China","CHN","China",2020,"Gross Imp.",1,99143.245
"H5","CHN","72","China","CHN","China",2021,"Gross Imp.",1,115573.113
"H5","CHN","72","China","USA","United States",2017,"Gross Exp.",2,598709.288
"H5","CHN","72","China","USA","United States",2017,"Gross Imp.",1,369395.418
"H5","CHN","72","China","USA","United States",2018,"Gross Exp.",2,674342.07
"H5","CHN","72","China","USA","United States",2018,"Gross Imp.",1,422436.045
"H5","CHN","72","China","USA","United States",2019,"Gross Exp.",2,501866.167
"H5","CHN","72","China","USA","United States",2019,"Gross Imp.",1,276738.968
"H5","CHN","72","China","USA","United States",2020,"Gross Exp.",2,396094.701
"H5","CHN","72","China","USA","United States",2020,"Gross Imp.",1,414792.046
"H5","CHN","72","China","USA","United States",2021,"Gross Exp.",2,851520.283
"H5","CHN","72","China","USA","United States",2021,"Gross Imp.",1,304193.571
"H5","CHN","72","China","WLD"," World",2017,"Gross Exp.",2,42984233.192
"H5","CHN","72","China","WLD"," World",2017,"Gross Imp.",1,21475573.59
"H5","CHN","72","China","WLD"," World",2018,"Gross Exp.",2,46861046.001
"H5","CHN","72","China","WLD"," World",2018,"Gross Imp.",1,22369894.746
"H5","CHN","72","China","WLD"," World",2019,"Gross Exp.",2,39414699.799
"H5","CHN","72","China","WLD"," World",2019,"Gross Imp.",1,23409734.687
"H5","CHN","72","China","WLD"," World",2020,"Gross Exp.",2,33395752.521
"H5","CHN","72","China","WLD"," World",2020,"Gross Imp.",1,36901161.339
"H5","CHN","72","China","WLD"," World",2021,"Gross Exp.",2,65008616.725
"H5","CHN","72","China","WLD"," World",2021,"Gross Imp.",1,43547900.367
"H5","CHN","73","China","CHN","China",2017,"Gross Imp.",1,536693.232
"H5","CHN","73","China","CHN","China",2018,"Gross Imp.",1,516350.772
"H5","CHN","73","China","CHN","China",2019,"Gross Imp.",1,522290.921
"H5","CHN","73","China","CHN","China",2020,"Gross Imp.",1,427179.361
"H5","CHN","73","China","CHN","China",2021,"Gross Imp.",1,483611.109
"H5","CHN","73","China","USA","United States",2017,"Gross Exp.",2,10218080.551
"H5","CHN","73","China","USA","United States",2017,"Gross Imp.",1,1172839.84
"H5","CHN","73","China","USA","United States",2018,"Gross Exp.",2,11836752.687
"H5","CHN","73","China","USA","United States",2018,"Gross Imp.",1,1249072.899
"H5","CHN","73","China","USA","United States",2019,"Gross Exp.",2,9956420.633
"H5","CHN","73","China","USA","United States",2019,"Gross Imp.",1,1082334.783
"H5","CHN","73","China","USA","United States",2020,"Gross Exp.",2,11050392.406
"H5","CHN","73","China","USA","United States",2020,"Gross Imp.",1,953946.989
"H5","CHN","73","China","USA","United States",2021,"Gross Exp.",2,15848068.794
"H5","CHN","73","China","USA","United States",2021,"Gross Imp.",1,1096744.492
"H5","CHN","73","China","WLD"," World",2017,"Gross Exp.",2,56727624.142
"H5","CHN","73","China","WLD"," World",2017,"Gross Imp.",1,10020271.142
"H5","CHN","73","China","WLD"," World",2018,"Gross Exp.",2,65134510.546
"H5","CHN","73","China","WLD"," World",2018,"Gross Imp.",1,10760592.478
"H5","CHN","73","China","WLD"," World",2019,"Gross Exp.",2,69263325.448
"H5","CHN","73","China","WLD"," World",2019,"Gross Imp.",1,9859672.764
"H5","CHN","73","China","WLD"," World",2020,"Gross Exp.",2,71017191.105
"H5","CHN","73","China","WLD"," World",2020,"Gross Imp.",1,9476786.839
"H5","CHN","73","China","WLD"," World",2021,"Gross Exp.",2,92706259.106
"H5","CHN","73","China","WLD"," World",2021,"Gross Imp.",1,10654844.125
"H5","CHN","74","China","CHN","China",2017,"Gross Imp.",1,1405987.912
"H5","CHN","74","China","CHN","China",2018,"Gross Imp.",1,1111658.25
"H5","CHN","74","China","CHN","China",2019,"Gross Imp.",1,543124.077
"H5","CHN","74","China","CHN","China",2020,"Gross Imp.",1,569031.87
"H5","CHN","74","China","CHN","China",2021,"Gross Imp.",1,642560.1
"H5","CHN","74","China","USA","United States",2017,"Gross Exp.",2,441106.617
"H5","CHN","74","China","USA","United States",2017,"Gross Imp.",1,1668236.9
"H5","CHN","74","China","USA","United States",2018,"Gross Exp.",2,524055.292
"H5","CHN","74","China","USA","United States",2018,"Gross Imp.",1,1648742.361
"H5","CHN","74","China","USA","United States",2019,"Gross Exp.",2,361781.054
"H5","CHN","74","China","USA","United States",2019,"Gross Imp.",1,754595.026
"H5","CHN","74","China","USA","United States",2020,"Gross Exp.",2,340823.755
"H5","CHN","74","China","USA","United States",2020,"Gross Imp.",1,767477.434
"H5","CHN","74","China","USA","United States",2021,"Gross Exp.",2,626654.545
"H5","CHN","74","China","USA","United States",2021,"Gross Imp.",1,2173844.666
"H5","CHN","74","China","WLD"," World",2017,"Gross Exp.",2,6457489.331
"H5","CHN","74","China","WLD"," World",2017,"Gross Imp.",1,41284905.694
"H5","CHN","74","China","WLD"," World",2018,"Gross Exp.",2,6941899.596
"H5","CHN","74","China","WLD"," World",2018,"Gross Imp.",1,47536738.321
"H5","CHN","74","China","WLD"," World",2019,"Gross Exp.",2,6780859.33
"H5","CHN","74","China","WLD"," World",2019,"Gross Imp.",1,40626446.365
"H5","CHN","74","China","WLD"," World",2020,"Gross Exp.",2,6172481.291
"H5","CHN","74","China","WLD"," World",2020,"Gross Imp.",1,48913982.512
"H5","CHN","74","China","WLD"," World",2021,"Gross Exp.",2,10445270.967
"H5","CHN","74","China","WLD"," World",2021,"Gross Imp.",1,66113950.791
"H5","CHN","75","China","CHN","China",2017,"Gross Imp.",1,52546.619
"H5","CHN","75","China","CHN","China",2018,"Gross Imp.",1,6397.732
"H5","CHN","75","China","CHN","China",2019,"Gross Imp.",1,22296.835
"H5","CHN","75","China","CHN","China",2020,"Gross Imp.",1,4023.817
"H5","CHN","75","China","CHN","China",2021,"Gross Imp.",1,4078.964
"H5","CHN","75","China","USA","United States",2017,"Gross Exp.",2,25514.478
"H5","CHN","75","China","USA","United States",2017,"Gross Imp.",1,306856.733
"H5","CHN","75","China","USA","United States",2018,"Gross Exp.",2,31617.171
"H5","CHN","75","China","USA","United States",2018,"Gross Imp.",1,387236.857
"H5","CHN","75","China","USA","United States",2019,"Gross Exp.",2,18064.779
"H5","CHN","75","China","USA","United States",2019,"Gross Imp.",1,449436.029
"H5","CHN","75","China","USA","United States",2020,"Gross Exp.",2,10741.848
"H5","CHN","75","China","USA","United States",2020,"Gross Imp.",1,330577.6
"H5","CHN","75","China","USA","United States",2021,"Gross Exp.",2,19050.889
"H5","CHN","75","China","USA","United States",2021,"Gross Imp.",1,419617.547
"H5","CHN","75","China","WLD"," World",2017,"Gross Exp.",2,417944.179
"H5","CHN","75","China","WLD"," World",2017,"Gross Imp.",1,4643077.817
"H5","CHN","75","China","WLD"," World",2018,"Gross Exp.",2,450605.143
"H5","CHN","75","China","WLD"," World",2018,"Gross Imp.",1,5486753.857
"H5","CHN","75","China","WLD"," World",2019,"Gross Exp.",2,914847.691
"H5","CHN","75","China","WLD"," World",2019,"Gross Imp.",1,5571682.11
"H5","CHN","75","China","WLD"," World",2020,"Gross Exp.",2,547847.46
"H5","CHN","75","China","WLD"," World",2020,"Gross Imp.",1,4274387.674
"H5","CHN","75","China","WLD"," World",2021,"Gross Exp.",2,501727.747
"H5","CHN","75","China","WLD"," World",2021,"Gross Imp.",1,8464738.606
"H5","CHN","76","China","CHN","China",2017,"Gross Imp.",1,210456.493
"H5","CHN","76","China","CHN","China",2018,"Gross Imp.",1,168644.638
"H5","CHN","76","China","CHN","China",2019,"Gross Imp.",1,133788.283
"H5","CHN","76","China","CHN","China",2020,"Gross Imp.",1,124264.547
"H5","CHN","76","China","CHN","China",2021,"Gross Imp.",1,118823.537
"H5","CHN","76","China","USA","United States",2017,"Gross Exp.",2,3748190.356
"H5","CHN","76","China","USA","United States",2017,"Gross Imp.",1,1200761.743
"H5","CHN","76","China","USA","United States",2018,"Gross Exp.",2,3217545.788
"H5","CHN","76","China","USA","United States",2018,"Gross Imp.",1,1235516.504
"H5","CHN","76","China","USA","United States",2019,"Gross Exp.",2,2718993.591
"H5","CHN","76","China","USA","United States",2019,"Gross Imp.",1,948793.412
"H5","CHN","76","China","USA","United States",2020,"Gross Exp.",2,2970742.253
"H5","CHN","76","China","USA","United States",2020,"Gross Imp.",1,550183.126
"H5","CHN","76","China","USA","United States",2021,"Gross Exp.",2,4375568.481
"H5","CHN","76","China","USA","United States",2021,"Gross Imp.",1,410377.607
"H5","CHN","76","China","WLD"," World",2017,"Gross Exp.",2,22585177.769
"H5","CHN","76","China","WLD"," World",2017,"Gross Imp.",1,6618069.715
"H5","CHN","76","China","WLD"," World",2018,"Gross Exp.",2,27023839.591
"H5","CHN","76","China","WLD"," World",2018,"Gross Imp.",1,6643371.182
"H5","CHN","76","China","WLD"," World",2019,"Gross Exp.",2,26077777.095
"H5","CHN","76","China","WLD"," World",2019,"Gross Imp.",1,5796670.399
"H5","CHN","76","China","WLD"," World",2020,"Gross Exp.",2,24589847.917
"H5","CHN","76","China","WLD"," World",2020,"Gross Imp.",1,8147556.363
"H5","CHN","76","China","WLD"," World",2021,"Gross Exp.",2,34498295.304
"H5","CHN","76","China","WLD"," World",2021,"Gross Imp.",1,12488320.823
"H5","CHN","78","China","CHN","China",2017,"Gross Imp.",1,0.648
"H5","CHN","78","China","CHN","China",2018,"Gross Imp.",1,47.108
"H5","CHN","78","China","CHN","China",2019,"Gross Imp.",1,2.96
"H5","CHN","78","China","CHN","China",2020,"Gross Imp.",1,9.309
"H5","CHN","78","China","CHN","China",2021,"Gross Imp.",1,15.822
"H5","CHN","78","China","USA","United States",2017,"Gross Exp.",2,1281.516
"H5","CHN","78","China","USA","United States",2017,"Gross Imp.",1,2698.777
"H5","CHN","78","China","USA","United States",2018,"Gross Exp.",2,4492.883
"H5","CHN","78","China","USA","United States",2018,"Gross Imp.",1,3575.489
"H5","CHN","78","China","USA","United States",2019,"Gross Exp.",2,1651.025
"H5","CHN","78","China","USA","United States",2019,"Gross Imp.",1,2819.764
"H5","CHN","78","China","USA","United States",2020,"Gross Exp.",2,638.556
"H5","CHN","78","China","USA","United States",2020,"Gross Imp.",1,2802.162
"H5","CHN","78","China","USA","United States",2021,"Gross Exp.",2,86894.13
"H5","CHN","78","China","USA","United States",2021,"Gross Imp.",1,3512.358
"H5","CHN","78","China","WLD"," World",2017,"Gross Exp.",2,84879.683
"H5","CHN","78","China","WLD"," World",2017,"Gross Imp.",1,265146.035
"H5","CHN","78","China","WLD"," World",2018,"Gross Exp.",2,132007.601
"H5","CHN","78","China","WLD"," World",2018,"Gross Imp.",1,401899.307
"H5","CHN","78","China","WLD"," World",2019,"Gross Exp.",2,63921.42
"H5","CHN","78","China","WLD"," World",2019,"Gross Imp.",1,369685.547
"H5","CHN","78","China","WLD"," World",2020,"Gross Exp.",2,42163.34
"H5","CHN","78","China","WLD"," World",2020,"Gross Imp.",1,120720.42
"H5","CHN","78","China","WLD"," World",2021,"Gross Exp.",2,271436.207
"H5","CHN","78","China","WLD"," World",2021,"Gross Imp.",1,114569.111
"H5","CHN","79","China","CHN","China",2017,"Gross Imp.",1,12735.852
"H5","CHN","79","China","CHN","China",2018,"Gross Imp.",1,11592.485
"H5","CHN","79","China","CHN","China",2019,"Gross Imp.",1,11031.157
"H5","CHN","79","China","CHN","China",2020,"Gross Imp.",1,9572.442
"H5","CHN","79","China","CHN","China",2021,"Gross Imp.",1,11435.992
"H5","CHN","79","China","USA","United States",2017,"Gross Exp.",2,37494.04
"H5","CHN","79","China","USA","United States",2017,"Gross Imp.",1,22956.457
"H5","CHN","79","China","USA","United States",2018,"Gross Exp.",2,42505.002
"H5","CHN","79","China","USA","United States",2018,"Gross Imp.",1,37224.705
"H5","CHN","79","China","USA","United States",2019,"Gross Exp.",2,35896.86
"H5","CHN","79","China","USA","United States",2019,"Gross Imp.",1,31151.047
"H5","CHN","79","China","USA","United States",2020,"Gross Exp.",2,35084.969
"H5","CHN","79","China","USA","United States",2020,"Gross Imp.",1,28942.451
"H5","CHN","79","China","USA","United States",2021,"Gross Exp.",2,35321.818
"H5","CHN","79","China","USA","United States",2021,"Gross Imp.",1,24131.317
"H5","CHN","79","China","WLD"," World",2017,"Gross Exp.",2,243361.152
"H5","CHN","79","China","WLD"," World",2017,"Gross Imp.",1,2496799.321
"H5","CHN","79","China","WLD"," World",2018,"Gross Exp.",2,248865.673
"H5","CHN","79","China","WLD"," World",2018,"Gross Imp.",1,2573363.136
"H5","CHN","79","China","WLD"," World",2019,"Gross Exp.",2,331267.855
"H5","CHN","79","China","WLD"," World",2019,"Gross Imp.",1,2092022.514
"H5","CHN","79","China","WLD"," World",2020,"Gross Exp.",2,242002.669
"H5","CHN","79","China","WLD"," World",2020,"Gross Imp.",1,1996605.318
"H5","CHN","79","China","WLD"," World",2021,"Gross Exp.",2,215951.326
"H5","CHN","79","China","WLD"," World",2021,"Gross Imp.",1,1685127.438
"H5","CHN","80","China","CHN","China",2017,"Gross Imp.",1,23472.765
"H5","CHN","80","China","CHN","China",2018,"Gross Imp.",1,19724.735
"H5","CHN","80","China","CHN","China",2019,"Gross Imp.",1,15341.668
"H5","CHN","80","China","CHN","China",2020,"Gross Imp.",1,11880.586
"H5","CHN","80","China","CHN","China",2021,"Gross Imp.",1,20207.971
"H5","CHN","80","China","USA","United States",2017,"Gross Exp.",2,1073.836
"H5","CHN","80","China","USA","United States",2017,"Gross Imp.",1,3435.969
"H5","CHN","80","China","USA","United States",2018,"Gross Exp.",2,534.102
"H5","CHN","80","China","USA","United States",2018,"Gross Imp.",1,2743.61
"H5","CHN","80","China","USA","United States",2019,"Gross Exp.",2,494.047
"H5","CHN","80","China","USA","United States",2019,"Gross Imp.",1,2699.789
"H5","CHN","80","China","USA","United States",2020,"Gross Exp.",2,723.427
"H5","CHN","80","China","USA","United States",2020,"Gross Imp.",1,2423.282
"H5","CHN","80","China","USA","United States",2021,"Gross Exp.",2,2243.465
"H5","CHN","80","China","USA","United States",2021,"Gross Imp.",1,3384.726
"H5","CHN","80","China","WLD"," World",2017,"Gross Exp.",2,59611.528
"H5","CHN","80","China","WLD"," World",2017,"Gross Imp.",1,208780.375
"H5","CHN","80","China","WLD"," World",2018,"Gross Exp.",2,74580.978
"H5","CHN","80","China","WLD"," World",2018,"Gross Imp.",1,178853.72
"H5","CHN","80","China","WLD"," World",2019,"Gross Exp.",2,111792.275
"H5","CHN","80","China","WLD"," World",2019,"Gross Imp.",1,159022.706
"H5","CHN","80","China","WLD"," World",2020,"Gross Exp.",2,126851.513
"H5","CHN","80","China","WLD"," World",2020,"Gross Imp.",1,410548.964
"H5","CHN","80","China","WLD"," World",2021,"Gross Exp.",2,471960.482
"H5","CHN","80","China","WLD"," World",2021,"Gross Imp.",1,283619.737
"H5","CHN","81","China","CHN","China",2017,"Gross Imp.",1,32393.123
"H5","CHN","81","China","CHN","China",2018,"Gross Imp.",1,50699.012
"H5","CHN","81","China","CHN","China",2019,"Gross Imp.",1,46611.618
"H5","CHN","81","China","CHN","China",2020,"Gross Imp.",1,37044.951
"H5","CHN","81","China","CHN","China",2021,"Gross Imp.",1,54305.878
"H5","CHN","81","China","USA","United States",2017,"Gross Exp.",2,409721.166
"H5","CHN","81","China","USA","United States",2017,"Gross Imp.",1,290848.475
"H5","CHN","81","China","USA","United States",2018,"Gross Exp.",2,548427.904
"H5","CHN","81","China","USA","United States",2018,"Gross Imp.",1,265568.947
"H5","CHN","81","China","USA","United States",2019,"Gross Exp.",2,432365.235
"H5","CHN","81","China","USA","United States",2019,"Gross Imp.",1,320553.521
"H5","CHN","81","China","USA","United States",2020,"Gross Exp.",2,314338.747
"H5","CHN","81","China","USA","United States",2020,"Gross Imp.",1,297869.38
"H5","CHN","81","China","USA","United States",2021,"Gross Exp.",2,437404.528
"H5","CHN","81","China","USA","United States",2021,"Gross Imp.",1,321924.746
"H5","CHN","81","China","WLD"," World",2017,"Gross Exp.",2,3228823.951
"H5","CHN","81","China","WLD"," World",2017,"Gross Imp.",1,3098410.139
"H5","CHN","81","China","WLD"," World",2018,"Gross Exp.",2,3865003.97
"H5","CHN","81","China","WLD"," World",2018,"Gross Imp.",1,4780277.651
"H5","CHN","81","China","WLD"," World",2019,"Gross Exp.",2,3526180.048
"H5","CHN","81","China","WLD"," World",2019,"Gross Imp.",1,3112541.869
"H5","CHN","81","China","WLD"," World",2020,"Gross Exp.",2,2735662.922
"H5","CHN","81","China","WLD"," World",2020,"Gross Imp.",1,3434828.754
"H5","CHN","81","China","WLD"," World",2021,"Gross Exp.",2,4810069.462
"H5","CHN","81","China","WLD"," World",2021,"Gross Imp.",1,5931977.456
"H5","CHN","82","China","CHN","China",2017,"Gross Imp.",1,125666.15
"H5","CHN","82","China","CHN","China",2018,"Gross Imp.",1,107623.815
"H5","CHN","82","China","CHN","China",2019,"Gross Imp.",1,127508.569
"H5","CHN","82","China","CHN","China",2020,"Gross Imp.",1,98000.179
"H5","CHN","82","China","CHN","China",2021,"Gross Imp.",1,77363.846
"H5","CHN","82","China","USA","United States",2017,"Gross Exp.",2,3554098.862
"H5","CHN","82","China","USA","United States",2017,"Gross Imp.",1,272176.384
"H5","CHN","82","China","USA","United States",2018,"Gross Exp.",2,4039059.244
"H5","CHN","82","China","USA","United States",2018,"Gross Imp.",1,281411.707
"H5","CHN","82","China","USA","United States",2019,"Gross Exp.",2,3563439.771
"H5","CHN","82","China","USA","United States",2019,"Gross Imp.",1,262666.09
"H5","CHN","82","China","USA","United States",2020,"Gross Exp.",2,3937233.114
"H5","CHN","82","China","USA","United States",2020,"Gross Imp.",1,211683.867
"H5","CHN","82","China","USA","United States",2021,"Gross Exp.",2,5264453.177
"H5","CHN","82","China","USA","United States",2021,"Gross Imp.",1,234877.66
"H5","CHN","82","China","WLD"," World",2017,"Gross Exp.",2,15012897.215
"H5","CHN","82","China","WLD"," World",2017,"Gross Imp.",1,3642705.879
"H5","CHN","82","China","WLD"," World",2018,"Gross Exp.",2,16299690.798
"H5","CHN","82","China","WLD"," World",2018,"Gross Imp.",1,3851791.474
"H5","CHN","82","China","WLD"," World",2019,"Gross Exp.",2,16621727.226
"H5","CHN","82","China","WLD"," World",2019,"Gross Imp.",1,3508786.389
"H5","CHN","82","China","WLD"," World",2020,"Gross Exp.",2,17164457.972
"H5","CHN","82","China","WLD"," World",2020,"Gross Imp.",1,3117944.117
"H5","CHN","82","China","WLD"," World",2021,"Gross Exp.",2,22771884.811
"H5","CHN","82","China","WLD"," World",2021,"Gross Imp.",1,3468782.813
"H5","CHN","83","China","CHN","China",2017,"Gross Imp.",1,108909.124
"H5","CHN","83","China","CHN","China",2018,"Gross Imp.",1,109464.061
"H5","CHN","83","China","CHN","China",2019,"Gross Imp.",1,101992.195
"H5","CHN","83","China","CHN","China",2020,"Gross Imp.",1,120272.584
"H5","CHN","83","China","CHN","China",2021,"Gross Imp.",1,115571.811
"H5","CHN","83","China","USA","United States",2017,"Gross Exp.",2,3507899.357
"H5","CHN","83","China","USA","United States",2017,"Gross Imp.",1,169960.172
"H5","CHN","83","China","USA","United States",2018,"Gross Exp.",2,3883503.447
"H5","CHN","83","China","USA","United States",2018,"Gross Imp.",1,180897.839
"H5","CHN","83","China","USA","United States",2019,"Gross Exp.",2,3570429.804
"H5","CHN","83","China","USA","United States",2019,"Gross Imp.",1,166785.399
"H5","CHN","83","China","USA","United States",2020,"Gross Exp.",2,3969399.354
"H5","CHN","83","China","USA","United States",2020,"Gross Imp.",1,152971.153
"H5","CHN","83","China","USA","United States",2021,"Gross Exp.",2,5302845.234
"H5","CHN","83","China","USA","United States",2021,"Gross Imp.",1,182293.543
"H5","CHN","83","China","WLD"," World",2017,"Gross Exp.",2,17294832.225
"H5","CHN","83","China","WLD"," World",2017,"Gross Imp.",1,1810032.719
"H5","CHN","83","China","WLD"," World",2018,"Gross Exp.",2,18418697.804
"H5","CHN","83","China","WLD"," World",2018,"Gross Imp.",1,1940200.532
"H5","CHN","83","China","WLD"," World",2019,"Gross Exp.",2,19521247.807
"H5","CHN","83","China","WLD"," World",2019,"Gross Imp.",1,1905150.035
"H5","CHN","83","China","WLD"," World",2020,"Gross Exp.",2,20170940.148
"H5","CHN","83","China","WLD"," World",2020,"Gross Imp.",1,1816649.852
"H5","CHN","83","China","WLD"," World",2021,"Gross Exp.",2,26224698.715
"H5","CHN","83","China","WLD"," World",2021,"Gross Imp.",1,2244095.75
"H5","CHN","84","China","CHN","China",2017,"Gross Imp.",1,20939897.436
"H5","CHN","84","China","CHN","China",2018,"Gross Imp.",1,24776222.733
"H5","CHN","84","China","CHN","China",2019,"Gross Imp.",1,19661854.018
"H5","CHN","84","China","CHN","China",2020,"Gross Imp.",1,18037946.405
"H5","CHN","84","China","CHN","China",2021,"Gross Imp.",1,21235002.254
"H5","CHN","84","China","USA","United States",2017,"Gross Exp.",2,91726698.585
"H5","CHN","84","China","USA","United States",2017,"Gross Imp.",1,16473835.909
"H5","CHN","84","China","USA","United States",2018,"Gross Exp.",2,102990801.877
"H5","CHN","84","China","USA","United States",2018,"Gross Imp.",1,18380411.798
"H5","CHN","84","China","USA","United States",2019,"Gross Exp.",2,86560803.717
"H5","CHN","84","China","USA","United States",2019,"Gross Imp.",1,17534314.371
"H5","CHN","84","China","USA","United States",2020,"Gross Exp.",2,95228640.014
"H5","CHN","84","China","USA","United States",2020,"Gross Imp.",1,16978664.708
"H5","CHN","84","China","USA","United States",2021,"Gross Exp.",2,113448606.012
"H5","CHN","84","China","USA","United States",2021,"Gross Imp.",1,19675378.28
"H5","CHN","84","China","WLD"," World",2017,"Gross Exp.",2,383243543.186
"H5","CHN","84","China","WLD"," World",2017,"Gross Imp.",1,169532408.468
"H5","CHN","84","China","WLD"," World",2018,"Gross Exp.",2,429308923.605
"H5","CHN","84","China","WLD"," World",2018,"Gross Imp.",1,202191235.432
"H5","CHN","84","China","WLD"," World",2019,"Gross Exp.",2,416636764.528
"H5","CHN","84","China","WLD"," World",2019,"Gross Imp.",1,190400422.278
"H5","CHN","84","China","WLD"," World",2020,"Gross Exp.",2,440020920.057
"H5","CHN","84","China","WLD"," World",2020,"Gross Imp.",1,192047118.444
"H5","CHN","84","China","WLD"," World",2021,"Gross Exp.",2,544333917.026
"H5","CHN","84","China","WLD"," World",2021,"Gross Imp.",1,230992415.07
"H5","CHN","85","China","CHN","China",2017,"Gross Imp.",1,88971064.059
"H5","CHN","85","China","CHN","China",2018,"Gross Imp.",1,99712505.21
"H5","CHN","85","China","CHN","China",2019,"Gross Imp.",1,90082096.644
"H5","CHN","85","China","CHN","China",2020,"Gross Imp.",1,88627366.096
"H5","CHN","85","China","CHN","China",2021,"Gross Imp.",1,112787732.959
"H5","CHN","85","China","USA","United States",2017,"Gross Exp.",2,106971557.524
"H5","CHN","85","China","USA","United States",2017,"Gross Imp.",1,17388390.847
"H5","CHN","85","China","USA","United States",2018,"Gross Exp.",2,119471608.645
"H5","CHN","85","China","USA","United States",2018,"Gross Imp.",1,19725089.764
"H5","CHN","85","China","USA","United States",2019,"Gross Exp.",2,106207723.562
"H5","CHN","85","China","USA","United States",2019,"Gross Imp.",1,20232325.157
"H5","CHN","85","China","USA","United States",2020,"Gross Exp.",2,111623599.521
"H5","CHN","85","China","USA","United States",2020,"Gross Imp.",1,20929275.259
"H5","CHN","85","China","USA","United States",2021,"Gross Exp.",2,133080025.539
"H5","CHN","85","China","USA","United States",2021,"Gross Imp.",1,22492021.688
"H5","CHN","85","China","WLD"," World",2017,"Gross Exp.",2,598325186.484
"H5","CHN","85","China","WLD"," World",2017,"Gross Imp.",1,457922455.873
"H5","CHN","85","China","WLD"," World",2018,"Gross Exp.",2,664051842.988
"H5","CHN","85","China","WLD"," World",2018,"Gross Imp.",1,521631590.196
"H5","CHN","85","China","WLD"," World",2019,"Gross Exp.",2,670448477.97
"H5","CHN","85","China","WLD"," World",2019,"Gross Imp.",1,497419966.768
"H5","CHN","85","China","WLD"," World",2020,"Gross Exp.",2,709932703.748
"H5","CHN","85","China","WLD"," World",2020,"Gross Imp.",1,548420355.699
"H5","CHN","85","China","WLD"," World",2021,"Gross Exp.",2,890226492.067
"H5","CHN","85","China","WLD"," World",2021,"Gross Imp.",1,665992040.487
"H5","CHN","86","China","CHN","China",2017,"Gross Imp.",1,4799.733
"H5","CHN","86","China","CHN","China",2018,"Gross Imp.",1,4659.044
"H5","CHN","86","China","CHN","China",2019,"Gross Imp.",1,7799.789
"H5","CHN","86","China","CHN","China",2020,"Gross Imp.",1,12962.508
"H5","CHN","86","China","CHN","China",2021,"Gross Imp.",1,32673.684
"H5","CHN","86","China","USA","United States",2017,"Gross Exp.",2,3185704.896
"H5","CHN","86","China","USA","United States",2017,"Gross Imp.",1,37843.443
"H5","CHN","86","China","USA","United States",2018,"Gross Exp.",2,3603720.092
"H5","CHN","86","China","USA","United States",2018,"Gross Imp.",1,37734.039
"H5","CHN","86","China","USA","United States",2019,"Gross Exp.",2,1747016.888
"H5","CHN","86","China","USA","United States",2019,"Gross Imp.",1,35876.57
"H5","CHN","86","China","USA","United States",2020,"Gross Exp.",2,2414520.879
"H5","CHN","86","China","USA","United States",2020,"Gross Imp.",1,19255.875
"H5","CHN","86","China","USA","United States",2021,"Gross Exp.",2,5962092.876
"H5","CHN","86","China","USA","United States",2021,"Gross Imp.",1,45183.912
"H5","CHN","86","China","WLD"," World",2017,"Gross Exp.",2,10945586.298
"H5","CHN","86","China","WLD"," World",2017,"Gross Imp.",1,762788.31
"H5","CHN","86","China","WLD"," World",2018,"Gross Exp.",2,13272505.055
"H5","CHN","86","China","WLD"," World",2018,"Gross Imp.",1,792958.66
"H5","CHN","86","China","WLD"," World",2019,"Gross Exp.",2,9131684.176
"H5","CHN","86","China","WLD"," World",2019,"Gross Imp.",1,715240.028
"H5","CHN","86","China","WLD"," World",2020,"Gross Exp.",2,9787017.454
"H5","CHN","86","China","WLD"," World",2020,"Gross Imp.",1,717116.902
"H5","CHN","86","China","WLD"," World",2021,"Gross Exp.",2,26081411.683
"H5","CHN","86","China","WLD"," World",2021,"Gross Imp.",1,586977.165
"H5","CHN","87","China","CHN","China",2017,"Gross Imp.",1,105281.055
"H5","CHN","87","China","CHN","China",2018,"Gross Imp.",1,112874.542
"H5","CHN","87","China","CHN","China",2019,"Gross Imp.",1,138960.179
"H5","CHN","87","China","CHN","China",2020,"Gross Imp.",1,236989.818
"H5","CHN","87","China","CHN","China",2021,"Gross Imp.",1,296356.558
"H5","CHN","87","China","USA","United States",2017,"Gross Exp.",2,15134190.102
"H5","CHN","87","China","USA","United States",2017,"Gross Imp.",1,15094174.396
"H5","CHN","87","China","USA","United States",2018,"Gross Exp.",2,18079161.808
"H5","CHN","87","China","USA","United States",2018,"Gross Imp.",1,12624046.952
"H5","CHN","87","China","USA","United States",2019,"Gross Exp.",2,14311378.862
"H5","CHN","87","China","USA","United States",2019,"Gross Imp.",1,10684021.734
"H5","CHN","87","China","USA","United States",2020,"Gross Exp.",2,14032265.072
"H5","CHN","87","China","USA","United States",2020,"Gross Imp.",1,10887718.089
"H5","CHN","87","China","USA","United States",2021,"Gross Exp.",2,19048843.881
"H5","CHN","87","China","USA","United States",2021,"Gross Imp.",1,13837294.162
"H5","CHN","87","China","WLD"," World",2017,"Gross Exp.",2,67263139.542
"H5","CHN","87","China","WLD"," World",2017,"Gross Imp.",1,79245672.137
"H5","CHN","87","China","WLD"," World",2018,"Gross Exp.",2,75073448.127
"H5","CHN","87","China","WLD"," World",2018,"Gross Imp.",1,81519614.884
"H5","CHN","87","China","WLD"," World",2019,"Gross Exp.",2,74305755.66
"H5","CHN","87","China","WLD"," World",2019,"Gross Imp.",1,75137221.974
"H5","CHN","87","China","WLD"," World",2020,"Gross Exp.",2,76223937.652
"H5","CHN","87","China","WLD"," World",2020,"Gross Imp.",1,73985238.048
"H5","CHN","87","China","WLD"," World",2021,"Gross Exp.",2,119339096.936
"H5","CHN","87","China","WLD"," World",2021,"Gross Imp.",1,86382418.522
"H5","CHN","88","China","CHN","China",2017,"Gross Imp.",1,20900.551
"H5","CHN","88","China","CHN","China",2018,"Gross Imp.",1,7962.626
"H5","CHN","88","China","CHN","China",2019,"Gross Imp.",1,8032.317
"H5","CHN","88","China","CHN","China",2020,"Gross Imp.",1,12143.947
"H5","CHN","88","China","CHN","China",2021,"Gross Imp.",1,53723.157
"H5","CHN","88","China","USA","United States",2017,"Gross Exp.",2,1258913.218
"H5","CHN","88","China","USA","United States",2017,"Gross Imp.",1,14063361.579
"H5","CHN","88","China","USA","United States",2018,"Gross Exp.",2,1173019.173
"H5","CHN","88","China","USA","United States",2018,"Gross Imp.",1,16498662.428
"H5","CHN","88","China","USA","United States",2019,"Gross Exp.",2,1161665.204
"H5","CHN","88","China","USA","United States",2019,"Gross Imp.",1,7128029.186
"H5","CHN","88","China","USA","United States",2020,"Gross Exp.",2,460690.204
"H5","CHN","88","China","USA","United States",2020,"Gross Imp.",1,2742512.656
"H5","CHN","88","China","USA","United States",2021,"Gross Exp.",2,559849.215
"H5","CHN","88","China","USA","United States",2021,"Gross Imp.",1,2180245.898
"H5","CHN","88","China","WLD"," World",2017,"Gross Exp.",2,3667043.101
"H5","CHN","88","China","WLD"," World",2017,"Gross Imp.",1,25493484.213
"H5","CHN","88","China","WLD"," World",2018,"Gross Exp.",2,4526293.192
"H5","CHN","88","China","WLD"," World",2018,"Gross Imp.",1,30541058.766
"H5","CHN","88","China","WLD"," World",2019,"Gross Exp.",2,3901147.2
"H5","CHN","88","China","WLD"," World",2019,"Gross Imp.",1,19332821.303
"H5","CHN","88","China","WLD"," World",2020,"Gross Exp.",2,2457461.078
"H5","CHN","88","China","WLD"," World",2020,"Gross Imp.",1,9400923.825
"H5","CHN","88","China","WLD"," World",2021,"Gross Exp.",2,2432242.944
"H5","CHN","88","China","WLD"," World",2021,"Gross Imp.",1,11488338.765
"H5","CHN","89","China","CHN","China",2017,"Gross Imp.",1,445268.129
"H5","CHN","89","China","CHN","China",2018,"Gross Imp.",1,957874.851
"H5","CHN","89","China","CHN","China",2019,"Gross Imp.",1,1444645.581
"H5","CHN","89","China","CHN","China",2020,"Gross Imp.",1,1585482.36
"H5","CHN","89","China","CHN","China",2021,"Gross Imp.",1,1728982.36
"H5","CHN","89","China","USA","United States",2017,"Gross Exp.",2,120102.374
"H5","CHN","89","China","USA","United States",2017,"Gross Imp.",1,35803.141
"H5","CHN","89","China","USA","United States",2018,"Gross Exp.",2,163031.186
"H5","CHN","89","China","USA","United States",2018,"Gross Imp.",1,24091.365
"H5","CHN","89","China","USA","United States",2019,"Gross Exp.",2,200913.815
"H5","CHN","89","China","USA","United States",2019,"Gross Imp.",1,12661.84
"H5","CHN","89","China","USA","United States",2020,"Gross Exp.",2,171491.447
"H5","CHN","89","China","USA","United States",2020,"Gross Imp.",1,10867.434
"H5","CHN","89","China","USA","United States",2021,"Gross Exp.",2,225354.186
"H5","CHN","89","China","USA","United States",2021,"Gross Imp.",1,29260.668
"H5","CHN","89","China","WLD"," World",2017,"Gross Exp.",2,22933147.508
"H5","CHN","89","China","WLD"," World",2017,"Gross Imp.",1,1765833.226
"H5","CHN","89","China","WLD"," World",2018,"Gross Exp.",2,25135986.351
"H5","CHN","89","China","WLD"," World",2018,"Gross Imp.",1,2057043.431
"H5","CHN","89","China","WLD"," World",2019,"Gross Exp.",2,24500078.533
"H5","CHN","89","China","WLD"," World",2019,"Gross Imp.",1,2206083.59
"H5","CHN","89","China","WLD"," World",2020,"Gross Exp.",2,21740380.417
"H5","CHN","89","China","WLD"," World",2020,"Gross Imp.",1,2477359.797
"H5","CHN","89","China","WLD"," World",2021,"Gross Exp.",2,24158752.726
"H5","CHN","89","China","WLD"," World",2021,"Gross Imp.",1,3059925.403
"H5","CHN","90","China","CHN","China",2017,"Gross Imp.",1,9108142.463
"H5","CHN","90","China","CHN","China",2018,"Gross Imp.",1,8236715.569
"H5","CHN","90","China","CHN","China",2019,"Gross Imp.",1,7226454.648
"H5","CHN","90","China","CHN","China",2020,"Gross Imp.",1,7089382.009
"H5","CHN","90","China","CHN","China",2021,"Gross Imp.",1,6908203.005
"H5","CHN","90","China","USA","United States",2017,"Gross Exp.",2,9703686.466
"H5","CHN","90","China","USA","United States",2017,"Gross Imp.",1,11737990.651
"H5","CHN","90","China","USA","United States",2018,"Gross Exp.",2,10578495.853
"H5","CHN","90","China","USA","United States",2018,"Gross Imp.",1,13208905.855
"H5","CHN","90","China","USA","United States",2019,"Gross Exp.",2,9807346.124
"H5","CHN","90","China","USA","United States",2019,"Gross Imp.",1,12465629.627
"H5","CHN","90","China","USA","United States",2020,"Gross Exp.",2,10990869.887
"H5","CHN","90","China","USA","United States",2020,"Gross Imp.",1,12027328.174
"H5","CHN","90","China","USA","United States",2021,"Gross Exp.",2,13232949.675
"H5","CHN","90","China","USA","United States",2021,"Gross Imp.",1,13248835.167
"H5","CHN","90","China","WLD"," World",2017,"Gross Exp.",2,70615802.739
"H5","CHN","90","China","WLD"," World",2017,"Gross Imp.",1,97468605.433
"H5","CHN","90","China","WLD"," World",2018,"Gross Exp.",2,71471564.7
"H5","CHN","90","China","WLD"," World",2018,"Gross Imp.",1,102626058.041
"H5","CHN","90","China","WLD"," World",2019,"Gross Exp.",2,72938834.846
"H5","CHN","90","China","WLD"," World",2019,"Gross Imp.",1,98708866.323
"H5","CHN","90","China","WLD"," World",2020,"Gross Exp.",2,80226837.137
"H5","CHN","90","China","WLD"," World",2020,"Gross Imp.",1,99066911.025
"H5","CHN","90","China","WLD"," World",2021,"Gross Exp.",2,96556398.633
"H5","CHN","90","China","WLD"," World",2021,"Gross Imp.",1,108558100.625
"H5","CHN","91","China","CHN","China",2017,"Gross Imp.",1,749252.712
"H5","CHN","91","China","CHN","China",2018,"Gross Imp.",1,763993.476
"H5","CHN","91","China","CHN","China",2019,"Gross Imp.",1,807961.252
"H5","CHN","91","China","CHN","China",2020,"Gross Imp.",1,533665.572
"H5","CHN","91","China","CHN","China",2021,"Gross Imp.",1,605562.615
"H5","CHN","91","China","USA","United States",2017,"Gross Exp.",2,488885.177
"H5","CHN","91","China","USA","United States",2017,"Gross Imp.",1,2725.306
"H5","CHN","91","China","USA","United States",2018,"Gross Exp.",2,496394.191
"H5","CHN","91","China","USA","United States",2018,"Gross Imp.",1,11982.025
"H5","CHN","91","China","USA","United States",2019,"Gross Exp.",2,519725.508
"H5","CHN","91","China","USA","United States",2019,"Gross Imp.",1,14659.785
"H5","CHN","91","China","USA","United States",2020,"Gross Exp.",2,449509.009
"H5","CHN","91","China","USA","United States",2020,"Gross Imp.",1,12409.588
"H5","CHN","91","China","USA","United States",2021,"Gross Exp.",2,521155.879
"H5","CHN","91","China","USA","United States",2021,"Gross Imp.",1,11298.703
"H5","CHN","91","China","WLD"," World",2017,"Gross Exp.",2,4655416.37
"H5","CHN","91","China","WLD"," World",2017,"Gross Imp.",1,3327457.565
"H5","CHN","91","China","WLD"," World",2018,"Gross Exp.",2,4650219.468
"H5","CHN","91","China","WLD"," World",2018,"Gross Imp.",1,3790747.148
"H5","CHN","91","China","WLD"," World",2019,"Gross Exp.",2,4928681.78
"H5","CHN","91","China","WLD"," World",2019,"Gross Imp.",1,4114413.492
"H5","CHN","91","China","WLD"," World",2020,"Gross Exp.",2,3632618.909
"H5","CHN","91","China","WLD"," World",2020,"Gross Imp.",1,4468953.533
"H5","CHN","91","China","WLD"," World",2021,"Gross Exp.",2,4577899.323
"H5","CHN","91","China","WLD"," World",2021,"Gross Imp.",1,5751495.143
"H5","CHN","92","China","CHN","China",2017,"Gross Imp.",1,9652.226
"H5","CHN","92","China","CHN","China",2018,"Gross Imp.",1,8074.179
"H5","CHN","92","China","CHN","China",2019,"Gross Imp.",1,6610.072
"H5","CHN","92","China","CHN","China",2020,"Gross Imp.",1,5056.751
"H5","CHN","92","China","CHN","China",2021,"Gross Imp.",1,6192.384
"H5","CHN","92","China","USA","United States",2017,"Gross Exp.",2,479152.391
"H5","CHN","92","China","USA","United States",2017,"Gross Imp.",1,24019.306
"H5","CHN","92","China","USA","United States",2018,"Gross Exp.",2,495167.987
"H5","CHN","92","China","USA","United States",2018,"Gross Imp.",1,25656.828
"H5","CHN","92","China","USA","United States",2019,"Gross Exp.",2,506397.999
"H5","CHN","92","China","USA","United States",2019,"Gross Imp.",1,25577.079
"H5","CHN","92","China","USA","United States",2020,"Gross Exp.",2,534021.268
"H5","CHN","92","China","USA","United States",2020,"Gross Imp.",1,22786.808
"H5","CHN","92","China","USA","United States",2021,"Gross Exp.",2,674726.687
"H5","CHN","92","China","USA","United States",2021,"Gross Imp.",1,34569.341
"H5","CHN","92","China","WLD"," World",2017,"Gross Exp.",2,1548400.498
"H5","CHN","92","China","WLD"," World",2017,"Gross Imp.",1,403360.661
"H5","CHN","92","China","WLD"," World",2018,"Gross Exp.",2,1629930.234
"H5","CHN","92","China","WLD"," World",2018,"Gross Imp.",1,488204.363
"H5","CHN","92","China","WLD"," World",2019,"Gross Exp.",2,1739135.856
"H5","CHN","92","China","WLD"," World",2019,"Gross Imp.",1,528476.298
"H5","CHN","92","China","WLD"," World",2020,"Gross Exp.",2,1883798.839
"H5","CHN","92","China","WLD"," World",2020,"Gross Imp.",1,443733.421
"H5","CHN","92","China","WLD"," World",2021,"Gross Exp.",2,2283585.581
"H5","CHN","92","China","WLD"," World",2021,"Gross Imp.",1,571284.275
"H5","CHN","93","China","CHN","China",2017,"Gross Imp.",1,60.769
"H5","CHN","93","China","CHN","China",2018,"Gross Imp.",1,24.949
"H5","CHN","93","China","CHN","China",2019,"Gross Imp.",1,100.533
"H5","CHN","93","China","CHN","China",2020,"Gross Imp.",1,15.042
"H5","CHN","93","China","CHN","China",2021,"Gross Imp.",1,19.828
"H5","CHN","93","China","USA","United States",2017,"Gross Exp.",2,82021.114
"H5","CHN","93","China","USA","United States",2017,"Gross Imp.",1,1357.022
"H5","CHN","93","China","USA","United States",2018,"Gross Exp.",2,97750.18
"H5","CHN","93","China","USA","United States",2018,"Gross Imp.",1,814.517
"H5","CHN","93","China","USA","United States",2019,"Gross Exp.",2,82577.989
"H5","CHN","93","China","USA","United States",2019,"Gross Imp.",1,455.656
"H5","CHN","93","China","USA","United States",2020,"Gross Exp.",2,118548.058
"H5","CHN","93","China","USA","United States",2020,"Gross Imp.",1,290.369
"H5","CHN","93","China","USA","United States",2021,"Gross Exp.",2,214710.311
"H5","CHN","93","China","USA","United States",2021,"Gross Imp.",1,309.894
"H5","CHN","93","China","WLD"," World",2017,"Gross Exp.",2,132688.751
"H5","CHN","93","China","WLD"," World",2017,"Gross Imp.",1,7072.914
"H5","CHN","93","China","WLD"," World",2018,"Gross Exp.",2,166159.622
"H5","CHN","93","China","WLD"," World",2018,"Gross Imp.",1,8448.96
"H5","CHN","93","China","WLD"," World",2019,"Gross Exp.",2,142342.413
"H5","CHN","93","China","WLD"," World",2019,"Gross Imp.",1,10250.449
"H5","CHN","93","China","WLD"," World",2020,"Gross Exp.",2,184572.898
"H5","CHN","93","China","WLD"," World",2020,"Gross Imp.",1,10554.848
"H5","CHN","93","China","WLD"," World",2021,"Gross Exp.",2,313773.805
"H5","CHN","93","China","WLD"," World",2021,"Gross Imp.",1,7602.383
"H5","CHN","94","China","CHN","China",2017,"Gross Imp.",1,152942.549
"H5","CHN","94","China","CHN","China",2018,"Gross Imp.",1,146120.4
"H5","CHN","94","China","CHN","China",2019,"Gross Imp.",1,137479.507
"H5","CHN","94","China","CHN","China",2020,"Gross Imp.",1,131933.934
"H5","CHN","94","China","CHN","China",2021,"Gross Imp.",1,118367.693
"H5","CHN","94","China","USA","United States",2017,"Gross Exp.",2,29253950.65
"H5","CHN","94","China","USA","United States",2017,"Gross Imp.",1,271776.269
"H5","CHN","94","China","USA","United States",2018,"Gross Exp.",2,33309416.607
"H5","CHN","94","China","USA","United States",2018,"Gross Imp.",1,336092.196
"H5","CHN","94","China","USA","United States",2019,"Gross Exp.",2,27605843.794
"H5","CHN","94","China","USA","United States",2019,"Gross Imp.",1,259139.938
"H5","CHN","94","China","USA","United States",2020,"Gross Exp.",2,29523207.423
"H5","CHN","94","China","USA","United States",2020,"Gross Imp.",1,175614.473
"H5","CHN","94","China","USA","United States",2021,"Gross Exp.",2,38096113.063
"H5","CHN","94","China","USA","United States",2021,"Gross Imp.",1,181777.799
"H5","CHN","94","China","WLD"," World",2017,"Gross Exp.",2,88973112.865
"H5","CHN","94","China","WLD"," World",2017,"Gross Imp.",1,3700688.801
"H5","CHN","94","China","WLD"," World",2018,"Gross Exp.",2,95446591.613
"H5","CHN","94","China","WLD"," World",2018,"Gross Imp.",1,3968843.16
"H5","CHN","94","China","WLD"," World",2019,"Gross Exp.",2,99063088.07
"H5","CHN","94","China","WLD"," World",2019,"Gross Imp.",1,3522346.682
"H5","CHN","94","China","WLD"," World",2020,"Gross Exp.",2,109366914.538
"H5","CHN","94","China","WLD"," World",2020,"Gross Imp.",1,2900282.81
"H5","CHN","94","China","WLD"," World",2021,"Gross Exp.",2,134550338.07
"H5","CHN","94","China","WLD"," World",2021,"Gross Imp.",1,3168739.13
"H5","CHN","95","China","CHN","China",2017,"Gross Imp.",1,595588.458
"H5","CHN","95","China","CHN","China",2018,"Gross Imp.",1,552566.011
"H5","CHN","95","China","CHN","China",2019,"Gross Imp.",1,649330.451
"H5","CHN","95","China","CHN","China",2020,"Gross Imp.",1,645157.905
"H5","CHN","95","China","CHN","China",2021,"Gross Imp.",1,901323.046
"H5","CHN","95","China","USA","United States",2017,"Gross Exp.",2,18617373.545
"H5","CHN","95","China","USA","United States",2017,"Gross Imp.",1,170370.77
"H5","CHN","95","China","USA","United States",2018,"Gross Exp.",2,19390656.112
"H5","CHN","95","China","USA","United States",2018,"Gross Imp.",1,188838.69
"H5","CHN","95","China","USA","United States",2019,"Gross Exp.",2,19064375.59
"H5","CHN","95","China","USA","United States",2019,"Gross Imp.",1,205344.682
"H5","CHN","95","China","USA","United States",2020,"Gross Exp.",2,23290711.818
"H5","CHN","95","China","USA","United States",2020,"Gross Imp.",1,181658.316
"H5","CHN","95","China","USA","United States",2021,"Gross Exp.",2,35458716.364
"H5","CHN","95","China","USA","United States",2021,"Gross Imp.",1,132126.209
"H5","CHN","95","China","WLD"," World",2017,"Gross Exp.",2,54593035.075
"H5","CHN","95","China","WLD"," World",2017,"Gross Imp.",1,2030334.575
"H5","CHN","95","China","WLD"," World",2018,"Gross Exp.",2,56072482.356
"H5","CHN","95","China","WLD"," World",2018,"Gross Imp.",1,2108906.431
"H5","CHN","95","China","WLD"," World",2019,"Gross Exp.",2,62444706.673
"H5","CHN","95","China","WLD"," World",2019,"Gross Imp.",1,2527927.039
"H5","CHN","95","China","WLD"," World",2020,"Gross Exp.",2,71523830.964
"H5","CHN","95","China","WLD"," World",2020,"Gross Imp.",1,2304580.116
"H5","CHN","95","China","WLD"," World",2021,"Gross Exp.",2,97507551.576
"H5","CHN","95","China","WLD"," World",2021,"Gross Imp.",1,2985459.908
"H5","CHN","96","China","CHN","China",2017,"Gross Imp.",1,156406.206
"H5","CHN","96","China","CHN","China",2018,"Gross Imp.",1,171741.113
"H5","CHN","96","China","CHN","China",2019,"Gross Imp.",1,156445.272
"H5","CHN","96","China","CHN","China",2020,"Gross Imp.",1,120745.369
"H5","CHN","96","China","CHN","China",2021,"Gross Imp.",1,150266.405
"H5","CHN","96","China","USA","United States",2017,"Gross Exp.",2,3239211.817
"H5","CHN","96","China","USA","United States",2017,"Gross Imp.",1,95210.485
"H5","CHN","96","China","USA","United States",2018,"Gross Exp.",2,3718565.216
"H5","CHN","96","China","USA","United States",2018,"Gross Imp.",1,103611.02
"H5","CHN","96","China","USA","United States",2019,"Gross Exp.",2,3979684.084
"H5","CHN","96","China","USA","United States",2019,"Gross Imp.",1,104345.9
"H5","CHN","96","China","USA","United States",2020,"Gross Exp.",2,4283480.522
"H5","CHN","96","China","USA","United States",2020,"Gross Imp.",1,100147.004
"H5","CHN","96","China","USA","United States",2021,"Gross Exp.",2,5396362.601
"H5","CHN","96","China","USA","United States",2021,"Gross Imp.",1,100089.061
"H5","CHN","96","China","WLD"," World",2017,"Gross Exp.",2,15592034.542
"H5","CHN","96","China","WLD"," World",2017,"Gross Imp.",1,2633976.198
"H5","CHN","96","China","WLD"," World",2018,"Gross Exp.",2,16442581.628
"H5","CHN","96","China","WLD"," World",2018,"Gross Imp.",1,2591564.083
"H5","CHN","96","China","WLD"," World",2019,"Gross Exp.",2,17956103.808
"H5","CHN","96","China","WLD"," World",2019,"Gross Imp.",1,2360410.792
"H5","CHN","96","China","WLD"," World",2020,"Gross Exp.",2,18459148.173
"H5","CHN","96","China","WLD"," World",2020,"Gross Imp.",1,1898933.691
"H5","CHN","96","China","WLD"," World",2021,"Gross Exp.",2,22771975.608
"H5","CHN","96","China","WLD"," World",2021,"Gross Imp.",1,2047025.723
"H5","CHN","97","China","CHN","China",2017,"Gross Imp.",1,19266.404
"H5","CHN","97","China","CHN","China",2018,"Gross Imp.",1,59356.577
"H5","CHN","97","China","CHN","China",2019,"Gross Imp.",1,528861.329
"H5","CHN","97","China","CHN","China",2020,"Gross Imp.",1,381438.943
"H5","CHN","97","China","CHN","China",2021,"Gross Imp.",1,903230.959
"H5","CHN","97","China","USA","United States",2017,"Gross Exp.",2,39664.878
"H5","CHN","97","China","USA","United States",2017,"Gross Imp.",1,10658.426
"H5","CHN","97","China","USA","United States",2018,"Gross Exp.",2,70877.232
"H5","CHN","97","China","USA","United States",2018,"Gross Imp.",1,26946.406
"H5","CHN","97","China","USA","United States",2019,"Gross Exp.",2,76222.448
"H5","CHN","97","China","USA","United States",2019,"Gross Imp.",1,63404.519
"H5","CHN","97","China","USA","United States",2020,"Gross Exp.",2,68450.902
"H5","CHN","97","China","USA","United States",2020,"Gross Imp.",1,45391.526
"H5","CHN","97","China","USA","United States",2021,"Gross Exp.",2,102058.404
"H5","CHN","97","China","USA","United States",2021,"Gross Imp.",1,533724.557
"H5","CHN","97","China","WLD"," World",2017,"Gross Exp.",2,128227.925
"H5","CHN","97","China","WLD"," World",2017,"Gross Imp.",1,76640
"H5","CHN","97","China","WLD"," World",2018,"Gross Exp.",2,188030.711
"H5","CHN","97","China","WLD"," World",2018,"Gross Imp.",1,173437.281
"H5","CHN","97","China","WLD"," World",2019,"Gross Exp.",2,743086.09
"H5","CHN","97","China","WLD"," World",2019,"Gross Imp.",1,840516.965
"H5","CHN","97","China","WLD"," World",2020,"Gross Exp.",2,684217.169
"H5","CHN","97","China","WLD"," World",2020,"Gross Imp.",1,669275.419
"H5","CHN","97","China","WLD"," World",2021,"Gross Exp.",2,2305208.524
"H5","CHN","97","China","WLD"," World",2021,"Gross Imp.",1,2455065.471
"H5","CHN","99","China","CHN","China",2017,"Gross Imp.",1,168369.616
"H5","CHN","99","China","CHN","China",2018,"Gross Imp.",1,89403.395
"H5","CHN","99","China","CHN","China",2019,"Gross Imp.",1,60654.001
"H5","CHN","99","China","CHN","China",2020,"Gross Imp.",1,67680.695
"H5","CHN","99","China","CHN","China",2021,"Gross Imp.",1,128159.87
"H5","CHN","99","China","USA","United States",2017,"Gross Exp.",2,1326057.828
"H5","CHN","99","China","USA","United States",2017,"Gross Imp.",1,744754.9
"H5","CHN","99","China","USA","United States",2018,"Gross Exp.",2,1404869.022
"H5","CHN","99","China","USA","United States",2018,"Gross Imp.",1,376791.602
"H5","CHN","99","China","USA","United States",2019,"Gross Exp.",2,3837098.871
"H5","CHN","99","China","USA","United States",2019,"Gross Imp.",1,641999.347
"H5","CHN","99","China","USA","United States",2020,"Gross Exp.",2,5746498.559
"H5","CHN","99","China","USA","United States",2020,"Gross Imp.",1,604683.415
"H5","CHN","99","China","USA","United States",2021,"Gross Exp.",2,8746058.364
"H5","CHN","99","China","USA","United States",2021,"Gross Imp.",1,717614.631
"H5","CHN","99","China","WLD"," World",2017,"Gross Exp.",2,5285018.619
"H5","CHN","99","China","WLD"," World",2017,"Gross Imp.",1,14685080.24
"H5","CHN","99","China","WLD"," World",2018,"Gross Exp.",2,5076731.126
"H5","CHN","99","China","WLD"," World",2018,"Gross Imp.",1,13335402.847
"H5","CHN","99","China","WLD"," World",2019,"Gross Exp.",2,17066395.159
"H5","CHN","99","China","WLD"," World",2019,"Gross Imp.",1,14911816.984
"H5","CHN","99","China","WLD"," World",2020,"Gross Exp.",2,24996277.382
"H5","CHN","99","China","WLD"," World",2020,"Gross Imp.",1,10906754.656
"H5","CHN","99","China","WLD"," World",2021,"Gross Exp.",2,37230802.994
"H5","CHN","99","China","WLD"," World",2021,"Gross Imp.",1,13131254.024
"H5","USA","01","United States","CHN","China",2017,"Gross Exp.",2,16726.515
"H5","USA","01","United States","CHN","China",2017,"Gross Imp.",1,36327.64
"H5","USA","01","United States","CHN","China",2018,"Gross Exp.",2,14590.026
"H5","USA","01","United States","CHN","China",2018,"Gross Imp.",1,46352.348
"H5","USA","01","United States","CHN","China",2019,"Gross Exp.",2,27899.236
"H5","USA","01","United States","CHN","China",2019,"Gross Imp.",1,37690.937
"H5","USA","01","United States","CHN","China",2020,"Gross Exp.",2,19671.156
"H5","USA","01","United States","CHN","China",2020,"Gross Imp.",1,3113.059
"H5","USA","01","United States","CHN","China",2021,"Gross Exp.",2,48655.66
"H5","USA","01","United States","CHN","China",2021,"Gross Imp.",1,4811.968
"H5","USA","01","United States","WLD"," World",2017,"Gross Exp.",2,1007292.289
"H5","USA","01","United States","WLD"," World",2017,"Gross Imp.",1,2845110.677
"H5","USA","01","United States","WLD"," World",2018,"Gross Exp.",2,1106278.842
"H5","USA","01","United States","WLD"," World",2018,"Gross Imp.",1,2783132.644
"H5","USA","01","United States","WLD"," World",2019,"Gross Exp.",2,1053281.466
"H5","USA","01","United States","WLD"," World",2019,"Gross Imp.",1,3047602.381
"H5","USA","01","United States","WLD"," World",2020,"Gross Exp.",2,963916.589
"H5","USA","01","United States","WLD"," World",2020,"Gross Imp.",1,2960871.121
"H5","USA","01","United States","WLD"," World",2021,"Gross Exp.",2,1277562.197
"H5","USA","01","United States","WLD"," World",2021,"Gross Imp.",1,3353883.591
"H5","USA","02","United States","CHN","China",2017,"Gross Exp.",2,521899.634
"H5","USA","02","United States","CHN","China",2017,"Gross Imp.",1,16583.287
"H5","USA","02","United States","CHN","China",2018,"Gross Exp.",2,391174.508
"H5","USA","02","United States","CHN","China",2018,"Gross Imp.",1,16932.695
"H5","USA","02","United States","CHN","China",2019,"Gross Exp.",2,1186678.925
"H5","USA","02","United States","CHN","China",2019,"Gross Imp.",1,9796.219
"H5","USA","02","United States","CHN","China",2020,"Gross Exp.",2,3149611.012
"H5","USA","02","United States","CHN","China",2020,"Gross Imp.",1,8347.027
"H5","USA","02","United States","CHN","China",2021,"Gross Exp.",2,3981645.396
"H5","USA","02","United States","CHN","China",2021,"Gross Imp.",1,9395.457
"H5","USA","02","United States","WLD"," World",2017,"Gross Exp.",2,16398539.165
"H5","USA","02","United States","WLD"," World",2017,"Gross Imp.",1,8203505.526
"H5","USA","02","United States","WLD"," World",2018,"Gross Exp.",2,17268855.56
"H5","USA","02","United States","WLD"," World",2018,"Gross Imp.",1,8427160.832
"H5","USA","02","United States","WLD"," World",2019,"Gross Exp.",2,17661593.444
"H5","USA","02","United States","WLD"," World",2019,"Gross Imp.",1,8764365.118
"H5","USA","02","United States","WLD"," World",2020,"Gross Exp.",2,18165205.474
"H5","USA","02","United States","WLD"," World",2020,"Gross Imp.",1,9455097.419
"H5","USA","02","United States","WLD"," World",2021,"Gross Exp.",2,22205464.794
"H5","USA","02","United States","WLD"," World",2021,"Gross Imp.",1,11995695.705
"H5","USA","03","United States","CHN","China",2017,"Gross Exp.",2,1235726.422
"H5","USA","03","United States","CHN","China",2017,"Gross Imp.",1,2025938.616
"H5","USA","03","United States","CHN","China",2018,"Gross Exp.",2,1064712.053
"H5","USA","03","United States","CHN","China",2018,"Gross Imp.",1,2101476.6
"H5","USA","03","United States","CHN","China",2019,"Gross Exp.",2,861291.809
"H5","USA","03","United States","CHN","China",2019,"Gross Imp.",1,1554253.752
"H5","USA","03","United States","CHN","China",2020,"Gross Exp.",2,696987.374
"H5","USA","03","United States","CHN","China",2020,"Gross Imp.",1,1431244.024
"H5","USA","03","United States","CHN","China",2021,"Gross Exp.",2,777398.595
"H5","USA","03","United States","CHN","China",2021,"Gross Imp.",1,1468545.303
"H5","USA","03","United States","WLD"," World",2017,"Gross Exp.",2,5392679.147
"H5","USA","03","United States","WLD"," World",2017,"Gross Imp.",1,17901328.287
"H5","USA","03","United States","WLD"," World",2018,"Gross Exp.",2,5252381.408
"H5","USA","03","United States","WLD"," World",2018,"Gross Imp.",1,18516223.156
"H5","USA","03","United States","WLD"," World",2019,"Gross Exp.",2,4878738.063
"H5","USA","03","United States","WLD"," World",2019,"Gross Imp.",1,18501028.398
"H5","USA","03","United States","WLD"," World",2020,"Gross Exp.",2,4007582.849
"H5","USA","03","United States","WLD"," World",2020,"Gross Imp.",1,17538349.771
"H5","USA","03","United States","WLD"," World",2021,"Gross Exp.",2,4861823.031
"H5","USA","03","United States","WLD"," World",2021,"Gross Imp.",1,23683287.74
"H5","USA","04","United States","CHN","China",2017,"Gross Exp.",2,407705.787
"H5","USA","04","United States","CHN","China",2017,"Gross Imp.",1,12813.592
"H5","USA","04","United States","CHN","China",2018,"Gross Exp.",2,314613.472
"H5","USA","04","United States","CHN","China",2018,"Gross Imp.",1,26021.029
"H5","USA","04","United States","CHN","China",2019,"Gross Exp.",2,188649.316
"H5","USA","04","United States","CHN","China",2019,"Gross Imp.",1,22984.226
"H5","USA","04","United States","CHN","China",2020,"Gross Exp.",2,329286.606
"H5","USA","04","United States","CHN","China",2020,"Gross Imp.",1,10787.504
"H5","USA","04","United States","CHN","China",2021,"Gross Exp.",2,491600.939
"H5","USA","04","United States","CHN","China",2021,"Gross Imp.",1,9176.994
"H5","USA","04","United States","WLD"," World",2017,"Gross Exp.",2,4476532.144
"H5","USA","04","United States","WLD"," World",2017,"Gross Imp.",1,2601547.958
"H5","USA","04","United States","WLD"," World",2018,"Gross Exp.",2,4620096.284
"H5","USA","04","United States","WLD"," World",2018,"Gross Imp.",1,2707049.764
"H5","USA","04","United States","WLD"," World",2019,"Gross Exp.",2,4968490.48
"H5","USA","04","United States","WLD"," World",2019,"Gross Imp.",1,2788670.323
"H5","USA","04","United States","WLD"," World",2020,"Gross Exp.",2,5428232.667
"H5","USA","04","United States","WLD"," World",2020,"Gross Imp.",1,2704773.889
"H5","USA","04","United States","WLD"," World",2021,"Gross Exp.",2,6528800.828
"H5","USA","04","United States","WLD"," World",2021,"Gross Imp.",1,3298344.177
"H5","USA","05","United States","CHN","China",2017,"Gross Exp.",2,267390.973
"H5","USA","05","United States","CHN","China",2017,"Gross Imp.",1,453688.881
"H5","USA","05","United States","CHN","China",2018,"Gross Exp.",2,317097.034
"H5","USA","05","United States","CHN","China",2018,"Gross Imp.",1,463002.095
"H5","USA","05","United States","CHN","China",2019,"Gross Exp.",2,295976.684
"H5","USA","05","United States","CHN","China",2019,"Gross Imp.",1,265362.178
"H5","USA","05","United States","CHN","China",2020,"Gross Exp.",2,286780.245
"H5","USA","05","United States","CHN","China",2020,"Gross Imp.",1,161644.438
"H5","USA","05","United States","CHN","China",2021,"Gross Exp.",2,318772.959
"H5","USA","05","United States","CHN","China",2021,"Gross Imp.",1,226297.895
"H5","USA","05","United States","WLD"," World",2017,"Gross Exp.",2,1150732.378
"H5","USA","05","United States","WLD"," World",2017,"Gross Imp.",1,1112500.054
"H5","USA","05","United States","WLD"," World",2018,"Gross Exp.",2,1302377.449
"H5","USA","05","United States","WLD"," World",2018,"Gross Imp.",1,1179711.487
"H5","USA","05","United States","WLD"," World",2019,"Gross Exp.",2,1302610.431
"H5","USA","05","United States","WLD"," World",2019,"Gross Imp.",1,1064785.61
"H5","USA","05","United States","WLD"," World",2020,"Gross Exp.",2,1149087.066
"H5","USA","05","United States","WLD"," World",2020,"Gross Imp.",1,989023.616
"H5","USA","05","United States","WLD"," World",2021,"Gross Exp.",2,1243700.11
"H5","USA","05","United States","WLD"," World",2021,"Gross Imp.",1,1192051.235
"H5","USA","06","United States","CHN","China",2017,"Gross Exp.",2,4476.338
"H5","USA","06","United States","CHN","China",2017,"Gross Imp.",1,57871.663
"H5","USA","06","United States","CHN","China",2018,"Gross Exp.",2,4578.705
"H5","USA","06","United States","CHN","China",2018,"Gross Imp.",1,76783.378
"H5","USA","06","United States","CHN","China",2019,"Gross Exp.",2,5416.79
"H5","USA","06","United States","CHN","China",2019,"Gross Imp.",1,78226.28
"H5","USA","06","United States","CHN","China",2020,"Gross Exp.",2,6104.603
"H5","USA","06","United States","CHN","China",2020,"Gross Imp.",1,71210.065
"H5","USA","06","United States","CHN","China",2021,"Gross Exp.",2,7187.325
"H5","USA","06","United States","CHN","China",2021,"Gross Imp.",1,111957.528
"H5","USA","06","United States","WLD"," World",2017,"Gross Exp.",2,447218.663
"H5","USA","06","United States","WLD"," World",2017,"Gross Imp.",1,2277650.397
"H5","USA","06","United States","WLD"," World",2018,"Gross Exp.",2,460216.41
"H5","USA","06","United States","WLD"," World",2018,"Gross Imp.",1,2435235.786
"H5","USA","06","United States","WLD"," World",2019,"Gross Exp.",2,456032.869
"H5","USA","06","United States","WLD"," World",2019,"Gross Imp.",1,2585839.73
"H5","USA","06","United States","WLD"," World",2020,"Gross Exp.",2,427537.765
"H5","USA","06","United States","WLD"," World",2020,"Gross Imp.",1,2560641.889
"H5","USA","06","United States","WLD"," World",2021,"Gross Exp.",2,518622.728
"H5","USA","06","United States","WLD"," World",2021,"Gross Imp.",1,3562677.662
"H5","USA","07","United States","CHN","China",2017,"Gross Exp.",2,47574.169
"H5","USA","07","United States","CHN","China",2017,"Gross Imp.",1,471596.602
"H5","USA","07","United States","CHN","China",2018,"Gross Exp.",2,33885.254
"H5","USA","07","United States","CHN","China",2018,"Gross Imp.",1,436964.122
"H5","USA","07","United States","CHN","China",2019,"Gross Exp.",2,31410.509
"H5","USA","07","United States","CHN","China",2019,"Gross Imp.",1,351886.824
"H5","USA","07","United States","CHN","China",2020,"Gross Exp.",2,80261.14
"H5","USA","07","United States","CHN","China",2020,"Gross Imp.",1,345532.077
"H5","USA","07","United States","CHN","China",2021,"Gross Exp.",2,45184.175
"H5","USA","07","United States","CHN","China",2021,"Gross Imp.",1,375060.004
"H5","USA","07","United States","WLD"," World",2017,"Gross Exp.",2,4785985.657
"H5","USA","07","United States","WLD"," World",2017,"Gross Imp.",1,10287827.032
"H5","USA","07","United States","WLD"," World",2018,"Gross Exp.",2,4504136.232
"H5","USA","07","United States","WLD"," World",2018,"Gross Imp.",1,10935876.086
"H5","USA","07","United States","WLD"," World",2019,"Gross Exp.",2,4685873.384
"H5","USA","07","United States","WLD"," World",2019,"Gross Imp.",1,11487648.815
"H5","USA","07","United States","WLD"," World",2020,"Gross Exp.",2,4833303.738
"H5","USA","07","United States","WLD"," World",2020,"Gross Imp.",1,12787129.748
"H5","USA","07","United States","WLD"," World",2021,"Gross Exp.",2,4912059.424
"H5","USA","07","United States","WLD"," World",2021,"Gross Imp.",1,13488094.814
"H5","USA","08","United States","CHN","China",2017,"Gross Exp.",2,489100.247
"H5","USA","08","United States","CHN","China",2017,"Gross Imp.",1,158642.845
"H5","USA","08","United States","CHN","China",2018,"Gross Exp.",2,450938.2
"H5","USA","08","United States","CHN","China",2018,"Gross Imp.",1,197901.145
"H5","USA","08","United States","CHN","China",2019,"Gross Exp.",2,728821.863
"H5","USA","08","United States","CHN","China",2019,"Gross Imp.",1,144726.595
"H5","USA","08","United States","CHN","China",2020,"Gross Exp.",2,838914.774
"H5","USA","08","United States","CHN","China",2020,"Gross Imp.",1,144567.564
"H5","USA","08","United States","CHN","China",2021,"Gross Exp.",2,1008010.921
"H5","USA","08","United States","CHN","China",2021,"Gross Imp.",1,160324.115
"H5","USA","08","United States","WLD"," World",2017,"Gross Exp.",2,14876929.501
"H5","USA","08","United States","WLD"," World",2017,"Gross Imp.",1,18097735.056
"H5","USA","08","United States","WLD"," World",2018,"Gross Exp.",2,14694470.156
"H5","USA","08","United States","WLD"," World",2018,"Gross Imp.",1,18911887.036
"H5","USA","08","United States","WLD"," World",2019,"Gross Exp.",2,15089573.112
"H5","USA","08","United States","WLD"," World",2019,"Gross Imp.",1,19547138.268
"H5","USA","08","United States","WLD"," World",2020,"Gross Exp.",2,14304773.773
"H5","USA","08","United States","WLD"," World",2020,"Gross Imp.",1,19474513.771
"H5","USA","08","United States","WLD"," World",2021,"Gross Exp.",2,15095294.94
"H5","USA","08","United States","WLD"," World",2021,"Gross Imp.",1,22231605.582
"H5","USA","09","United States","CHN","China",2017,"Gross Exp.",2,22197.144
"H5","USA","09","United States","CHN","China",2017,"Gross Imp.",1,297466.745
"H5","USA","09","United States","CHN","China",2018,"Gross Exp.",2,29303.442
"H5","USA","09","United States","CHN","China",2018,"Gross Imp.",1,296483.997
"H5","USA","09","United States","CHN","China",2019,"Gross Exp.",2,19401.275
"H5","USA","09","United States","CHN","China",2019,"Gross Imp.",1,285074.082
"H5","USA","09","United States","CHN","China",2020,"Gross Exp.",2,16892.216
"H5","USA","09","United States","CHN","China",2020,"Gross Imp.",1,237912.856
"H5","USA","09","United States","CHN","China",2021,"Gross Exp.",2,14445.14
"H5","USA","09","United States","CHN","China",2021,"Gross Imp.",1,263493.023
"H5","USA","09","United States","WLD"," World",2017,"Gross Exp.",2,1170121.74
"H5","USA","09","United States","WLD"," World",2017,"Gross Imp.",1,8661637.017
"H5","USA","09","United States","WLD"," World",2018,"Gross Exp.",2,1150181.322
"H5","USA","09","United States","WLD"," World",2018,"Gross Imp.",1,8029704.205
"H5","USA","09","United States","WLD"," World",2019,"Gross Exp.",2,1095156.578
"H5","USA","09","United States","WLD"," World",2019,"Gross Imp.",1,8055220.402
"H5","USA","09","United States","WLD"," World",2020,"Gross Exp.",2,1043959.584
"H5","USA","09","United States","WLD"," World",2020,"Gross Imp.",1,7899993.718
"H5","USA","09","United States","WLD"," World",2021,"Gross Exp.",2,1095863.424
"H5","USA","09","United States","WLD"," World",2021,"Gross Imp.",1,9438594.423
"H5","USA","10","United States","CHN","China",2017,"Gross Exp.",2,1348224.373
"H5","USA","10","United States","CHN","China",2017,"Gross Imp.",1,11744.807
"H5","USA","10","United States","CHN","China",2018,"Gross Exp.",2,688845.363
"H5","USA","10","United States","CHN","China",2018,"Gross Imp.",1,31815.458
"H5","USA","10","United States","CHN","China",2019,"Gross Exp.",2,305471.153
"H5","USA","10","United States","CHN","China",2019,"Gross Imp.",1,24778.325
"H5","USA","10","United States","CHN","China",2020,"Gross Exp.",2,2931432.337
"H5","USA","10","United States","CHN","China",2020,"Gross Imp.",1,26519.607
"H5","USA","10","United States","CHN","China",2021,"Gross Exp.",2,7768771.305
"H5","USA","10","United States","CHN","China",2021,"Gross Imp.",1,26324.525
"H5","USA","10","United States","WLD"," World",2017,"Gross Exp.",2,18594946.549
"H5","USA","10","United States","WLD"," World",2017,"Gross Imp.",1,2466772.215
"H5","USA","10","United States","WLD"," World",2018,"Gross Exp.",2,21028435.347
"H5","USA","10","United States","WLD"," World",2018,"Gross Imp.",1,2699593.929
"H5","USA","10","United States","WLD"," World",2019,"Gross Exp.",2,16881208.771
"H5","USA","10","United States","WLD"," World",2019,"Gross Imp.",1,2476832.082
"H5","USA","10","United States","WLD"," World",2020,"Gross Exp.",2,19342931.35
"H5","USA","10","United States","WLD"," World",2020,"Gross Imp.",1,2692710.193
"H5","USA","10","United States","WLD"," World",2021,"Gross Exp.",2,30546208.516
"H5","USA","10","United States","WLD"," World",2021,"Gross Imp.",1,2376027.357
"H5","USA","11","United States","CHN","China",2017,"Gross Exp.",2,9737.492
"H5","USA","11","United States","CHN","China",2017,"Gross Imp.",1,49905.634
"H5","USA","11","United States","CHN","China",2018,"Gross Exp.",2,8164.591
"H5","USA","11","United States","CHN","China",2018,"Gross Imp.",1,67539.85
"H5","USA","11","United States","CHN","China",2019,"Gross Exp.",2,7971.042
"H5","USA","11","United States","CHN","China",2019,"Gross Imp.",1,44577.794
"H5","USA","11","United States","CHN","China",2020,"Gross Exp.",2,6739.217
"H5","USA","11","United States","CHN","China",2020,"Gross Imp.",1,55362.409
"H5","USA","11","United States","CHN","China",2021,"Gross Exp.",2,6738.418
"H5","USA","11","United States","CHN","China",2021,"Gross Imp.",1,55422.642
"H5","USA","11","United States","WLD"," World",2017,"Gross Exp.",2,912452.386
"H5","USA","11","United States","WLD"," World",2017,"Gross Imp.",1,1740672.917
"H5","USA","11","United States","WLD"," World",2018,"Gross Exp.",2,916868.438
"H5","USA","11","United States","WLD"," World",2018,"Gross Imp.",1,2021097.452
"H5","USA","11","United States","WLD"," World",2019,"Gross Exp.",2,950485.146
"H5","USA","11","United States","WLD"," World",2019,"Gross Imp.",1,2032297.286
"H5","USA","11","United States","WLD"," World",2020,"Gross Exp.",2,965511.262
"H5","USA","11","United States","WLD"," World",2020,"Gross Imp.",1,2022167.47
"H5","USA","11","United States","WLD"," World",2021,"Gross Exp.",2,1057224.195
"H5","USA","11","United States","WLD"," World",2021,"Gross Imp.",1,2301069.871
"H5","USA","12","United States","CHN","China",2017,"Gross Exp.",2,12840507.96
"H5","USA","12","United States","CHN","China",2017,"Gross Imp.",1,272733.234
"H5","USA","12","United States","CHN","China",2018,"Gross Exp.",2,3665190.511
"H5","USA","12","United States","CHN","China",2018,"Gross Imp.",1,293999.115
"H5","USA","12","United States","CHN","China",2019,"Gross Exp.",2,8541199.407
"H5","USA","12","United States","CHN","China",2019,"Gross Imp.",1,153745.958
"H5","USA","12","United States","CHN","China",2020,"Gross Exp.",2,15030173.341
"H5","USA","12","United States","CHN","China",2020,"Gross Imp.",1,169700.211
"H5","USA","12","United States","CHN","China",2021,"Gross Exp.",2,15040948.583
"H5","USA","12","United States","CHN","China",2021,"Gross Imp.",1,190498.821
"H5","USA","12","United States","WLD"," World",2017,"Gross Exp.",2,26386370.056
"H5","USA","12","United States","WLD"," World",2017,"Gross Imp.",1,2454282.739
"H5","USA","12","United States","WLD"," World",2018,"Gross Exp.",2,22421639.682
"H5","USA","12","United States","WLD"," World",2018,"Gross Imp.",1,2528637.833
"H5","USA","12","United States","WLD"," World",2019,"Gross Exp.",2,23892194.909
"H5","USA","12","United States","WLD"," World",2019,"Gross Imp.",1,2399357.061
"H5","USA","12","United States","WLD"," World",2020,"Gross Exp.",2,31104237.586
"H5","USA","12","United States","WLD"," World",2020,"Gross Imp.",1,2519553.293
"H5","USA","12","United States","WLD"," World",2021,"Gross Exp.",2,33061730.203
"H5","USA","12","United States","WLD"," World",2021,"Gross Imp.",1,2906548.383
"H5","USA","13","United States","CHN","China",2017,"Gross Exp.",2,39065.192
"H5","USA","13","United States","CHN","China",2017,"Gross Imp.",1,239400.009
"H5","USA","13","United States","CHN","China",2018,"Gross Exp.",2,46128.879
"H5","USA","13","United States","CHN","China",2018,"Gross Imp.",1,266559.158
"H5","USA","13","United States","CHN","China",2019,"Gross Exp.",2,36895.255
"H5","USA","13","United States","CHN","China",2019,"Gross Imp.",1,283267.109
"H5","USA","13","United States","CHN","China",2020,"Gross Exp.",2,34300.996
"H5","USA","13","United States","CHN","China",2020,"Gross Imp.",1,299146.574
"H5","USA","13","United States","CHN","China",2021,"Gross Exp.",2,43047.579
"H5","USA","13","United States","CHN","China",2021,"Gross Imp.",1,328096.667
"H5","USA","13","United States","WLD"," World",2017,"Gross Exp.",2,562105.44
"H5","USA","13","United States","WLD"," World",2017,"Gross Imp.",1,1510289.451
"H5","USA","13","United States","WLD"," World",2018,"Gross Exp.",2,690312.061
"H5","USA","13","United States","WLD"," World",2018,"Gross Imp.",1,1667036.255
"H5","USA","13","United States","WLD"," World",2019,"Gross Exp.",2,666978.674
"H5","USA","13","United States","WLD"," World",2019,"Gross Imp.",1,1572078.601
"H5","USA","13","United States","WLD"," World",2020,"Gross Exp.",2,604043.62
"H5","USA","13","United States","WLD"," World",2020,"Gross Imp.",1,1543724.506
"H5","USA","13","United States","WLD"," World",2021,"Gross Exp.",2,634535.654
"H5","USA","13","United States","WLD"," World",2021,"Gross Imp.",1,1843245.406
"H5","USA","14","United States","CHN","China",2017,"Gross Exp.",2,5432.342
"H5","USA","14","United States","CHN","China",2017,"Gross Imp.",1,31009.809
"H5","USA","14","United States","CHN","China",2018,"Gross Exp.",2,5609.612
"H5","USA","14","United States","CHN","China",2018,"Gross Imp.",1,29153.708
"H5","USA","14","United States","CHN","China",2019,"Gross Exp.",2,1871.912
"H5","USA","14","United States","CHN","China",2019,"Gross Imp.",1,25931.247
"H5","USA","14","United States","CHN","China",2020,"Gross Exp.",2,5332.434
"H5","USA","14","United States","CHN","China",2020,"Gross Imp.",1,25975.174
"H5","USA","14","United States","CHN","China",2021,"Gross Exp.",2,9485.826
"H5","USA","14","United States","CHN","China",2021,"Gross Imp.",1,28934.527
"H5","USA","14","United States","WLD"," World",2017,"Gross Exp.",2,39410.747
"H5","USA","14","United States","WLD"," World",2017,"Gross Imp.",1,124094.177
"H5","USA","14","United States","WLD"," World",2018,"Gross Exp.",2,38468.854
"H5","USA","14","United States","WLD"," World",2018,"Gross Imp.",1,115648.023
"H5","USA","14","United States","WLD"," World",2019,"Gross Exp.",2,27022.828
"H5","USA","14","United States","WLD"," World",2019,"Gross Imp.",1,131930.054
"H5","USA","14","United States","WLD"," World",2020,"Gross Exp.",2,28868.37
"H5","USA","14","United States","WLD"," World",2020,"Gross Imp.",1,177252.925
"H5","USA","14","United States","WLD"," World",2021,"Gross Exp.",2,32413.716
"H5","USA","14","United States","WLD"," World",2021,"Gross Imp.",1,223410.236
"H5","USA","15","United States","CHN","China",2017,"Gross Exp.",2,64957.92
"H5","USA","15","United States","CHN","China",2017,"Gross Imp.",1,55401.212
"H5","USA","15","United States","CHN","China",2018,"Gross Exp.",2,54750.184
"H5","USA","15","United States","CHN","China",2018,"Gross Imp.",1,62766.719
"H5","USA","15","United States","CHN","China",2019,"Gross Exp.",2,39578.89
"H5","USA","15","United States","CHN","China",2019,"Gross Imp.",1,57222.006
"H5","USA","15","United States","CHN","China",2020,"Gross Exp.",2,71400.063
"H5","USA","15","United States","CHN","China",2020,"Gross Imp.",1,53226.73
"H5","USA","15","United States","CHN","China",2021,"Gross Exp.",2,47525.224
"H5","USA","15","United States","CHN","China",2021,"Gross Imp.",1,63117.608
"H5","USA","15","United States","WLD"," World",2017,"Gross Exp.",2,3319106.407
"H5","USA","15","United States","WLD"," World",2017,"Gross Imp.",1,7182323.428
"H5","USA","15","United States","WLD"," World",2018,"Gross Exp.",2,3162375.668
"H5","USA","15","United States","WLD"," World",2018,"Gross Imp.",1,7081796.536
"H5","USA","15","United States","WLD"," World",2019,"Gross Exp.",2,3087494.347
"H5","USA","15","United States","WLD"," World",2019,"Gross Imp.",1,6459229.971
"H5","USA","15","United States","WLD"," World",2020,"Gross Exp.",2,3595145.774
"H5","USA","15","United States","WLD"," World",2020,"Gross Imp.",1,6867804.394
"H5","USA","15","United States","WLD"," World",2021,"Gross Exp.",2,4320695.016
"H5","USA","15","United States","WLD"," World",2021,"Gross Imp.",1,10198766.234
"H5","USA","16","United States","CHN","China",2017,"Gross Exp.",2,40476.352
"H5","USA","16","United States","CHN","China",2017,"Gross Imp.",1,759530.874
"H5","USA","16","United States","CHN","China",2018,"Gross Exp.",2,54680.227
"H5","USA","16","United States","CHN","China",2018,"Gross Imp.",1,901692.854
"H5","USA","16","United States","CHN","China",2019,"Gross Exp.",2,12107.046
"H5","USA","16","United States","CHN","China",2019,"Gross Imp.",1,430870.372
"H5","USA","16","United States","CHN","China",2020,"Gross Exp.",2,23015.651
"H5","USA","16","United States","CHN","China",2020,"Gross Imp.",1,280401.208
"H5","USA","16","United States","CHN","China",2021,"Gross Exp.",2,31609.855
"H5","USA","16","United States","CHN","China",2021,"Gross Imp.",1,379519.454
"H5","USA","16","United States","WLD"," World",2017,"Gross Exp.",2,2162377.8
"H5","USA","16","United States","WLD"," World",2017,"Gross Imp.",1,5428447.783
"H5","USA","16","United States","WLD"," World",2018,"Gross Exp.",2,2183800.224
"H5","USA","16","United States","WLD"," World",2018,"Gross Imp.",1,5982315.119
"H5","USA","16","United States","WLD"," World",2019,"Gross Exp.",2,2067768.118
"H5","USA","16","United States","WLD"," World",2019,"Gross Imp.",1,5654695.308
"H5","USA","16","United States","WLD"," World",2020,"Gross Exp.",2,1968114.005
"H5","USA","16","United States","WLD"," World",2020,"Gross Imp.",1,6080139.33
"H5","USA","16","United States","WLD"," World",2021,"Gross Exp.",2,2332800.892
"H5","USA","16","United States","WLD"," World",2021,"Gross Imp.",1,7349319.253
"H5","USA","17","United States","CHN","China",2017,"Gross Exp.",2,79086.346
"H5","USA","17","United States","CHN","China",2017,"Gross Imp.",1,170414.211
"H5","USA","17","United States","CHN","China",2018,"Gross Exp.",2,95646.828
"H5","USA","17","United States","CHN","China",2018,"Gross Imp.",1,182907.475
"H5","USA","17","United States","CHN","China",2019,"Gross Exp.",2,76805.752
"H5","USA","17","United States","CHN","China",2019,"Gross Imp.",1,132568.522
"H5","USA","17","United States","CHN","China",2020,"Gross Exp.",2,83621.286
"H5","USA","17","United States","CHN","China",2020,"Gross Imp.",1,106184.813
"H5","USA","17","United States","CHN","China",2021,"Gross Exp.",2,119164.977
"H5","USA","17","United States","CHN","China",2021,"Gross Imp.",1,131060.226
"H5","USA","17","United States","WLD"," World",2017,"Gross Exp.",2,2022376.462
"H5","USA","17","United States","WLD"," World",2017,"Gross Imp.",1,4250260.265
"H5","USA","17","United States","WLD"," World",2018,"Gross Exp.",2,2008169.906
"H5","USA","17","United States","WLD"," World",2018,"Gross Imp.",1,4368819.191
"H5","USA","17","United States","WLD"," World",2019,"Gross Exp.",2,1923240.316
"H5","USA","17","United States","WLD"," World",2019,"Gross Imp.",1,4434290.824
"H5","USA","17","United States","WLD"," World",2020,"Gross Exp.",2,1826330.603
"H5","USA","17","United States","WLD"," World",2020,"Gross Imp.",1,4911293.814
"H5","USA","17","United States","WLD"," World",2021,"Gross Exp.",2,2057904.962
"H5","USA","17","United States","WLD"," World",2021,"Gross Imp.",1,5234274.59
"H5","USA","18","United States","CHN","China",2017,"Gross Exp.",2,27596.683
"H5","USA","18","United States","CHN","China",2017,"Gross Imp.",1,35338.282
"H5","USA","18","United States","CHN","China",2018,"Gross Exp.",2,34378.226
"H5","USA","18","United States","CHN","China",2018,"Gross Imp.",1,36477.502
"H5","USA","18","United States","CHN","China",2019,"Gross Exp.",2,34914.804
"H5","USA","18","United States","CHN","China",2019,"Gross Imp.",1,35395.063
"H5","USA","18","United States","CHN","China",2020,"Gross Exp.",2,24303.681
"H5","USA","18","United States","CHN","China",2020,"Gross Imp.",1,7348.189
"H5","USA","18","United States","CHN","China",2021,"Gross Exp.",2,33130.799
"H5","USA","18","United States","CHN","China",2021,"Gross Imp.",1,19370.975
"H5","USA","18","United States","WLD"," World",2017,"Gross Exp.",2,1991054.636
"H5","USA","18","United States","WLD"," World",2017,"Gross Imp.",1,5145880.844
"H5","USA","18","United States","WLD"," World",2018,"Gross Exp.",2,1936158.878
"H5","USA","18","United States","WLD"," World",2018,"Gross Imp.",1,4856588.191
"H5","USA","18","United States","WLD"," World",2019,"Gross Exp.",2,1921530.772
"H5","USA","18","United States","WLD"," World",2019,"Gross Imp.",1,5127504.349
"H5","USA","18","United States","WLD"," World",2020,"Gross Exp.",2,1678352.195
"H5","USA","18","United States","WLD"," World",2020,"Gross Imp.",1,5189357.598
"H5","USA","18","United States","WLD"," World",2021,"Gross Exp.",2,1971150.882
"H5","USA","18","United States","WLD"," World",2021,"Gross Imp.",1,5808627.285
"H5","USA","19","United States","CHN","China",2017,"Gross Exp.",2,89330.524
"H5","USA","19","United States","CHN","China",2017,"Gross Imp.",1,223543.621
"H5","USA","19","United States","CHN","China",2018,"Gross Exp.",2,90904.982
"H5","USA","19","United States","CHN","China",2018,"Gross Imp.",1,250050.013
"H5","USA","19","United States","CHN","China",2019,"Gross Exp.",2,99775.676
"H5","USA","19","United States","CHN","China",2019,"Gross Imp.",1,215848.097
"H5","USA","19","United States","CHN","China",2020,"Gross Exp.",2,78856.85
"H5","USA","19","United States","CHN","China",2020,"Gross Imp.",1,231582.343
"H5","USA","19","United States","CHN","China",2021,"Gross Exp.",2,41313.025
"H5","USA","19","United States","CHN","China",2021,"Gross Imp.",1,249189.894
"H5","USA","19","United States","WLD"," World",2017,"Gross Exp.",2,4066085.033
"H5","USA","19","United States","WLD"," World",2017,"Gross Imp.",1,7362989.215
"H5","USA","19","United States","WLD"," World",2018,"Gross Exp.",2,4160939.574
"H5","USA","19","United States","WLD"," World",2018,"Gross Imp.",1,8175083.447
"H5","USA","19","United States","WLD"," World",2019,"Gross Exp.",2,4224979.628
"H5","USA","19","United States","WLD"," World",2019,"Gross Imp.",1,8809104.655
"H5","USA","19","United States","WLD"," World",2020,"Gross Exp.",2,4218975.916
"H5","USA","19","United States","WLD"," World",2020,"Gross Imp.",1,9544458.301
"H5","USA","19","United States","WLD"," World",2021,"Gross Exp.",2,4264614.649
"H5","USA","19","United States","WLD"," World",2021,"Gross Imp.",1,11043383.532
"H5","USA","20","United States","CHN","China",2017,"Gross Exp.",2,231674.261
"H5","USA","20","United States","CHN","China",2017,"Gross Imp.",1,1244865.532
"H5","USA","20","United States","CHN","China",2018,"Gross Exp.",2,293211.648
"H5","USA","20","United States","CHN","China",2018,"Gross Imp.",1,1369857.702
"H5","USA","20","United States","CHN","China",2019,"Gross Exp.",2,186149.319
"H5","USA","20","United States","CHN","China",2019,"Gross Imp.",1,736183.312
"H5","USA","20","United States","CHN","China",2020,"Gross Exp.",2,162856.961
"H5","USA","20","United States","CHN","China",2020,"Gross Imp.",1,941387.87
"H5","USA","20","United States","CHN","China",2021,"Gross Exp.",2,227867.042
"H5","USA","20","United States","CHN","China",2021,"Gross Imp.",1,889581.027
"H5","USA","20","United States","WLD"," World",2017,"Gross Exp.",2,4990253.643
"H5","USA","20","United States","WLD"," World",2017,"Gross Imp.",1,8558104.82
"H5","USA","20","United States","WLD"," World",2018,"Gross Exp.",2,5076749.476
"H5","USA","20","United States","WLD"," World",2018,"Gross Imp.",1,9298642.296
"H5","USA","20","United States","WLD"," World",2019,"Gross Exp.",2,4965144.36
"H5","USA","20","United States","WLD"," World",2019,"Gross Imp.",1,8982270.862
"H5","USA","20","United States","WLD"," World",2020,"Gross Exp.",2,4498813.247
"H5","USA","20","United States","WLD"," World",2020,"Gross Imp.",1,9150987.266
"H5","USA","20","United States","WLD"," World",2021,"Gross Exp.",2,5008566.707
"H5","USA","20","United States","WLD"," World",2021,"Gross Imp.",1,10981555.041
"H5","USA","21","United States","CHN","China",2017,"Gross Exp.",2,198521.386
"H5","USA","21","United States","CHN","China",2017,"Gross Imp.",1,362942.38
"H5","USA","21","United States","CHN","China",2018,"Gross Exp.",2,266622.453
"H5","USA","21","United States","CHN","China",2018,"Gross Imp.",1,451632.711
"H5","USA","21","United States","CHN","China",2019,"Gross Exp.",2,303950.805
"H5","USA","21","United States","CHN","China",2019,"Gross Imp.",1,460048.131
"H5","USA","21","United States","CHN","China",2020,"Gross Exp.",2,318662.346
"H5","USA","21","United States","CHN","China",2020,"Gross Imp.",1,580002.535
"H5","USA","21","United States","CHN","China",2021,"Gross Exp.",2,393672.541
"H5","USA","21","United States","CHN","China",2021,"Gross Imp.",1,635324.111
"H5","USA","21","United States","WLD"," World",2017,"Gross Exp.",2,8508518.579
"H5","USA","21","United States","WLD"," World",2017,"Gross Imp.",1,4805668.582
"H5","USA","21","United States","WLD"," World",2018,"Gross Exp.",2,8921292.041
"H5","USA","21","United States","WLD"," World",2018,"Gross Imp.",1,7940758.325
"H5","USA","21","United States","WLD"," World",2019,"Gross Exp.",2,9374195.507
"H5","USA","21","United States","WLD"," World",2019,"Gross Imp.",1,8571086.695
"H5","USA","21","United States","WLD"," World",2020,"Gross Exp.",2,9290947.886
"H5","USA","21","United States","WLD"," World",2020,"Gross Imp.",1,9767480.033
"H5","USA","21","United States","WLD"," World",2021,"Gross Exp.",2,10440533.117
"H5","USA","21","United States","WLD"," World",2021,"Gross Imp.",1,11123905.316
"H5","USA","22","United States","CHN","China",2017,"Gross Exp.",2,193702.182
"H5","USA","22","United States","CHN","China",2017,"Gross Imp.",1,77344.272
"H5","USA","22","United States","CHN","China",2018,"Gross Exp.",2,181525.739
"H5","USA","22","United States","CHN","China",2018,"Gross Imp.",1,100248.979
"H5","USA","22","United States","CHN","China",2019,"Gross Exp.",2,92925.15
"H5","USA","22","United States","CHN","China",2019,"Gross Imp.",1,76582.932
"H5","USA","22","United States","CHN","China",2020,"Gross Exp.",2,98728.497
"H5","USA","22","United States","CHN","China",2020,"Gross Imp.",1,38929.369
"H5","USA","22","United States","CHN","China",2021,"Gross Exp.",2,259727.624
"H5","USA","22","United States","CHN","China",2021,"Gross Imp.",1,48418.637
"H5","USA","22","United States","WLD"," World",2017,"Gross Exp.",2,8297611.948
"H5","USA","22","United States","WLD"," World",2017,"Gross Imp.",1,24675283.943
"H5","USA","22","United States","WLD"," World",2018,"Gross Exp.",2,8710333.876
"H5","USA","22","United States","WLD"," World",2018,"Gross Imp.",1,26087265.327
"H5","USA","22","United States","WLD"," World",2019,"Gross Exp.",2,8276005.361
"H5","USA","22","United States","WLD"," World",2019,"Gross Imp.",1,27555437.754
"H5","USA","22","United States","WLD"," World",2020,"Gross Exp.",2,7914524.808
"H5","USA","22","United States","WLD"," World",2020,"Gross Imp.",1,26892915.123
"H5","USA","22","United States","WLD"," World",2021,"Gross Exp.",2,8618040.6
"H5","USA","22","United States","WLD"," World",2021,"Gross Imp.",1,30989922.861
"H5","USA","23","United States","CHN","China",2017,"Gross Exp.",2,413846.596
"H5","USA","23","United States","CHN","China",2017,"Gross Imp.",1,277308.632
"H5","USA","23","United States","CHN","China",2018,"Gross Exp.",2,364154.023
"H5","USA","23","United States","CHN","China",2018,"Gross Imp.",1,288489.773
"H5","USA","23","United States","CHN","China",2019,"Gross Exp.",2,339956.68
"H5","USA","23","United States","CHN","China",2019,"Gross Imp.",1,233743.799
"H5","USA","23","United States","CHN","China",2020,"Gross Exp.",2,471855.767
"H5","USA","23","United States","CHN","China",2020,"Gross Imp.",1,267362.628
"H5","USA","23","United States","CHN","China",2021,"Gross Exp.",2,689065.109
"H5","USA","23","United States","CHN","China",2021,"Gross Imp.",1,314925.604
"H5","USA","23","United States","WLD"," World",2017,"Gross Exp.",2,9567880.014
"H5","USA","23","United States","WLD"," World",2017,"Gross Imp.",1,2934224.007
"H5","USA","23","United States","WLD"," World",2018,"Gross Exp.",2,11140453.649
"H5","USA","23","United States","WLD"," World",2018,"Gross Imp.",1,3346439.702
"H5","USA","23","United States","WLD"," World",2019,"Gross Exp.",2,10430281.894
"H5","USA","23","United States","WLD"," World",2019,"Gross Imp.",1,3379452.305
"H5","USA","23","United States","WLD"," World",2020,"Gross Exp.",2,10951923.46
"H5","USA","23","United States","WLD"," World",2020,"Gross Imp.",1,3700007.24
"H5","USA","23","United States","WLD"," World",2021,"Gross Exp.",2,13228770.153
"H5","USA","23","United States","WLD"," World",2021,"Gross Imp.",1,4632334.498
"H5","USA","24","United States","CHN","China",2017,"Gross Exp.",2,162683.352
"H5","USA","24","United States","CHN","China",2017,"Gross Imp.",1,30679.24
"H5","USA","24","United States","CHN","China",2018,"Gross Exp.",2,158024.445
"H5","USA","24","United States","CHN","China",2018,"Gross Imp.",1,32769.924
"H5","USA","24","United States","CHN","China",2019,"Gross Exp.",2,2861.323
"H5","USA","24","United States","CHN","China",2019,"Gross Imp.",1,27622.18
"H5","USA","24","United States","CHN","China",2020,"Gross Exp.",2,253.13
"H5","USA","24","United States","CHN","China",2020,"Gross Imp.",1,11139.763
"H5","USA","24","United States","CHN","China",2021,"Gross Exp.",2,169536.285
"H5","USA","24","United States","CHN","China",2021,"Gross Imp.",1,11625.23
"H5","USA","24","United States","WLD"," World",2017,"Gross Exp.",2,2179906.563
"H5","USA","24","United States","WLD"," World",2017,"Gross Imp.",1,2173591.95
"H5","USA","24","United States","WLD"," World",2018,"Gross Exp.",2,2324869.654
"H5","USA","24","United States","WLD"," World",2018,"Gross Imp.",1,2246922.311
"H5","USA","24","United States","WLD"," World",2019,"Gross Exp.",2,1803108.024
"H5","USA","24","United States","WLD"," World",2019,"Gross Imp.",1,2190278.06
"H5","USA","24","United States","WLD"," World",2020,"Gross Exp.",2,1043999.299
"H5","USA","24","United States","WLD"," World",2020,"Gross Imp.",1,2166833.408
"H5","USA","24","United States","WLD"," World",2021,"Gross Exp.",2,1165715.897
"H5","USA","24","United States","WLD"," World",2021,"Gross Imp.",1,2617615.742
"H5","USA","25","United States","CHN","China",2017,"Gross Exp.",2,357218.495
"H5","USA","25","United States","CHN","China",2017,"Gross Imp.",1,481800.765
"H5","USA","25","United States","CHN","China",2018,"Gross Exp.",2,333578.768
"H5","USA","25","United States","CHN","China",2018,"Gross Imp.",1,598411.953
"H5","USA","25","United States","CHN","China",2019,"Gross Exp.",2,249765.326
"H5","USA","25","United States","CHN","China",2019,"Gross Imp.",1,460225.243
"H5","USA","25","United States","CHN","China",2020,"Gross Exp.",2,250083.69
"H5","USA","25","United States","CHN","China",2020,"Gross Imp.",1,178603.495
"H5","USA","25","United States","CHN","China",2021,"Gross Exp.",2,293292.185
"H5","USA","25","United States","CHN","China",2021,"Gross Imp.",1,331930.343
"H5","USA","25","United States","WLD"," World",2017,"Gross Exp.",2,2841252.45
"H5","USA","25","United States","WLD"," World",2017,"Gross Imp.",1,3756746.574
"H5","USA","25","United States","WLD"," World",2018,"Gross Exp.",2,3009878.548
"H5","USA","25","United States","WLD"," World",2018,"Gross Imp.",1,4552938.784
"H5","USA","25","United States","WLD"," World",2019,"Gross Exp.",2,2597167.928
"H5","USA","25","United States","WLD"," World",2019,"Gross Imp.",1,4477918.93
"H5","USA","25","United States","WLD"," World",2020,"Gross Exp.",2,2205547.697
"H5","USA","25","United States","WLD"," World",2020,"Gross Imp.",1,4049505.627
"H5","USA","25","United States","WLD"," World",2021,"Gross Exp.",2,2828406.291
"H5","USA","25","United States","WLD"," World",2021,"Gross Imp.",1,5190270.952
"H5","USA","26","United States","CHN","China",2017,"Gross Exp.",2,1075672.112
"H5","USA","26","United States","CHN","China",2017,"Gross Imp.",1,59972.105
"H5","USA","26","United States","CHN","China",2018,"Gross Exp.",2,756543.88
"H5","USA","26","United States","CHN","China",2018,"Gross Imp.",1,48334.998
"H5","USA","26","United States","CHN","China",2019,"Gross Exp.",2,192128.471
"H5","USA","26","United States","CHN","China",2019,"Gross Imp.",1,39128.83
"H5","USA","26","United States","CHN","China",2020,"Gross Exp.",2,647138.181
"H5","USA","26","United States","CHN","China",2020,"Gross Imp.",1,52382.323
"H5","USA","26","United States","CHN","China",2021,"Gross Exp.",2,1246311.428
"H5","USA","26","United States","CHN","China",2021,"Gross Imp.",1,87218.427
"H5","USA","26","United States","WLD"," World",2017,"Gross Exp.",2,6011333.679
"H5","USA","26","United States","WLD"," World",2017,"Gross Imp.",1,2765028.648
"H5","USA","26","United States","WLD"," World",2018,"Gross Exp.",2,6755041.427
"H5","USA","26","United States","WLD"," World",2018,"Gross Imp.",1,3120985.985
"H5","USA","26","United States","WLD"," World",2019,"Gross Exp.",2,7379676.72
"H5","USA","26","United States","WLD"," World",2019,"Gross Imp.",1,3267813.383
"H5","USA","26","United States","WLD"," World",2020,"Gross Exp.",2,6526325.369
"H5","USA","26","United States","WLD"," World",2020,"Gross Imp.",1,2289738.849
"H5","USA","26","United States","WLD"," World",2021,"Gross Exp.",2,8494951.765
"H5","USA","26","United States","WLD"," World",2021,"Gross Imp.",1,3285911.978
"H5","USA","27","United States","CHN","China",2017,"Gross Exp.",2,8497555.703
"H5","USA","27","United States","CHN","China",2017,"Gross Imp.",1,674670.461
"H5","USA","27","United States","CHN","China",2018,"Gross Exp.",2,8450679.005
"H5","USA","27","United States","CHN","China",2018,"Gross Imp.",1,766465.021
"H5","USA","27","United States","CHN","China",2019,"Gross Exp.",2,3765817.356
"H5","USA","27","United States","CHN","China",2019,"Gross Imp.",1,298980.999
"H5","USA","27","United States","CHN","China",2020,"Gross Exp.",2,9894712.513
"H5","USA","27","United States","CHN","China",2020,"Gross Imp.",1,106313.175
"H5","USA","27","United States","CHN","China",2021,"Gross Exp.",2,15397138.049
"H5","USA","27","United States","CHN","China",2021,"Gross Imp.",1,160880.615
"H5","USA","27","United States","WLD"," World",2017,"Gross Exp.",2,139082249.161
"H5","USA","27","United States","WLD"," World",2017,"Gross Imp.",1,204019056.862
"H5","USA","27","United States","WLD"," World",2018,"Gross Exp.",2,192681236.067
"H5","USA","27","United States","WLD"," World",2018,"Gross Imp.",1,241728103.047
"H5","USA","27","United States","WLD"," World",2019,"Gross Exp.",2,199735686.233
"H5","USA","27","United States","WLD"," World",2019,"Gross Imp.",1,210111735.98
"H5","USA","27","United States","WLD"," World",2020,"Gross Exp.",2,155092241.024
"H5","USA","27","United States","WLD"," World",2020,"Gross Imp.",1,130118461.274
"H5","USA","27","United States","WLD"," World",2021,"Gross Exp.",2,239780823.659
"H5","USA","27","United States","WLD"," World",2021,"Gross Imp.",1,223932092.237
"H5","USA","28","United States","CHN","China",2017,"Gross Exp.",2,789300.422
"H5","USA","28","United States","CHN","China",2017,"Gross Imp.",1,1456954.834
"H5","USA","28","United States","CHN","China",2018,"Gross Exp.",2,901987.718
"H5","USA","28","United States","CHN","China",2018,"Gross Imp.",1,1781867.607
"H5","USA","28","United States","CHN","China",2019,"Gross Exp.",2,906395.213
"H5","USA","28","United States","CHN","China",2019,"Gross Imp.",1,1281839.019
"H5","USA","28","United States","CHN","China",2020,"Gross Exp.",2,892109.276
"H5","USA","28","United States","CHN","China",2020,"Gross Imp.",1,981459.143
"H5","USA","28","United States","CHN","China",2021,"Gross Exp.",2,1275736.63
"H5","USA","28","United States","CHN","China",2021,"Gross Imp.",1,1401019.811
"H5","USA","28","United States","WLD"," World",2017,"Gross Exp.",2,12391086.639
"H5","USA","28","United States","WLD"," World",2017,"Gross Imp.",1,11530696.556
"H5","USA","28","United States","WLD"," World",2018,"Gross Exp.",2,12462653.021
"H5","USA","28","United States","WLD"," World",2018,"Gross Imp.",1,13360534.017
"H5","USA","28","United States","WLD"," World",2019,"Gross Exp.",2,11474937.308
"H5","USA","28","United States","WLD"," World",2019,"Gross Imp.",1,13073877.673
"H5","USA","28","United States","WLD"," World",2020,"Gross Exp.",2,11103820.235
"H5","USA","28","United States","WLD"," World",2020,"Gross Imp.",1,10739592.649
"H5","USA","28","United States","WLD"," World",2021,"Gross Exp.",2,13523337.327
"H5","USA","28","United States","WLD"," World",2021,"Gross Imp.",1,13789199.415
"H5","USA","29","United States","CHN","China",2017,"Gross Exp.",2,2803090.707
"H5","USA","29","United States","CHN","China",2017,"Gross Imp.",1,8039502.732
"H5","USA","29","United States","CHN","China",2018,"Gross Exp.",2,2828584.004
"H5","USA","29","United States","CHN","China",2018,"Gross Imp.",1,10065821.965
"H5","USA","29","United States","CHN","China",2019,"Gross Exp.",2,2284348.271
"H5","USA","29","United States","CHN","China",2019,"Gross Imp.",1,8124747.929
"H5","USA","29","United States","CHN","China",2020,"Gross Exp.",2,2450242.154
"H5","USA","29","United States","CHN","China",2020,"Gross Imp.",1,7735736.178
"H5","USA","29","United States","CHN","China",2021,"Gross Exp.",2,2824873.186
"H5","USA","29","United States","CHN","China",2021,"Gross Imp.",1,10804292.252
"H5","USA","29","United States","WLD"," World",2017,"Gross Exp.",2,36279584.874
"H5","USA","29","United States","WLD"," World",2017,"Gross Imp.",1,46099039.154
"H5","USA","29","United States","WLD"," World",2018,"Gross Exp.",2,40339200.853
"H5","USA","29","United States","WLD"," World",2018,"Gross Imp.",1,54597723.3
"H5","USA","29","United States","WLD"," World",2019,"Gross Exp.",2,39327263.046
"H5","USA","29","United States","WLD"," World",2019,"Gross Imp.",1,54546172.038
"H5","USA","29","United States","WLD"," World",2020,"Gross Exp.",2,33969411.319
"H5","USA","29","United States","WLD"," World",2020,"Gross Imp.",1,55882256.508
"H5","USA","29","United States","WLD"," World",2021,"Gross Exp.",2,42881362.299
"H5","USA","29","United States","WLD"," World",2021,"Gross Imp.",1,64425045.902
"H5","USA","30","United States","CHN","China",2017,"Gross Exp.",2,2448913.7
"H5","USA","30","United States","CHN","China",2017,"Gross Imp.",1,1487949.014
"H5","USA","30","United States","CHN","China",2018,"Gross Exp.",2,2779122.226
"H5","USA","30","United States","CHN","China",2018,"Gross Imp.",1,1588092.921
"H5","USA","30","United States","CHN","China",2019,"Gross Exp.",2,4143622.191
"H5","USA","30","United States","CHN","China",2019,"Gross Imp.",1,1605449.5
"H5","USA","30","United States","CHN","China",2020,"Gross Exp.",2,4643190.794
"H5","USA","30","United States","CHN","China",2020,"Gross Imp.",1,2189500.146
"H5","USA","30","United States","CHN","China",2021,"Gross Exp.",2,6667096.692
"H5","USA","30","United States","CHN","China",2021,"Gross Imp.",1,3468768.526
"H5","USA","30","United States","WLD"," World",2017,"Gross Exp.",2,44936430.945
"H5","USA","30","United States","WLD"," World",2017,"Gross Imp.",1,96879110.876
"H5","USA","30","United States","WLD"," World",2018,"Gross Exp.",2,48345552.717
"H5","USA","30","United States","WLD"," World",2018,"Gross Imp.",1,115634521.729
"H5","USA","30","United States","WLD"," World",2019,"Gross Exp.",2,53561670.461
"H5","USA","30","United States","WLD"," World",2019,"Gross Imp.",1,128237981.033
"H5","USA","30","United States","WLD"," World",2020,"Gross Exp.",2,53938940.706
"H5","USA","30","United States","WLD"," World",2020,"Gross Imp.",1,139518097.697
"H5","USA","30","United States","WLD"," World",2021,"Gross Exp.",2,77962125.336
"H5","USA","30","United States","WLD"," World",2021,"Gross Imp.",1,149499507.717
"H5","USA","31","United States","CHN","China",2017,"Gross Exp.",2,103354.646
"H5","USA","31","United States","CHN","China",2017,"Gross Imp.",1,188133.534
"H5","USA","31","United States","CHN","China",2018,"Gross Exp.",2,248482.87
"H5","USA","31","United States","CHN","China",2018,"Gross Imp.",1,69289.674
"H5","USA","31","United States","CHN","China",2019,"Gross Exp.",2,281443.713
"H5","USA","31","United States","CHN","China",2019,"Gross Imp.",1,24834.608
"H5","USA","31","United States","CHN","China",2020,"Gross Exp.",2,216822.336
"H5","USA","31","United States","CHN","China",2020,"Gross Imp.",1,22472.92
"H5","USA","31","United States","CHN","China",2021,"Gross Exp.",2,144082.641
"H5","USA","31","United States","CHN","China",2021,"Gross Imp.",1,27678.261
"H5","USA","31","United States","WLD"," World",2017,"Gross Exp.",2,3771413.751
"H5","USA","31","United States","WLD"," World",2017,"Gross Imp.",1,6060858.646
"H5","USA","31","United States","WLD"," World",2018,"Gross Exp.",2,4158427.491
"H5","USA","31","United States","WLD"," World",2018,"Gross Imp.",1,7135838.714
"H5","USA","31","United States","WLD"," World",2019,"Gross Exp.",2,4134410.627
"H5","USA","31","United States","WLD"," World",2019,"Gross Imp.",1,7033449.372
"H5","USA","31","United States","WLD"," World",2020,"Gross Exp.",2,3674065.109
"H5","USA","31","United States","WLD"," World",2020,"Gross Imp.",1,5795159.588
"H5","USA","31","United States","WLD"," World",2021,"Gross Exp.",2,4051993.631
"H5","USA","31","United States","WLD"," World",2021,"Gross Imp.",1,10289387.959
"H5","USA","32","United States","CHN","China",2017,"Gross Exp.",2,457213.127
"H5","USA","32","United States","CHN","China",2017,"Gross Imp.",1,555918.677
"H5","USA","32","United States","CHN","China",2018,"Gross Exp.",2,462488.914
"H5","USA","32","United States","CHN","China",2018,"Gross Imp.",1,701164.151
"H5","USA","32","United States","CHN","China",2019,"Gross Exp.",2,421335.891
"H5","USA","32","United States","CHN","China",2019,"Gross Imp.",1,406342.139
"H5","USA","32","United States","CHN","China",2020,"Gross Exp.",2,376872.521
"H5","USA","32","United States","CHN","China",2020,"Gross Imp.",1,411655.686
"H5","USA","32","United States","CHN","China",2021,"Gross Exp.",2,434894.414
"H5","USA","32","United States","CHN","China",2021,"Gross Imp.",1,463738.39
"H5","USA","32","United States","WLD"," World",2017,"Gross Exp.",2,7858766.712
"H5","USA","32","United States","WLD"," World",2017,"Gross Imp.",1,4127333.533
"H5","USA","32","United States","WLD"," World",2018,"Gross Exp.",2,7991053.506
"H5","USA","32","United States","WLD"," World",2018,"Gross Imp.",1,4566759.343
"H5","USA","32","United States","WLD"," World",2019,"Gross Exp.",2,7548290.669
"H5","USA","32","United States","WLD"," World",2019,"Gross Imp.",1,4399585.61
"H5","USA","32","United States","WLD"," World",2020,"Gross Exp.",2,6762596.723
"H5","USA","32","United States","WLD"," World",2020,"Gross Imp.",1,4333346.146
"H5","USA","32","United States","WLD"," World",2021,"Gross Exp.",2,7975311.581
"H5","USA","32","United States","WLD"," World",2021,"Gross Imp.",1,5207351.565
"H5","USA","33","United States","CHN","China",2017,"Gross Exp.",2,523700.582
"H5","USA","33","United States","CHN","China",2017,"Gross Imp.",1,1555159.68
"H5","USA","33","United States","CHN","China",2018,"Gross Exp.",2,711563.536
"H5","USA","33","United States","CHN","China",2018,"Gross Imp.",1,1644153.957
"H5","USA","33","United States","CHN","China",2019,"Gross Exp.",2,909568.534
"H5","USA","33","United States","CHN","China",2019,"Gross Imp.",1,1245444.894
"H5","USA","33","United States","CHN","China",2020,"Gross Exp.",2,934880.065
"H5","USA","33","United States","CHN","China",2020,"Gross Imp.",1,995472.11
"H5","USA","33","United States","CHN","China",2021,"Gross Exp.",2,974874.578
"H5","USA","33","United States","CHN","China",2021,"Gross Imp.",1,1170110.255
"H5","USA","33","United States","WLD"," World",2017,"Gross Exp.",2,12954789.503
"H5","USA","33","United States","WLD"," World",2017,"Gross Imp.",1,13539721.794
"H5","USA","33","United States","WLD"," World",2018,"Gross Exp.",2,13620462.022
"H5","USA","33","United States","WLD"," World",2018,"Gross Imp.",1,15074333.09
"H5","USA","33","United States","WLD"," World",2019,"Gross Exp.",2,13857683.321
"H5","USA","33","United States","WLD"," World",2019,"Gross Imp.",1,14584487.319
"H5","USA","33","United States","WLD"," World",2020,"Gross Exp.",2,12355330.765
"H5","USA","33","United States","WLD"," World",2020,"Gross Imp.",1,13568993.72
"H5","USA","33","United States","WLD"," World",2021,"Gross Exp.",2,13562176.546
"H5","USA","33","United States","WLD"," World",2021,"Gross Imp.",1,16546315.314
"H5","USA","34","United States","CHN","China",2017,"Gross Exp.",2,622115.929
"H5","USA","34","United States","CHN","China",2017,"Gross Imp.",1,499435.808
"H5","USA","34","United States","CHN","China",2018,"Gross Exp.",2,626680.911
"H5","USA","34","United States","CHN","China",2018,"Gross Imp.",1,581597.799
"H5","USA","34","United States","CHN","China",2019,"Gross Exp.",2,504283.244
"H5","USA","34","United States","CHN","China",2019,"Gross Imp.",1,533699.274
"H5","USA","34","United States","CHN","China",2020,"Gross Exp.",2,568997.366
"H5","USA","34","United States","CHN","China",2020,"Gross Imp.",1,1055422.611
"H5","USA","34","United States","CHN","China",2021,"Gross Exp.",2,665003.862
"H5","USA","34","United States","CHN","China",2021,"Gross Imp.",1,700826.581
"H5","USA","34","United States","WLD"," World",2017,"Gross Exp.",2,7211292.773
"H5","USA","34","United States","WLD"," World",2017,"Gross Imp.",1,3432410.144
"H5","USA","34","United States","WLD"," World",2018,"Gross Exp.",2,7267099.607
"H5","USA","34","United States","WLD"," World",2018,"Gross Imp.",1,3779025.828
"H5","USA","34","United States","WLD"," World",2019,"Gross Exp.",2,6927242.402
"H5","USA","34","United States","WLD"," World",2019,"Gross Imp.",1,3814788.257
"H5","USA","34","United States","WLD"," World",2020,"Gross Exp.",2,6929342.738
"H5","USA","34","United States","WLD"," World",2020,"Gross Imp.",1,5103073.245
"H5","USA","34","United States","WLD"," World",2021,"Gross Exp.",2,7707374.598
"H5","USA","34","United States","WLD"," World",2021,"Gross Imp.",1,5465941.357
"H5","USA","35","United States","CHN","China",2017,"Gross Exp.",2,317054.236
"H5","USA","35","United States","CHN","China",2017,"Gross Imp.",1,371960.962
"H5","USA","35","United States","CHN","China",2018,"Gross Exp.",2,322180.801
"H5","USA","35","United States","CHN","China",2018,"Gross Imp.",1,379278.282
"H5","USA","35","United States","CHN","China",2019,"Gross Exp.",2,307535.988
"H5","USA","35","United States","CHN","China",2019,"Gross Imp.",1,349694.096
"H5","USA","35","United States","CHN","China",2020,"Gross Exp.",2,370528.285
"H5","USA","35","United States","CHN","China",2020,"Gross Imp.",1,342687.803
"H5","USA","35","United States","CHN","China",2021,"Gross Exp.",2,406579.293
"H5","USA","35","United States","CHN","China",2021,"Gross Imp.",1,431202.207
"H5","USA","35","United States","WLD"," World",2017,"Gross Exp.",2,3595217.737
"H5","USA","35","United States","WLD"," World",2017,"Gross Imp.",1,2684891.964
"H5","USA","35","United States","WLD"," World",2018,"Gross Exp.",2,3583379.576
"H5","USA","35","United States","WLD"," World",2018,"Gross Imp.",1,2724901.663
"H5","USA","35","United States","WLD"," World",2019,"Gross Exp.",2,3688439.217
"H5","USA","35","United States","WLD"," World",2019,"Gross Imp.",1,2909790.097
"H5","USA","35","United States","WLD"," World",2020,"Gross Exp.",2,3746882.135
"H5","USA","35","United States","WLD"," World",2020,"Gross Imp.",1,3125837.27
"H5","USA","35","United States","WLD"," World",2021,"Gross Exp.",2,4697442.025
"H5","USA","35","United States","WLD"," World",2021,"Gross Imp.",1,3975261.947
"H5","USA","36","United States","CHN","China",2017,"Gross Exp.",2,63443.804
"H5","USA","36","United States","CHN","China",2017,"Gross Imp.",1,368715.889
"H5","USA","36","United States","CHN","China",2018,"Gross Exp.",2,41330.805
"H5","USA","36","United States","CHN","China",2018,"Gross Imp.",1,428285.023
"H5","USA","36","United States","CHN","China",2019,"Gross Exp.",2,49638.732
"H5","USA","36","United States","CHN","China",2019,"Gross Imp.",1,401709.825
"H5","USA","36","United States","CHN","China",2020,"Gross Exp.",2,41553.759
"H5","USA","36","United States","CHN","China",2020,"Gross Imp.",1,378701.923
"H5","USA","36","United States","CHN","China",2021,"Gross Exp.",2,39802.305
"H5","USA","36","United States","CHN","China",2021,"Gross Imp.",1,678356.343
"H5","USA","36","United States","WLD"," World",2017,"Gross Exp.",2,785015.339
"H5","USA","36","United States","WLD"," World",2017,"Gross Imp.",1,845677.57
"H5","USA","36","United States","WLD"," World",2018,"Gross Exp.",2,761111.423
"H5","USA","36","United States","WLD"," World",2018,"Gross Imp.",1,1012357.376
"H5","USA","36","United States","WLD"," World",2019,"Gross Exp.",2,760884.075
"H5","USA","36","United States","WLD"," World",2019,"Gross Imp.",1,965624.193
"H5","USA","36","United States","WLD"," World",2020,"Gross Exp.",2,606252.414
"H5","USA","36","United States","WLD"," World",2020,"Gross Imp.",1,857468.748
"H5","USA","36","United States","WLD"," World",2021,"Gross Exp.",2,657085.368
"H5","USA","36","United States","WLD"," World",2021,"Gross Imp.",1,1276966.759
"H5","USA","37","United States","CHN","China",2017,"Gross Exp.",2,571344.652
"H5","USA","37","United States","CHN","China",2017,"Gross Imp.",1,39099.111
"H5","USA","37","United States","CHN","China",2018,"Gross Exp.",2,611527.132
"H5","USA","37","United States","CHN","China",2018,"Gross Imp.",1,28858.4
"H5","USA","37","United States","CHN","China",2019,"Gross Exp.",2,552970.501
"H5","USA","37","United States","CHN","China",2019,"Gross Imp.",1,17877.606
"H5","USA","37","United States","CHN","China",2020,"Gross Exp.",2,562391.253
"H5","USA","37","United States","CHN","China",2020,"Gross Imp.",1,11480.762
"H5","USA","37","United States","CHN","China",2021,"Gross Exp.",2,613906.334
"H5","USA","37","United States","CHN","China",2021,"Gross Imp.",1,14276.727
"H5","USA","37","United States","WLD"," World",2017,"Gross Exp.",2,2191915.827
"H5","USA","37","United States","WLD"," World",2017,"Gross Imp.",1,1665644.735
"H5","USA","37","United States","WLD"," World",2018,"Gross Exp.",2,2219882.363
"H5","USA","37","United States","WLD"," World",2018,"Gross Imp.",1,1742505.908
"H5","USA","37","United States","WLD"," World",2019,"Gross Exp.",2,2297273.739
"H5","USA","37","United States","WLD"," World",2019,"Gross Imp.",1,1750531.001
"H5","USA","37","United States","WLD"," World",2020,"Gross Exp.",2,2047379.765
"H5","USA","37","United States","WLD"," World",2020,"Gross Imp.",1,1519134.447
"H5","USA","37","United States","WLD"," World",2021,"Gross Exp.",2,2294172.382
"H5","USA","37","United States","WLD"," World",2021,"Gross Imp.",1,1590308.232
"H5","USA","38","United States","CHN","China",2017,"Gross Exp.",2,2445491.07
"H5","USA","38","United States","CHN","China",2017,"Gross Imp.",1,1227936.169
"H5","USA","38","United States","CHN","China",2018,"Gross Exp.",2,2739810.586
"H5","USA","38","United States","CHN","China",2018,"Gross Imp.",1,1788830.842
"H5","USA","38","United States","CHN","China",2019,"Gross Exp.",2,2738145.901
"H5","USA","38","United States","CHN","China",2019,"Gross Imp.",1,1377841.981
"H5","USA","38","United States","CHN","China",2020,"Gross Exp.",2,3008400.463
"H5","USA","38","United States","CHN","China",2020,"Gross Imp.",1,2897602.789
"H5","USA","38","United States","CHN","China",2021,"Gross Exp.",2,3451467.813
"H5","USA","38","United States","CHN","China",2021,"Gross Imp.",1,2418895.815
"H5","USA","38","United States","WLD"," World",2017,"Gross Exp.",2,27678004.954
"H5","USA","38","United States","WLD"," World",2017,"Gross Imp.",1,13830417.885
"H5","USA","38","United States","WLD"," World",2018,"Gross Exp.",2,30298013.586
"H5","USA","38","United States","WLD"," World",2018,"Gross Imp.",1,15285439.167
"H5","USA","38","United States","WLD"," World",2019,"Gross Exp.",2,31065801.151
"H5","USA","38","United States","WLD"," World",2019,"Gross Imp.",1,14681813.989
"H5","USA","38","United States","WLD"," World",2020,"Gross Exp.",2,31277298.124
"H5","USA","38","United States","WLD"," World",2020,"Gross Imp.",1,18106212.379
"H5","USA","38","United States","WLD"," World",2021,"Gross Exp.",2,36935474.83
"H5","USA","38","United States","WLD"," World",2021,"Gross Imp.",1,21960306.673
"H5","USA","39","United States","CHN","China",2017,"Gross Exp.",2,5661853.782
"H5","USA","39","United States","CHN","China",2017,"Gross Imp.",1,17542018.445
"H5","USA","39","United States","CHN","China",2018,"Gross Exp.",2,5701125.827
"H5","USA","39","United States","CHN","China",2018,"Gross Imp.",1,20604200.253
"H5","USA","39","United States","CHN","China",2019,"Gross Exp.",2,4982133.389
"H5","USA","39","United States","CHN","China",2019,"Gross Imp.",1,19372896.209
"H5","USA","39","United States","CHN","China",2020,"Gross Exp.",2,5415607.768
"H5","USA","39","United States","CHN","China",2020,"Gross Imp.",1,21937435.797
"H5","USA","39","United States","CHN","China",2021,"Gross Exp.",2,6334530.772
"H5","USA","39","United States","CHN","China",2021,"Gross Imp.",1,27052280.077
"H5","USA","39","United States","WLD"," World",2017,"Gross Exp.",2,61937248.863
"H5","USA","39","United States","WLD"," World",2017,"Gross Imp.",1,54722639.703
"H5","USA","39","United States","WLD"," World",2018,"Gross Exp.",2,66556823.218
"H5","USA","39","United States","WLD"," World",2018,"Gross Imp.",1,61847820.86
"H5","USA","39","United States","WLD"," World",2019,"Gross Exp.",2,64904030.671
"H5","USA","39","United States","WLD"," World",2019,"Gross Imp.",1,60576462.35
"H5","USA","39","United States","WLD"," World",2020,"Gross Exp.",2,60216190.079
"H5","USA","39","United States","WLD"," World",2020,"Gross Imp.",1,62464752.374
"H5","USA","39","United States","WLD"," World",2021,"Gross Exp.",2,74311057.987
"H5","USA","39","United States","WLD"," World",2021,"Gross Imp.",1,82463229.142
"H5","USA","40","United States","CHN","China",2017,"Gross Exp.",2,708771.534
"H5","USA","40","United States","CHN","China",2017,"Gross Imp.",1,3738274.132
"H5","USA","40","United States","CHN","China",2018,"Gross Exp.",2,701781.059
"H5","USA","40","United States","CHN","China",2018,"Gross Imp.",1,4377503.573
"H5","USA","40","United States","CHN","China",2019,"Gross Exp.",2,504821.254
"H5","USA","40","United States","CHN","China",2019,"Gross Imp.",1,2842573.169
"H5","USA","40","United States","CHN","China",2020,"Gross Exp.",2,489110.386
"H5","USA","40","United States","CHN","China",2020,"Gross Imp.",1,2995347.974
"H5","USA","40","United States","CHN","China",2021,"Gross Exp.",2,464520.285
"H5","USA","40","United States","CHN","China",2021,"Gross Imp.",1,5778347.112
"H5","USA","40","United States","WLD"," World",2017,"Gross Exp.",2,13438220.418
"H5","USA","40","United States","WLD"," World",2017,"Gross Imp.",1,27903315.159
"H5","USA","40","United States","WLD"," World",2018,"Gross Exp.",2,13977982.844
"H5","USA","40","United States","WLD"," World",2018,"Gross Imp.",1,29954124.746
"H5","USA","40","United States","WLD"," World",2019,"Gross Exp.",2,13206985.038
"H5","USA","40","United States","WLD"," World",2019,"Gross Imp.",1,30083548.874
"H5","USA","40","United States","WLD"," World",2020,"Gross Exp.",2,11164742.263
"H5","USA","40","United States","WLD"," World",2020,"Gross Imp.",1,28498125.124
"H5","USA","40","United States","WLD"," World",2021,"Gross Exp.",2,13140740.03
"H5","USA","40","United States","WLD"," World",2021,"Gross Imp.",1,40994726.358
"H5","USA","41","United States","CHN","China",2017,"Gross Exp.",2,1131842.185
"H5","USA","41","United States","CHN","China",2017,"Gross Imp.",1,28058.093
"H5","USA","41","United States","CHN","China",2018,"Gross Exp.",2,796566.266
"H5","USA","41","United States","CHN","China",2018,"Gross Imp.",1,28130.551
"H5","USA","41","United States","CHN","China",2019,"Gross Exp.",2,525627.741
"H5","USA","41","United States","CHN","China",2019,"Gross Imp.",1,12601.119
"H5","USA","41","United States","CHN","China",2020,"Gross Exp.",2,471663.756
"H5","USA","41","United States","CHN","China",2020,"Gross Imp.",1,10900.564
"H5","USA","41","United States","CHN","China",2021,"Gross Exp.",2,743123.068
"H5","USA","41","United States","CHN","China",2021,"Gross Imp.",1,9722.899
"H5","USA","41","United States","WLD"," World",2017,"Gross Exp.",2,2698190.215
"H5","USA","41","United States","WLD"," World",2017,"Gross Imp.",1,752011.566
"H5","USA","41","United States","WLD"," World",2018,"Gross Exp.",2,2210850.172
"H5","USA","41","United States","WLD"," World",2018,"Gross Imp.",1,736147.444
"H5","USA","41","United States","WLD"," World",2019,"Gross Exp.",2,1700309.72
"H5","USA","41","United States","WLD"," World",2019,"Gross Imp.",1,603485.454
"H5","USA","41","United States","WLD"," World",2020,"Gross Exp.",2,1260853.897
"H5","USA","41","United States","WLD"," World",2020,"Gross Imp.",1,463777.328
"H5","USA","41","United States","WLD"," World",2021,"Gross Exp.",2,1872524.767
"H5","USA","41","United States","WLD"," World",2021,"Gross Imp.",1,599850.45
"H5","USA","42","United States","CHN","China",2017,"Gross Exp.",2,77875.007
"H5","USA","42","United States","CHN","China",2017,"Gross Imp.",1,7711136.146
"H5","USA","42","United States","CHN","China",2018,"Gross Exp.",2,107202.953
"H5","USA","42","United States","CHN","China",2018,"Gross Imp.",1,7808833.03
"H5","USA","42","United States","CHN","China",2019,"Gross Exp.",2,78798.925
"H5","USA","42","United States","CHN","China",2019,"Gross Imp.",1,5284680.985
"H5","USA","42","United States","CHN","China",2020,"Gross Exp.",2,63787.04
"H5","USA","42","United States","CHN","China",2020,"Gross Imp.",1,3004972.791
"H5","USA","42","United States","CHN","China",2021,"Gross Exp.",2,56862.094
"H5","USA","42","United States","CHN","China",2021,"Gross Imp.",1,3898288.887
"H5","USA","42","United States","WLD"," World",2017,"Gross Exp.",2,1553959.957
"H5","USA","42","United States","WLD"," World",2017,"Gross Imp.",1,13475025.053
"H5","USA","42","United States","WLD"," World",2018,"Gross Exp.",2,1695058.43
"H5","USA","42","United States","WLD"," World",2018,"Gross Imp.",1,14374673.549
"H5","USA","42","United States","WLD"," World",2019,"Gross Exp.",2,1666080.752
"H5","USA","42","United States","WLD"," World",2019,"Gross Imp.",1,13288144.84
"H5","USA","42","United States","WLD"," World",2020,"Gross Exp.",2,1271583.673
"H5","USA","42","United States","WLD"," World",2020,"Gross Imp.",1,10183951.543
"H5","USA","42","United States","WLD"," World",2021,"Gross Exp.",2,1426989.976
"H5","USA","42","United States","WLD"," World",2021,"Gross Imp.",1,13950552.972
"H5","USA","43","United States","CHN","China",2017,"Gross Exp.",2,58402.848
"H5","USA","43","United States","CHN","China",2017,"Gross Imp.",1,80377.352
"H5","USA","43","United States","CHN","China",2018,"Gross Exp.",2,6378.88
"H5","USA","43","United States","CHN","China",2018,"Gross Imp.",1,76055.184
"H5","USA","43","United States","CHN","China",2019,"Gross Exp.",2,5498.576
"H5","USA","43","United States","CHN","China",2019,"Gross Imp.",1,39764.297
"H5","USA","43","United States","CHN","China",2020,"Gross Exp.",2,2372.947
"H5","USA","43","United States","CHN","China",2020,"Gross Imp.",1,19330.24
"H5","USA","43","United States","CHN","China",2021,"Gross Exp.",2,3604.218
"H5","USA","43","United States","CHN","China",2021,"Gross Imp.",1,25341.616
"H5","USA","43","United States","WLD"," World",2017,"Gross Exp.",2,287003.102
"H5","USA","43","United States","WLD"," World",2017,"Gross Imp.",1,293578.259
"H5","USA","43","United States","WLD"," World",2018,"Gross Exp.",2,200091.278
"H5","USA","43","United States","WLD"," World",2018,"Gross Imp.",1,234268.852
"H5","USA","43","United States","WLD"," World",2019,"Gross Exp.",2,144930.449
"H5","USA","43","United States","WLD"," World",2019,"Gross Imp.",1,210381.315
"H5","USA","43","United States","WLD"," World",2020,"Gross Exp.",2,158567.507
"H5","USA","43","United States","WLD"," World",2020,"Gross Imp.",1,147631.252
"H5","USA","43","United States","WLD"," World",2021,"Gross Exp.",2,142933.327
"H5","USA","43","United States","WLD"," World",2021,"Gross Imp.",1,183132.462
"H5","USA","44","United States","CHN","China",2017,"Gross Exp.",2,3197787.727
"H5","USA","44","United States","CHN","China",2017,"Gross Imp.",1,4275732.296
"H5","USA","44","United States","CHN","China",2018,"Gross Exp.",2,2863368.992
"H5","USA","44","United States","CHN","China",2018,"Gross Imp.",1,4453119.104
"H5","USA","44","United States","CHN","China",2019,"Gross Exp.",2,1572012.688
"H5","USA","44","United States","CHN","China",2019,"Gross Imp.",1,3137455.536
"H5","USA","44","United States","CHN","China",2020,"Gross Exp.",2,1575184.224
"H5","USA","44","United States","CHN","China",2020,"Gross Imp.",1,2703060.469
"H5","USA","44","United States","CHN","China",2021,"Gross Exp.",2,2054989.519
"H5","USA","44","United States","CHN","China",2021,"Gross Imp.",1,3366962.829
"H5","USA","44","United States","WLD"," World",2017,"Gross Exp.",2,9775356.3
"H5","USA","44","United States","WLD"," World",2017,"Gross Imp.",1,21103061.77
"H5","USA","44","United States","WLD"," World",2018,"Gross Exp.",2,9868268.624
"H5","USA","44","United States","WLD"," World",2018,"Gross Imp.",1,22606014.659
"H5","USA","44","United States","WLD"," World",2019,"Gross Exp.",2,8280268.717
"H5","USA","44","United States","WLD"," World",2019,"Gross Imp.",1,19304575.404
"H5","USA","44","United States","WLD"," World",2020,"Gross Exp.",2,7641331.517
"H5","USA","44","United States","WLD"," World",2020,"Gross Imp.",1,22602491.987
"H5","USA","44","United States","WLD"," World",2021,"Gross Exp.",2,9730896.141
"H5","USA","44","United States","WLD"," World",2021,"Gross Imp.",1,35544182.266
"H5","USA","45","United States","CHN","China",2017,"Gross Exp.",2,561.968
"H5","USA","45","United States","CHN","China",2017,"Gross Imp.",1,27874.201
"H5","USA","45","United States","CHN","China",2018,"Gross Exp.",2,349.38
"H5","USA","45","United States","CHN","China",2018,"Gross Imp.",1,25561.779
"H5","USA","45","United States","CHN","China",2019,"Gross Exp.",2,181.488
"H5","USA","45","United States","CHN","China",2019,"Gross Imp.",1,20301.733
"H5","USA","45","United States","CHN","China",2020,"Gross Exp.",2,90.501
"H5","USA","45","United States","CHN","China",2020,"Gross Imp.",1,16458.045
"H5","USA","45","United States","CHN","China",2021,"Gross Exp.",2,27.099
"H5","USA","45","United States","CHN","China",2021,"Gross Imp.",1,18427.975
"H5","USA","45","United States","WLD"," World",2017,"Gross Exp.",2,24695.882
"H5","USA","45","United States","WLD"," World",2017,"Gross Imp.",1,271965.962
"H5","USA","45","United States","WLD"," World",2018,"Gross Exp.",2,23407.243
"H5","USA","45","United States","WLD"," World",2018,"Gross Imp.",1,295504.982
"H5","USA","45","United States","WLD"," World",2019,"Gross Exp.",2,23230.635
"H5","USA","45","United States","WLD"," World",2019,"Gross Imp.",1,282376.733
"H5","USA","45","United States","WLD"," World",2020,"Gross Exp.",2,19433.719
"H5","USA","45","United States","WLD"," World",2020,"Gross Imp.",1,290354.474
"H5","USA","45","United States","WLD"," World",2021,"Gross Exp.",2,21090.98
"H5","USA","45","United States","WLD"," World",2021,"Gross Imp.",1,320037.211
"H5","USA","46","United States","CHN","China",2017,"Gross Exp.",2,819.978
"H5","USA","46","United States","CHN","China",2017,"Gross Imp.",1,337034.763
"H5","USA","46","United States","CHN","China",2018,"Gross Exp.",2,162.944
"H5","USA","46","United States","CHN","China",2018,"Gross Imp.",1,364704.852
"H5","USA","46","United States","CHN","China",2019,"Gross Exp.",2,62.553
"H5","USA","46","United States","CHN","China",2019,"Gross Imp.",1,278613.606
"H5","USA","46","United States","CHN","China",2020,"Gross Exp.",2,1614.679
"H5","USA","46","United States","CHN","China",2020,"Gross Imp.",1,261853.851
"H5","USA","46","United States","CHN","China",2021,"Gross Exp.",2,1533.352
"H5","USA","46","United States","CHN","China",2021,"Gross Imp.",1,356428.799
"H5","USA","46","United States","WLD"," World",2017,"Gross Exp.",2,18160.923
"H5","USA","46","United States","WLD"," World",2017,"Gross Imp.",1,578628.496
"H5","USA","46","United States","WLD"," World",2018,"Gross Exp.",2,20498.7
"H5","USA","46","United States","WLD"," World",2018,"Gross Imp.",1,639897.695
"H5","USA","46","United States","WLD"," World",2019,"Gross Exp.",2,17845.824
"H5","USA","46","United States","WLD"," World",2019,"Gross Imp.",1,640192.348
"H5","USA","46","United States","WLD"," World",2020,"Gross Exp.",2,20436.307
"H5","USA","46","United States","WLD"," World",2020,"Gross Imp.",1,596878.061
"H5","USA","46","United States","WLD"," World",2021,"Gross Exp.",2,26862.937
"H5","USA","46","United States","WLD"," World",2021,"Gross Imp.",1,873654.159
"H5","USA","47","United States","CHN","China",2017,"Gross Exp.",2,3358086.57
"H5","USA","47","United States","CHN","China",2017,"Gross Imp.",1,8144.793
"H5","USA","47","United States","CHN","China",2018,"Gross Exp.",2,2913138.418
"H5","USA","47","United States","CHN","China",2018,"Gross Imp.",1,7602.829
"H5","USA","47","United States","CHN","China",2019,"Gross Exp.",2,2312853.148
"H5","USA","47","United States","CHN","China",2019,"Gross Imp.",1,5774.767
"H5","USA","47","United States","CHN","China",2020,"Gross Exp.",2,2196484.912
"H5","USA","47","United States","CHN","China",2020,"Gross Imp.",1,4495.056
"H5","USA","47","United States","CHN","China",2021,"Gross Exp.",2,1915154.979
"H5","USA","47","United States","CHN","China",2021,"Gross Imp.",1,2893.111
"H5","USA","47","United States","WLD"," World",2017,"Gross Exp.",2,8764441.445
"H5","USA","47","United States","WLD"," World",2017,"Gross Imp.",1,3301617.736
"H5","USA","47","United States","WLD"," World",2018,"Gross Exp.",2,9413217.949
"H5","USA","47","United States","WLD"," World",2018,"Gross Imp.",1,3910716.916
"H5","USA","47","United States","WLD"," World",2019,"Gross Exp.",2,8518120.418
"H5","USA","47","United States","WLD"," World",2019,"Gross Imp.",1,3591209.489
"H5","USA","47","United States","WLD"," World",2020,"Gross Exp.",2,7626963.741
"H5","USA","47","United States","WLD"," World",2020,"Gross Imp.",1,3114131.67
"H5","USA","47","United States","WLD"," World",2021,"Gross Exp.",2,9677032.584
"H5","USA","47","United States","WLD"," World",2021,"Gross Imp.",1,4183716.204
"H5","USA","48","United States","CHN","China",2017,"Gross Exp.",2,775595.366
"H5","USA","48","United States","CHN","China",2017,"Gross Imp.",1,3592679.945
"H5","USA","48","United States","CHN","China",2018,"Gross Exp.",2,886944.497
"H5","USA","48","United States","CHN","China",2018,"Gross Imp.",1,3962357.841
"H5","USA","48","United States","CHN","China",2019,"Gross Exp.",2,684686.06
"H5","USA","48","United States","CHN","China",2019,"Gross Imp.",1,3188044.051
"H5","USA","48","United States","CHN","China",2020,"Gross Exp.",2,757691.123
"H5","USA","48","United States","CHN","China",2020,"Gross Imp.",1,2629186.177
"H5","USA","48","United States","CHN","China",2021,"Gross Exp.",2,610734.311
"H5","USA","48","United States","CHN","China",2021,"Gross Imp.",1,3028549.584
"H5","USA","48","United States","WLD"," World",2017,"Gross Exp.",2,15766131.103
"H5","USA","48","United States","WLD"," World",2017,"Gross Imp.",1,16370537.018
"H5","USA","48","United States","WLD"," World",2018,"Gross Exp.",2,16393727.121
"H5","USA","48","United States","WLD"," World",2018,"Gross Imp.",1,18092217.082
"H5","USA","48","United States","WLD"," World",2019,"Gross Exp.",2,15066618.729
"H5","USA","48","United States","WLD"," World",2019,"Gross Imp.",1,17332675.674
"H5","USA","48","United States","WLD"," World",2020,"Gross Exp.",2,13790898.966
"H5","USA","48","United States","WLD"," World",2020,"Gross Imp.",1,15686858.747
"H5","USA","48","United States","WLD"," World",2021,"Gross Exp.",2,15339370.243
"H5","USA","48","United States","WLD"," World",2021,"Gross Imp.",1,17766302.588
"H5","USA","49","United States","CHN","China",2017,"Gross Exp.",2,153965.579
"H5","USA","49","United States","CHN","China",2017,"Gross Imp.",1,2301322.655
"H5","USA","49","United States","CHN","China",2018,"Gross Exp.",2,153100.457
"H5","USA","49","United States","CHN","China",2018,"Gross Imp.",1,2452302.206
"H5","USA","49","United States","CHN","China",2019,"Gross Exp.",2,139656.077
"H5","USA","49","United States","CHN","China",2019,"Gross Imp.",1,2610260.97
"H5","USA","49","United States","CHN","China",2020,"Gross Exp.",2,121177.073
"H5","USA","49","United States","CHN","China",2020,"Gross Imp.",1,1983267.168
"H5","USA","49","United States","CHN","China",2021,"Gross Exp.",2,125298.822
"H5","USA","49","United States","CHN","China",2021,"Gross Imp.",1,2532183.693
"H5","USA","49","United States","WLD"," World",2017,"Gross Exp.",2,4455781.501
"H5","USA","49","United States","WLD"," World",2017,"Gross Imp.",1,4610304.529
"H5","USA","49","United States","WLD"," World",2018,"Gross Exp.",2,4335861.582
"H5","USA","49","United States","WLD"," World",2018,"Gross Imp.",1,4815563.474
"H5","USA","49","United States","WLD"," World",2019,"Gross Exp.",2,4226353.107
"H5","USA","49","United States","WLD"," World",2019,"Gross Imp.",1,4932885.439
"H5","USA","49","United States","WLD"," World",2020,"Gross Exp.",2,3660623.915
"H5","USA","49","United States","WLD"," World",2020,"Gross Imp.",1,4026797.387
"H5","USA","49","United States","WLD"," World",2021,"Gross Exp.",2,4200633.702
"H5","USA","49","United States","WLD"," World",2021,"Gross Imp.",1,5088013.587
"H5","USA","50","United States","CHN","China",2017,"Gross Exp.",2,5332.729
"H5","USA","50","United States","CHN","China",2017,"Gross Imp.",1,22902.249
"H5","USA","50","United States","CHN","China",2018,"Gross Exp.",2,2496.392
"H5","USA","50","United States","CHN","China",2018,"Gross Imp.",1,24103.063
"H5","USA","50","United States","CHN","China",2019,"Gross Exp.",2,113.9
"H5","USA","50","United States","CHN","China",2019,"Gross Imp.",1,12737.789
"H5","USA","50","United States","CHN","China",2020,"Gross Exp.",2,245.276
"H5","USA","50","United States","CHN","China",2020,"Gross Imp.",1,16588.458
"H5","USA","50","United States","CHN","China",2021,"Gross Exp.",2,55.248
"H5","USA","50","United States","CHN","China",2021,"Gross Imp.",1,9700.207
"H5","USA","50","United States","WLD"," World",2017,"Gross Exp.",2,13097.356
"H5","USA","50","United States","WLD"," World",2017,"Gross Imp.",1,84601.364
"H5","USA","50","United States","WLD"," World",2018,"Gross Exp.",2,7962.221
"H5","USA","50","United States","WLD"," World",2018,"Gross Imp.",1,87475.539
"H5","USA","50","United States","WLD"," World",2019,"Gross Exp.",2,7456.14
"H5","USA","50","United States","WLD"," World",2019,"Gross Imp.",1,72359.912
"H5","USA","50","United States","WLD"," World",2020,"Gross Exp.",2,4440.935
"H5","USA","50","United States","WLD"," World",2020,"Gross Imp.",1,50716.803
"H5","USA","50","United States","WLD"," World",2021,"Gross Exp.",2,5560.683
"H5","USA","50","United States","WLD"," World",2021,"Gross Imp.",1,52979.533
"H5","USA","51","United States","CHN","China",2017,"Gross Exp.",2,16894.89
"H5","USA","51","United States","CHN","China",2017,"Gross Imp.",1,22553.797
"H5","USA","51","United States","CHN","China",2018,"Gross Exp.",2,14963.559
"H5","USA","51","United States","CHN","China",2018,"Gross Imp.",1,25921.812
"H5","USA","51","United States","CHN","China",2019,"Gross Exp.",2,6807.449
"H5","USA","51","United States","CHN","China",2019,"Gross Imp.",1,9308.872
"H5","USA","51","United States","CHN","China",2020,"Gross Exp.",2,2999.985
"H5","USA","51","United States","CHN","China",2020,"Gross Imp.",1,5470.739
"H5","USA","51","United States","CHN","China",2021,"Gross Exp.",2,10378.52
"H5","USA","51","United States","CHN","China",2021,"Gross Imp.",1,8053.157
"H5","USA","51","United States","WLD"," World",2017,"Gross Exp.",2,75173.043
"H5","USA","51","United States","WLD"," World",2017,"Gross Imp.",1,274072.132
"H5","USA","51","United States","WLD"," World",2018,"Gross Exp.",2,76241.948
"H5","USA","51","United States","WLD"," World",2018,"Gross Imp.",1,287350.817
"H5","USA","51","United States","WLD"," World",2019,"Gross Exp.",2,60179.657
"H5","USA","51","United States","WLD"," World",2019,"Gross Imp.",1,273102.583
"H5","USA","51","United States","WLD"," World",2020,"Gross Exp.",2,45475.919
"H5","USA","51","United States","WLD"," World",2020,"Gross Imp.",1,201297.265
"H5","USA","51","United States","WLD"," World",2021,"Gross Exp.",2,61213.877
"H5","USA","51","United States","WLD"," World",2021,"Gross Imp.",1,260973.863
"H5","USA","52","United States","CHN","China",2017,"Gross Exp.",2,1048662.229
"H5","USA","52","United States","CHN","China",2017,"Gross Imp.",1,236102.071
"H5","USA","52","United States","CHN","China",2018,"Gross Exp.",2,948665.88
"H5","USA","52","United States","CHN","China",2018,"Gross Imp.",1,248189.185
"H5","USA","52","United States","CHN","China",2019,"Gross Exp.",2,710882.799
"H5","USA","52","United States","CHN","China",2019,"Gross Imp.",1,155110.126
"H5","USA","52","United States","CHN","China",2020,"Gross Exp.",2,1823720.408
"H5","USA","52","United States","CHN","China",2020,"Gross Imp.",1,155015.52
"H5","USA","52","United States","CHN","China",2021,"Gross Exp.",2,1344659.858
"H5","USA","52","United States","CHN","China",2021,"Gross Imp.",1,86192.468
"H5","USA","52","United States","WLD"," World",2017,"Gross Exp.",2,7635373.834
"H5","USA","52","United States","WLD"," World",2017,"Gross Imp.",1,938251.211
"H5","USA","52","United States","WLD"," World",2018,"Gross Exp.",2,8377508.337
"H5","USA","52","United States","WLD"," World",2018,"Gross Imp.",1,961088.851
"H5","USA","52","United States","WLD"," World",2019,"Gross Exp.",2,7905838.492
"H5","USA","52","United States","WLD"," World",2019,"Gross Imp.",1,863345.043
"H5","USA","52","United States","WLD"," World",2020,"Gross Exp.",2,7013425.487
"H5","USA","52","United States","WLD"," World",2020,"Gross Imp.",1,906751.15
"H5","USA","52","United States","WLD"," World",2021,"Gross Exp.",2,7157498.312
"H5","USA","52","United States","WLD"," World",2021,"Gross Imp.",1,985090.159
"H5","USA","53","United States","CHN","China",2017,"Gross Exp.",2,240.556
"H5","USA","53","United States","CHN","China",2017,"Gross Imp.",1,38394.789
"H5","USA","53","United States","CHN","China",2018,"Gross Exp.",2,307.23
"H5","USA","53","United States","CHN","China",2018,"Gross Imp.",1,37845.908
"H5","USA","53","United States","CHN","China",2019,"Gross Exp.",2,335.465
"H5","USA","53","United States","CHN","China",2019,"Gross Imp.",1,26805.084
"H5","USA","53","United States","CHN","China",2020,"Gross Exp.",2,56.486
"H5","USA","53","United States","CHN","China",2020,"Gross Imp.",1,18695.66
"H5","USA","53","United States","CHN","China",2021,"Gross Exp.",2,125.126
"H5","USA","53","United States","CHN","China",2021,"Gross Imp.",1,25289.228
"H5","USA","53","United States","WLD"," World",2017,"Gross Exp.",2,20100.879
"H5","USA","53","United States","WLD"," World",2017,"Gross Imp.",1,237228.824
"H5","USA","53","United States","WLD"," World",2018,"Gross Exp.",2,19835.837
"H5","USA","53","United States","WLD"," World",2018,"Gross Imp.",1,244684.107
"H5","USA","53","United States","WLD"," World",2019,"Gross Exp.",2,17797.478
"H5","USA","53","United States","WLD"," World",2019,"Gross Imp.",1,228838.184
"H5","USA","53","United States","WLD"," World",2020,"Gross Exp.",2,21827.976
"H5","USA","53","United States","WLD"," World",2020,"Gross Imp.",1,232239.032
"H5","USA","53","United States","WLD"," World",2021,"Gross Exp.",2,21705.394
"H5","USA","53","United States","WLD"," World",2021,"Gross Imp.",1,339871.683
"H5","USA","54","United States","CHN","China",2017,"Gross Exp.",2,113010.008
"H5","USA","54","United States","CHN","China",2017,"Gross Imp.",1,554049.599
"H5","USA","54","United States","CHN","China",2018,"Gross Exp.",2,107609.665
"H5","USA","54","United States","CHN","China",2018,"Gross Imp.",1,681252.431
"H5","USA","54","United States","CHN","China",2019,"Gross Exp.",2,100261.024
"H5","USA","54","United States","CHN","China",2019,"Gross Imp.",1,398110.565
"H5","USA","54","United States","CHN","China",2020,"Gross Exp.",2,87177.166
"H5","USA","54","United States","CHN","China",2020,"Gross Imp.",1,292040.497
"H5","USA","54","United States","CHN","China",2021,"Gross Exp.",2,101594.708
"H5","USA","54","United States","CHN","China",2021,"Gross Imp.",1,355886.848
"H5","USA","54","United States","WLD"," World",2017,"Gross Exp.",2,1777130.897
"H5","USA","54","United States","WLD"," World",2017,"Gross Imp.",1,2154697.12
"H5","USA","54","United States","WLD"," World",2018,"Gross Exp.",2,1764644.822
"H5","USA","54","United States","WLD"," World",2018,"Gross Imp.",1,2370768.962
"H5","USA","54","United States","WLD"," World",2019,"Gross Exp.",2,1711710.806
"H5","USA","54","United States","WLD"," World",2019,"Gross Imp.",1,2145955.266
"H5","USA","54","United States","WLD"," World",2020,"Gross Exp.",2,1292013.67
"H5","USA","54","United States","WLD"," World",2020,"Gross Imp.",1,1785653.296
"H5","USA","54","United States","WLD"," World",2021,"Gross Exp.",2,1475015.564
"H5","USA","54","United States","WLD"," World",2021,"Gross Imp.",1,2249786.332
"H5","USA","55","United States","CHN","China",2017,"Gross Exp.",2,173872.779
"H5","USA","55","United States","CHN","China",2017,"Gross Imp.",1,467602.405
"H5","USA","55","United States","CHN","China",2018,"Gross Exp.",2,132162.625
"H5","USA","55","United States","CHN","China",2018,"Gross Imp.",1,517351.821
"H5","USA","55","United States","CHN","China",2019,"Gross Exp.",2,62962.531
"H5","USA","55","United States","CHN","China",2019,"Gross Imp.",1,311976.485
"H5","USA","55","United States","CHN","China",2020,"Gross Exp.",2,48994.672
"H5","USA","55","United States","CHN","China",2020,"Gross Imp.",1,235903.36
"H5","USA","55","United States","CHN","China",2021,"Gross Exp.",2,65190.383
"H5","USA","55","United States","CHN","China",2021,"Gross Imp.",1,256823.826
"H5","USA","55","United States","WLD"," World",2017,"Gross Exp.",2,2164196.859
"H5","USA","55","United States","WLD"," World",2017,"Gross Imp.",1,1735974.272
"H5","USA","55","United States","WLD"," World",2018,"Gross Exp.",2,2279879.807
"H5","USA","55","United States","WLD"," World",2018,"Gross Imp.",1,1885047.929
"H5","USA","55","United States","WLD"," World",2019,"Gross Exp.",2,2214997.433
"H5","USA","55","United States","WLD"," World",2019,"Gross Imp.",1,1740762.727
"H5","USA","55","United States","WLD"," World",2020,"Gross Exp.",2,1782717.093
"H5","USA","55","United States","WLD"," World",2020,"Gross Imp.",1,1499914.795
"H5","USA","55","United States","WLD"," World",2021,"Gross Exp.",2,2092775.761
"H5","USA","55","United States","WLD"," World",2021,"Gross Imp.",1,1938848.868
"H5","USA","56","United States","CHN","China",2017,"Gross Exp.",2,185722.622
"H5","USA","56","United States","CHN","China",2017,"Gross Imp.",1,654149.407
"H5","USA","56","United States","CHN","China",2018,"Gross Exp.",2,196352.28
"H5","USA","56","United States","CHN","China",2018,"Gross Imp.",1,768969.068
"H5","USA","56","United States","CHN","China",2019,"Gross Exp.",2,162403.449
"H5","USA","56","United States","CHN","China",2019,"Gross Imp.",1,608004.457
"H5","USA","56","United States","CHN","China",2020,"Gross Exp.",2,219880.463
"H5","USA","56","United States","CHN","China",2020,"Gross Imp.",1,988887.683
"H5","USA","56","United States","CHN","China",2021,"Gross Exp.",2,185037.778
"H5","USA","56","United States","CHN","China",2021,"Gross Imp.",1,936760.126
"H5","USA","56","United States","WLD"," World",2017,"Gross Exp.",2,2408869.967
"H5","USA","56","United States","WLD"," World",2017,"Gross Imp.",1,2223534.957
"H5","USA","56","United States","WLD"," World",2018,"Gross Exp.",2,2479377.165
"H5","USA","56","United States","WLD"," World",2018,"Gross Imp.",1,2513629.326
"H5","USA","56","United States","WLD"," World",2019,"Gross Exp.",2,2423587.826
"H5","USA","56","United States","WLD"," World",2019,"Gross Imp.",1,2512174.655
"H5","USA","56","United States","WLD"," World",2020,"Gross Exp.",2,2391784.219
"H5","USA","56","United States","WLD"," World",2020,"Gross Imp.",1,3096342.455
"H5","USA","56","United States","WLD"," World",2021,"Gross Exp.",2,2605809.208
"H5","USA","56","United States","WLD"," World",2021,"Gross Imp.",1,3406427.598
"H5","USA","57","United States","CHN","China",2017,"Gross Exp.",2,18905.672
"H5","USA","57","United States","CHN","China",2017,"Gross Imp.",1,647481.579
"H5","USA","57","United States","CHN","China",2018,"Gross Exp.",2,15796.061
"H5","USA","57","United States","CHN","China",2018,"Gross Imp.",1,788767.053
"H5","USA","57","United States","CHN","China",2019,"Gross Exp.",2,15307.604
"H5","USA","57","United States","CHN","China",2019,"Gross Imp.",1,528128.081
"H5","USA","57","United States","CHN","China",2020,"Gross Exp.",2,3618.815
"H5","USA","57","United States","CHN","China",2020,"Gross Imp.",1,412864.747
"H5","USA","57","United States","CHN","China",2021,"Gross Exp.",2,4806.986
"H5","USA","57","United States","CHN","China",2021,"Gross Imp.",1,524836.987
"H5","USA","57","United States","WLD"," World",2017,"Gross Exp.",2,999204.41
"H5","USA","57","United States","WLD"," World",2017,"Gross Imp.",1,2903801.888
"H5","USA","57","United States","WLD"," World",2018,"Gross Exp.",2,977854.122
"H5","USA","57","United States","WLD"," World",2018,"Gross Imp.",1,3256226.228
"H5","USA","57","United States","WLD"," World",2019,"Gross Exp.",2,909949.966
"H5","USA","57","United States","WLD"," World",2019,"Gross Imp.",1,3053757.035
"H5","USA","57","United States","WLD"," World",2020,"Gross Exp.",2,770494.882
"H5","USA","57","United States","WLD"," World",2020,"Gross Imp.",1,3095600.238
"H5","USA","57","United States","WLD"," World",2021,"Gross Exp.",2,773520.815
"H5","USA","57","United States","WLD"," World",2021,"Gross Imp.",1,4222670.377
"H5","USA","58","United States","CHN","China",2017,"Gross Exp.",2,12431.269
"H5","USA","58","United States","CHN","China",2017,"Gross Imp.",1,310254.572
"H5","USA","58","United States","CHN","China",2018,"Gross Exp.",2,11975.385
"H5","USA","58","United States","CHN","China",2018,"Gross Imp.",1,319323.986
"H5","USA","58","United States","CHN","China",2019,"Gross Exp.",2,11043.298
"H5","USA","58","United States","CHN","China",2019,"Gross Imp.",1,263212.87
"H5","USA","58","United States","CHN","China",2020,"Gross Exp.",2,8070.268
"H5","USA","58","United States","CHN","China",2020,"Gross Imp.",1,244887.727
"H5","USA","58","United States","CHN","China",2021,"Gross Exp.",2,12098.148
"H5","USA","58","United States","CHN","China",2021,"Gross Imp.",1,297474.379
"H5","USA","58","United States","WLD"," World",2017,"Gross Exp.",2,492175.424
"H5","USA","58","United States","WLD"," World",2017,"Gross Imp.",1,762236.476
"H5","USA","58","United States","WLD"," World",2018,"Gross Exp.",2,504413.41
"H5","USA","58","United States","WLD"," World",2018,"Gross Imp.",1,795204.582
"H5","USA","58","United States","WLD"," World",2019,"Gross Exp.",2,467809.294
"H5","USA","58","United States","WLD"," World",2019,"Gross Imp.",1,752197.203
"H5","USA","58","United States","WLD"," World",2020,"Gross Exp.",2,337612.921
"H5","USA","58","United States","WLD"," World",2020,"Gross Imp.",1,673556.196
"H5","USA","58","United States","WLD"," World",2021,"Gross Exp.",2,403332.072
"H5","USA","58","United States","WLD"," World",2021,"Gross Imp.",1,857523.353
"H5","USA","59","United States","CHN","China",2017,"Gross Exp.",2,112909.664
"H5","USA","59","United States","CHN","China",2017,"Gross Imp.",1,555061.804
"H5","USA","59","United States","CHN","China",2018,"Gross Exp.",2,113446.028
"H5","USA","59","United States","CHN","China",2018,"Gross Imp.",1,664939.214
"H5","USA","59","United States","CHN","China",2019,"Gross Exp.",2,106161.783
"H5","USA","59","United States","CHN","China",2019,"Gross Imp.",1,459658.562
"H5","USA","59","United States","CHN","China",2020,"Gross Exp.",2,91495.543
"H5","USA","59","United States","CHN","China",2020,"Gross Imp.",1,370690.799
"H5","USA","59","United States","CHN","China",2021,"Gross Exp.",2,95278.561
"H5","USA","59","United States","CHN","China",2021,"Gross Imp.",1,465636.519
"H5","USA","59","United States","WLD"," World",2017,"Gross Exp.",2,2292291.655
"H5","USA","59","United States","WLD"," World",2017,"Gross Imp.",1,2670418.139
"H5","USA","59","United States","WLD"," World",2018,"Gross Exp.",2,2337997.004
"H5","USA","59","United States","WLD"," World",2018,"Gross Imp.",1,2899735.73
"H5","USA","59","United States","WLD"," World",2019,"Gross Exp.",2,2149089.906
"H5","USA","59","United States","WLD"," World",2019,"Gross Imp.",1,2761767.631
"H5","USA","59","United States","WLD"," World",2020,"Gross Exp.",2,1890661.569
"H5","USA","59","United States","WLD"," World",2020,"Gross Imp.",1,2429597.658
"H5","USA","59","United States","WLD"," World",2021,"Gross Exp.",2,2087676.681
"H5","USA","59","United States","WLD"," World",2021,"Gross Imp.",1,3109198.596
"H5","USA","60","United States","CHN","China",2017,"Gross Exp.",2,13859.867
"H5","USA","60","United States","CHN","China",2017,"Gross Imp.",1,470498.442
"H5","USA","60","United States","CHN","China",2018,"Gross Exp.",2,14462.854
"H5","USA","60","United States","CHN","China",2018,"Gross Imp.",1,467356.55
"H5","USA","60","United States","CHN","China",2019,"Gross Exp.",2,16187.786
"H5","USA","60","United States","CHN","China",2019,"Gross Imp.",1,339196.768
"H5","USA","60","United States","CHN","China",2020,"Gross Exp.",2,11114.984
"H5","USA","60","United States","CHN","China",2020,"Gross Imp.",1,286052.469
"H5","USA","60","United States","CHN","China",2021,"Gross Exp.",2,10254.535
"H5","USA","60","United States","CHN","China",2021,"Gross Imp.",1,318583.731
"H5","USA","60","United States","WLD"," World",2017,"Gross Exp.",2,882424.207
"H5","USA","60","United States","WLD"," World",2017,"Gross Imp.",1,1048187.21
"H5","USA","60","United States","WLD"," World",2018,"Gross Exp.",2,868817.736
"H5","USA","60","United States","WLD"," World",2018,"Gross Imp.",1,1088145.625
"H5","USA","60","United States","WLD"," World",2019,"Gross Exp.",2,824548.701
"H5","USA","60","United States","WLD"," World",2019,"Gross Imp.",1,966005.063
"H5","USA","60","United States","WLD"," World",2020,"Gross Exp.",2,658244.791
"H5","USA","60","United States","WLD"," World",2020,"Gross Imp.",1,882050.498
"H5","USA","60","United States","WLD"," World",2021,"Gross Exp.",2,821773.499
"H5","USA","60","United States","WLD"," World",2021,"Gross Imp.",1,1092835.517
"H5","USA","61","United States","CHN","China",2017,"Gross Exp.",2,41069.619
"H5","USA","61","United States","CHN","China",2017,"Gross Imp.",1,14884551.494
"H5","USA","61","United States","CHN","China",2018,"Gross Exp.",2,63377.226
"H5","USA","61","United States","CHN","China",2018,"Gross Imp.",1,15386553.651
"H5","USA","61","United States","CHN","China",2019,"Gross Exp.",2,83627.798
"H5","USA","61","United States","CHN","China",2019,"Gross Imp.",1,14184120.764
"H5","USA","61","United States","CHN","China",2020,"Gross Exp.",2,53343.449
"H5","USA","61","United States","CHN","China",2020,"Gross Imp.",1,9352063.324
"H5","USA","61","United States","CHN","China",2021,"Gross Exp.",2,59194.085
"H5","USA","61","United States","CHN","China",2021,"Gross Imp.",1,13078430.785
"H5","USA","61","United States","WLD"," World",2017,"Gross Exp.",2,2685047.561
"H5","USA","61","United States","WLD"," World",2017,"Gross Imp.",1,45748924.363
"H5","USA","61","United States","WLD"," World",2018,"Gross Exp.",2,2904918.59
"H5","USA","61","United States","WLD"," World",2018,"Gross Imp.",1,47698335.626
"H5","USA","61","United States","WLD"," World",2019,"Gross Exp.",2,2961046.557
"H5","USA","61","United States","WLD"," World",2019,"Gross Imp.",1,48241179.417
"H5","USA","61","United States","WLD"," World",2020,"Gross Exp.",2,2305423.538
"H5","USA","61","United States","WLD"," World",2020,"Gross Imp.",1,38263896.504
"H5","USA","61","United States","WLD"," World",2021,"Gross Exp.",2,3014942.783
"H5","USA","61","United States","WLD"," World",2021,"Gross Imp.",1,52283427.843
"H5","USA","62","United States","CHN","China",2017,"Gross Exp.",2,45176.183
"H5","USA","62","United States","CHN","China",2017,"Gross Imp.",1,13508851.929
"H5","USA","62","United States","CHN","China",2018,"Gross Exp.",2,70145.63
"H5","USA","62","United States","CHN","China",2018,"Gross Imp.",1,13441021.436
"H5","USA","62","United States","CHN","China",2019,"Gross Exp.",2,42992.246
"H5","USA","62","United States","CHN","China",2019,"Gross Imp.",1,12212582.356
"H5","USA","62","United States","CHN","China",2020,"Gross Exp.",2,60588.822
"H5","USA","62","United States","CHN","China",2020,"Gross Imp.",1,10193305.895
"H5","USA","62","United States","CHN","China",2021,"Gross Exp.",2,89742.19
"H5","USA","62","United States","CHN","China",2021,"Gross Imp.",1,8924111.707
"H5","USA","62","United States","WLD"," World",2017,"Gross Exp.",2,2300241.311
"H5","USA","62","United States","WLD"," World",2017,"Gross Imp.",1,37807716.274
"H5","USA","62","United States","WLD"," World",2018,"Gross Exp.",2,2388412.733
"H5","USA","62","United States","WLD"," World",2018,"Gross Imp.",1,39029999.093
"H5","USA","62","United States","WLD"," World",2019,"Gross Exp.",2,2243549.377
"H5","USA","62","United States","WLD"," World",2019,"Gross Imp.",1,39281623.129
"H5","USA","62","United States","WLD"," World",2020,"Gross Exp.",2,1772903.238
"H5","USA","62","United States","WLD"," World",2020,"Gross Imp.",1,32923447.949
"H5","USA","62","United States","WLD"," World",2021,"Gross Exp.",2,2145589.423
"H5","USA","62","United States","WLD"," World",2021,"Gross Imp.",1,35064055.539
"H5","USA","63","United States","CHN","China",2017,"Gross Exp.",2,18925.258
"H5","USA","63","United States","CHN","China",2017,"Gross Imp.",1,8415209.505
"H5","USA","63","United States","CHN","China",2018,"Gross Exp.",2,20551.097
"H5","USA","63","United States","CHN","China",2018,"Gross Imp.",1,9031580.79
"H5","USA","63","United States","CHN","China",2019,"Gross Exp.",2,21850.751
"H5","USA","63","United States","CHN","China",2019,"Gross Imp.",1,9484306.649
"H5","USA","63","United States","CHN","China",2020,"Gross Exp.",2,43846.499
"H5","USA","63","United States","CHN","China",2020,"Gross Imp.",1,22256728.366
"H5","USA","63","United States","CHN","China",2021,"Gross Exp.",2,67085.956
"H5","USA","63","United States","CHN","China",2021,"Gross Imp.",1,12073299.559
"H5","USA","63","United States","WLD"," World",2017,"Gross Exp.",2,2138083.295
"H5","USA","63","United States","WLD"," World",2017,"Gross Imp.",1,15347600.107
"H5","USA","63","United States","WLD"," World",2018,"Gross Exp.",2,2179202.654
"H5","USA","63","United States","WLD"," World",2018,"Gross Imp.",1,16251686.756
"H5","USA","63","United States","WLD"," World",2019,"Gross Exp.",2,2220362.861
"H5","USA","63","United States","WLD"," World",2019,"Gross Imp.",1,16870810.223
"H5","USA","63","United States","WLD"," World",2020,"Gross Exp.",2,2482665.175
"H5","USA","63","United States","WLD"," World",2020,"Gross Imp.",1,31080077.816
"H5","USA","63","United States","WLD"," World",2021,"Gross Exp.",2,2876826.123
"H5","USA","63","United States","WLD"," World",2021,"Gross Imp.",1,22051827.166
"H5","USA","64","United States","CHN","China",2017,"Gross Exp.",2,108769.823
"H5","USA","64","United States","CHN","China",2017,"Gross Imp.",1,14837740.065
"H5","USA","64","United States","CHN","China",2018,"Gross Exp.",2,150792.186
"H5","USA","64","United States","CHN","China",2018,"Gross Imp.",1,14642337.832
"H5","USA","64","United States","CHN","China",2019,"Gross Exp.",2,269627.339
"H5","USA","64","United States","CHN","China",2019,"Gross Imp.",1,14042804.665
"H5","USA","64","United States","CHN","China",2020,"Gross Exp.",2,175552.27
"H5","USA","64","United States","CHN","China",2020,"Gross Imp.",1,9157629.74
"H5","USA","64","United States","CHN","China",2021,"Gross Exp.",2,130636.046
"H5","USA","64","United States","CHN","China",2021,"Gross Imp.",1,12292908.454
"H5","USA","64","United States","WLD"," World",2017,"Gross Exp.",2,1432622.869
"H5","USA","64","United States","WLD"," World",2017,"Gross Imp.",1,26607286.687
"H5","USA","64","United States","WLD"," World",2018,"Gross Exp.",2,1562104.014
"H5","USA","64","United States","WLD"," World",2018,"Gross Imp.",1,27543109.819
"H5","USA","64","United States","WLD"," World",2019,"Gross Exp.",2,1635096.161
"H5","USA","64","United States","WLD"," World",2019,"Gross Imp.",1,28192905.999
"H5","USA","64","United States","WLD"," World",2020,"Gross Exp.",2,1134511.266
"H5","USA","64","United States","WLD"," World",2020,"Gross Imp.",1,21509715.49
"H5","USA","64","United States","WLD"," World",2021,"Gross Exp.",2,1147291.092
"H5","USA","64","United States","WLD"," World",2021,"Gross Imp.",1,28644840.621
"H5","USA","65","United States","CHN","China",2017,"Gross Exp.",2,5117.241
"H5","USA","65","United States","CHN","China",2017,"Gross Imp.",1,1601818.287
"H5","USA","65","United States","CHN","China",2018,"Gross Exp.",2,5120.634
"H5","USA","65","United States","CHN","China",2018,"Gross Imp.",1,1713107.488
"H5","USA","65","United States","CHN","China",2019,"Gross Exp.",2,5685.284
"H5","USA","65","United States","CHN","China",2019,"Gross Imp.",1,1443701.153
"H5","USA","65","United States","CHN","China",2020,"Gross Exp.",2,5992.467
"H5","USA","65","United States","CHN","China",2020,"Gross Imp.",1,1136446.579
"H5","USA","65","United States","CHN","China",2021,"Gross Exp.",2,4489.874
"H5","USA","65","United States","CHN","China",2021,"Gross Imp.",1,1467909.749
"H5","USA","65","United States","WLD"," World",2017,"Gross Exp.",2,301264.757
"H5","USA","65","United States","WLD"," World",2017,"Gross Imp.",1,2491389.124
"H5","USA","65","United States","WLD"," World",2018,"Gross Exp.",2,329189.421
"H5","USA","65","United States","WLD"," World",2018,"Gross Imp.",1,2714135.947
"H5","USA","65","United States","WLD"," World",2019,"Gross Exp.",2,334031.076
"H5","USA","65","United States","WLD"," World",2019,"Gross Imp.",1,2633760.661
"H5","USA","65","United States","WLD"," World",2020,"Gross Exp.",2,294993.48
"H5","USA","65","United States","WLD"," World",2020,"Gross Imp.",1,2315221.003
"H5","USA","65","United States","WLD"," World",2021,"Gross Exp.",2,360843.816
"H5","USA","65","United States","WLD"," World",2021,"Gross Imp.",1,3057748.411
"H5","USA","66","United States","CHN","China",2017,"Gross Exp.",2,428.019
"H5","USA","66","United States","CHN","China",2017,"Gross Imp.",1,616316.49
"H5","USA","66","United States","CHN","China",2018,"Gross Exp.",2,914.663
"H5","USA","66","United States","CHN","China",2018,"Gross Imp.",1,617075.874
"H5","USA","66","United States","CHN","China",2019,"Gross Exp.",2,670.664
"H5","USA","66","United States","CHN","China",2019,"Gross Imp.",1,633109.535
"H5","USA","66","United States","CHN","China",2020,"Gross Exp.",2,666.591
"H5","USA","66","United States","CHN","China",2020,"Gross Imp.",1,534697.637
"H5","USA","66","United States","CHN","China",2021,"Gross Exp.",2,386.558
"H5","USA","66","United States","CHN","China",2021,"Gross Imp.",1,735767.947
"H5","USA","66","United States","WLD"," World",2017,"Gross Exp.",2,38286.108
"H5","USA","66","United States","WLD"," World",2017,"Gross Imp.",1,662710.44
"H5","USA","66","United States","WLD"," World",2018,"Gross Exp.",2,36860.82
"H5","USA","66","United States","WLD"," World",2018,"Gross Imp.",1,665040.146
"H5","USA","66","United States","WLD"," World",2019,"Gross Exp.",2,39208.445
"H5","USA","66","United States","WLD"," World",2019,"Gross Imp.",1,683078.548
"H5","USA","66","United States","WLD"," World",2020,"Gross Exp.",2,33860.94
"H5","USA","66","United States","WLD"," World",2020,"Gross Imp.",1,575649.501
"H5","USA","66","United States","WLD"," World",2021,"Gross Exp.",2,44692.594
"H5","USA","66","United States","WLD"," World",2021,"Gross Imp.",1,791086.386
"H5","USA","67","United States","CHN","China",2017,"Gross Exp.",2,7125.149
"H5","USA","67","United States","CHN","China",2017,"Gross Imp.",1,1710095.706
"H5","USA","67","United States","CHN","China",2018,"Gross Exp.",2,9888.116
"H5","USA","67","United States","CHN","China",2018,"Gross Imp.",1,1928392.721
"H5","USA","67","United States","CHN","China",2019,"Gross Exp.",2,7682.163
"H5","USA","67","United States","CHN","China",2019,"Gross Imp.",1,2130223.846
"H5","USA","67","United States","CHN","China",2020,"Gross Exp.",2,7055.274
"H5","USA","67","United States","CHN","China",2020,"Gross Imp.",1,1718843.675
"H5","USA","67","United States","CHN","China",2021,"Gross Exp.",2,6678.2
"H5","USA","67","United States","CHN","China",2021,"Gross Imp.",1,2646276.025
"H5","USA","67","United States","WLD"," World",2017,"Gross Exp.",2,152716.007
"H5","USA","67","United States","WLD"," World",2017,"Gross Imp.",1,2278802.546
"H5","USA","67","United States","WLD"," World",2018,"Gross Exp.",2,161164.083
"H5","USA","67","United States","WLD"," World",2018,"Gross Imp.",1,2513508.515
"H5","USA","67","United States","WLD"," World",2019,"Gross Exp.",2,148912.376
"H5","USA","67","United States","WLD"," World",2019,"Gross Imp.",1,2673585.538
"H5","USA","67","United States","WLD"," World",2020,"Gross Exp.",2,118045.879
"H5","USA","67","United States","WLD"," World",2020,"Gross Imp.",1,2221030.357
"H5","USA","67","United States","WLD"," World",2021,"Gross Exp.",2,131053.902
"H5","USA","67","United States","WLD"," World",2021,"Gross Imp.",1,3336421.451
"H5","USA","68","United States","CHN","China",2017,"Gross Exp.",2,266056.019
"H5","USA","68","United States","CHN","China",2017,"Gross Imp.",1,2124657.733
"H5","USA","68","United States","CHN","China",2018,"Gross Exp.",2,236176.251
"H5","USA","68","United States","CHN","China",2018,"Gross Imp.",1,2390359.129
"H5","USA","68","United States","CHN","China",2019,"Gross Exp.",2,239950.482
"H5","USA","68","United States","CHN","China",2019,"Gross Imp.",1,1203986.133
"H5","USA","68","United States","CHN","China",2020,"Gross Exp.",2,230367.608
"H5","USA","68","United States","CHN","China",2020,"Gross Imp.",1,1026999.271
"H5","USA","68","United States","CHN","China",2021,"Gross Exp.",2,303904.1
"H5","USA","68","United States","CHN","China",2021,"Gross Imp.",1,1332852.919
"H5","USA","68","United States","WLD"," World",2017,"Gross Exp.",2,3956275.269
"H5","USA","68","United States","WLD"," World",2017,"Gross Imp.",1,8399894.663
"H5","USA","68","United States","WLD"," World",2018,"Gross Exp.",2,4101522.815
"H5","USA","68","United States","WLD"," World",2018,"Gross Imp.",1,8881315.118
"H5","USA","68","United States","WLD"," World",2019,"Gross Exp.",2,4017207.98
"H5","USA","68","United States","WLD"," World",2019,"Gross Imp.",1,8526274.091
"H5","USA","68","United States","WLD"," World",2020,"Gross Exp.",2,3262106.52
"H5","USA","68","United States","WLD"," World",2020,"Gross Imp.",1,8024542.912
"H5","USA","68","United States","WLD"," World",2021,"Gross Exp.",2,3860608.533
"H5","USA","68","United States","WLD"," World",2021,"Gross Imp.",1,10330506.924
"H5","USA","69","United States","CHN","China",2017,"Gross Exp.",2,120240.168
"H5","USA","69","United States","CHN","China",2017,"Gross Imp.",1,2612215.712
"H5","USA","69","United States","CHN","China",2018,"Gross Exp.",2,148208.566
"H5","USA","69","United States","CHN","China",2018,"Gross Imp.",1,2955891.405
"H5","USA","69","United States","CHN","China",2019,"Gross Exp.",2,180434.319
"H5","USA","69","United States","CHN","China",2019,"Gross Imp.",1,2743398.641
"H5","USA","69","United States","CHN","China",2020,"Gross Exp.",2,174382.146
"H5","USA","69","United States","CHN","China",2020,"Gross Imp.",1,2090952.466
"H5","USA","69","United States","CHN","China",2021,"Gross Exp.",2,222956.599
"H5","USA","69","United States","CHN","China",2021,"Gross Imp.",1,2935268.348
"H5","USA","69","United States","WLD"," World",2017,"Gross Exp.",2,1928868.674
"H5","USA","69","United States","WLD"," World",2017,"Gross Imp.",1,6655369.487
"H5","USA","69","United States","WLD"," World",2018,"Gross Exp.",2,2054115.708
"H5","USA","69","United States","WLD"," World",2018,"Gross Imp.",1,7188847.776
"H5","USA","69","United States","WLD"," World",2019,"Gross Exp.",2,2097185.592
"H5","USA","69","United States","WLD"," World",2019,"Gross Imp.",1,7007824.672
"H5","USA","69","United States","WLD"," World",2020,"Gross Exp.",2,1801200.335
"H5","USA","69","United States","WLD"," World",2020,"Gross Imp.",1,6338259.422
"H5","USA","69","United States","WLD"," World",2021,"Gross Exp.",2,2297719.004
"H5","USA","69","United States","WLD"," World",2021,"Gross Imp.",1,8366256.529
"H5","USA","70","United States","CHN","China",2017,"Gross Exp.",2,424296.637
"H5","USA","70","United States","CHN","China",2017,"Gross Imp.",1,3225153.487
"H5","USA","70","United States","CHN","China",2018,"Gross Exp.",2,446709.116
"H5","USA","70","United States","CHN","China",2018,"Gross Imp.",1,3682540.114
"H5","USA","70","United States","CHN","China",2019,"Gross Exp.",2,358434.462
"H5","USA","70","United States","CHN","China",2019,"Gross Imp.",1,3025118.99
"H5","USA","70","United States","CHN","China",2020,"Gross Exp.",2,388955.734
"H5","USA","70","United States","CHN","China",2020,"Gross Imp.",1,2557410.429
"H5","USA","70","United States","CHN","China",2021,"Gross Exp.",2,482887.904
"H5","USA","70","United States","CHN","China",2021,"Gross Imp.",1,3379434.867
"H5","USA","70","United States","WLD"," World",2017,"Gross Exp.",2,5828952.686
"H5","USA","70","United States","WLD"," World",2017,"Gross Imp.",1,7933153.1
"H5","USA","70","United States","WLD"," World",2018,"Gross Exp.",2,5810649.015
"H5","USA","70","United States","WLD"," World",2018,"Gross Imp.",1,8712064.675
"H5","USA","70","United States","WLD"," World",2019,"Gross Exp.",2,5540935.129
"H5","USA","70","United States","WLD"," World",2019,"Gross Imp.",1,8150759.374
"H5","USA","70","United States","WLD"," World",2020,"Gross Exp.",2,4942765.74
"H5","USA","70","United States","WLD"," World",2020,"Gross Imp.",1,7481679.042
"H5","USA","70","United States","WLD"," World",2021,"Gross Exp.",2,5634457.374
"H5","USA","70","United States","WLD"," World",2021,"Gross Imp.",1,9490683.422
"H5","USA","71","United States","CHN","China",2017,"Gross Exp.",2,1179183.149
"H5","USA","71","United States","CHN","China",2017,"Gross Imp.",1,2957190.694
"H5","USA","71","United States","CHN","China",2018,"Gross Exp.",2,1658092.267
"H5","USA","71","United States","CHN","China",2018,"Gross Imp.",1,3137377.457
"H5","USA","71","United States","CHN","China",2019,"Gross Exp.",2,1179625.828
"H5","USA","71","United States","CHN","China",2019,"Gross Imp.",1,2704622.031
"H5","USA","71","United States","CHN","China",2020,"Gross Exp.",2,2873147.177
"H5","USA","71","United States","CHN","China",2020,"Gross Imp.",1,1320894.751
"H5","USA","71","United States","CHN","China",2021,"Gross Exp.",2,3519966.465
"H5","USA","71","United States","CHN","China",2021,"Gross Imp.",1,1943567.477
"H5","USA","71","United States","WLD"," World",2017,"Gross Exp.",2,59594774.994
"H5","USA","71","United States","WLD"," World",2017,"Gross Imp.",1,58779047.269
"H5","USA","71","United States","WLD"," World",2018,"Gross Exp.",2,63106744.868
"H5","USA","71","United States","WLD"," World",2018,"Gross Imp.",1,59833690.496
"H5","USA","71","United States","WLD"," World",2019,"Gross Exp.",2,58711713.585
"H5","USA","71","United States","WLD"," World",2019,"Gross Imp.",1,57168219.46
"H5","USA","71","United States","WLD"," World",2020,"Gross Exp.",2,58810543.095
"H5","USA","71","United States","WLD"," World",2020,"Gross Imp.",1,104819659.766
"H5","USA","71","United States","WLD"," World",2021,"Gross Exp.",2,81452116.491
"H5","USA","71","United States","WLD"," World",2021,"Gross Imp.",1,91899738.975
"H5","USA","72","United States","CHN","China",2017,"Gross Exp.",2,1067839.316
"H5","USA","72","United States","CHN","China",2017,"Gross Imp.",1,681416.428
"H5","USA","72","United States","CHN","China",2018,"Gross Exp.",2,557874.959
"H5","USA","72","United States","CHN","China",2018,"Gross Imp.",1,697393.169
"H5","USA","72","United States","CHN","China",2019,"Gross Exp.",2,258977.167
"H5","USA","72","United States","CHN","China",2019,"Gross Imp.",1,536866.314
"H5","USA","72","United States","CHN","China",2020,"Gross Exp.",2,443665.609
"H5","USA","72","United States","CHN","China",2020,"Gross Imp.",1,340912.683
"H5","USA","72","United States","CHN","China",2021,"Gross Exp.",2,341171.68
"H5","USA","72","United States","CHN","China",2021,"Gross Imp.",1,599922.796
"H5","USA","72","United States","WLD"," World",2017,"Gross Exp.",2,16105489.764
"H5","USA","72","United States","WLD"," World",2017,"Gross Imp.",1,28816847.585
"H5","USA","72","United States","WLD"," World",2018,"Gross Exp.",2,16496255.323
"H5","USA","72","United States","WLD"," World",2018,"Gross Imp.",1,31096551.899
"H5","USA","72","United States","WLD"," World",2019,"Gross Exp.",2,14378702.323
"H5","USA","72","United States","WLD"," World",2019,"Gross Imp.",1,24617009.608
"H5","USA","72","United States","WLD"," World",2020,"Gross Exp.",2,12272225.426
"H5","USA","72","United States","WLD"," World",2020,"Gross Imp.",1,18805282.391
"H5","USA","72","United States","WLD"," World",2021,"Gross Exp.",2,18557155.244
"H5","USA","72","United States","WLD"," World",2021,"Gross Imp.",1,38901861.997
"H5","USA","73","United States","CHN","China",2017,"Gross Exp.",2,708417.454
"H5","USA","73","United States","CHN","China",2017,"Gross Imp.",1,12480779.659
"H5","USA","73","United States","CHN","China",2018,"Gross Exp.",2,723703.836
"H5","USA","73","United States","CHN","China",2018,"Gross Imp.",1,14185257.279
"H5","USA","73","United States","CHN","China",2019,"Gross Exp.",2,598526.773
"H5","USA","73","United States","CHN","China",2019,"Gross Imp.",1,11894238.169
"H5","USA","73","United States","CHN","China",2020,"Gross Exp.",2,579997.874
"H5","USA","73","United States","CHN","China",2020,"Gross Imp.",1,11577858.873
"H5","USA","73","United States","CHN","China",2021,"Gross Exp.",2,719354.468
"H5","USA","73","United States","CHN","China",2021,"Gross Imp.",1,15399300.317
"H5","USA","73","United States","WLD"," World",2017,"Gross Exp.",2,18440973.086
"H5","USA","73","United States","WLD"," World",2017,"Gross Imp.",1,39124653.65
"H5","USA","73","United States","WLD"," World",2018,"Gross Exp.",2,19257990.91
"H5","USA","73","United States","WLD"," World",2018,"Gross Imp.",1,43251679.799
"H5","USA","73","United States","WLD"," World",2019,"Gross Exp.",2,18687071.642
"H5","USA","73","United States","WLD"," World",2019,"Gross Imp.",1,41126391.48
"H5","USA","73","United States","WLD"," World",2020,"Gross Exp.",2,16000982.002
"H5","USA","73","United States","WLD"," World",2020,"Gross Imp.",1,36078629.359
"H5","USA","73","United States","WLD"," World",2021,"Gross Exp.",2,19246739.758
"H5","USA","73","United States","WLD"," World",2021,"Gross Imp.",1,48000232.989
"H5","USA","74","United States","CHN","China",2017,"Gross Exp.",2,1936206.908
"H5","USA","74","United States","CHN","China",2017,"Gross Imp.",1,557189.347
"H5","USA","74","United States","CHN","China",2018,"Gross Exp.",2,1570765.508
"H5","USA","74","United States","CHN","China",2018,"Gross Imp.",1,653655.705
"H5","USA","74","United States","CHN","China",2019,"Gross Exp.",2,545340.551
"H5","USA","74","United States","CHN","China",2019,"Gross Imp.",1,495307.573
"H5","USA","74","United States","CHN","China",2020,"Gross Exp.",2,649254.494
"H5","USA","74","United States","CHN","China",2020,"Gross Imp.",1,395145.312
"H5","USA","74","United States","CHN","China",2021,"Gross Exp.",2,1602490.589
"H5","USA","74","United States","CHN","China",2021,"Gross Imp.",1,587532.184
"H5","USA","74","United States","WLD"," World",2017,"Gross Exp.",2,7183465.515
"H5","USA","74","United States","WLD"," World",2017,"Gross Imp.",1,10100351.786
"H5","USA","74","United States","WLD"," World",2018,"Gross Exp.",2,8415635.436
"H5","USA","74","United States","WLD"," World",2018,"Gross Imp.",1,10958953.651
"H5","USA","74","United States","WLD"," World",2019,"Gross Exp.",2,7313542.06
"H5","USA","74","United States","WLD"," World",2019,"Gross Imp.",1,9623137.45
"H5","USA","74","United States","WLD"," World",2020,"Gross Exp.",2,6452753.635
"H5","USA","74","United States","WLD"," World",2020,"Gross Imp.",1,9063582.435
"H5","USA","74","United States","WLD"," World",2021,"Gross Exp.",2,10380039.331
"H5","USA","74","United States","WLD"," World",2021,"Gross Imp.",1,16222914.773
"H5","USA","75","United States","CHN","China",2017,"Gross Exp.",2,229784.609
"H5","USA","75","United States","CHN","China",2017,"Gross Imp.",1,54254.32
"H5","USA","75","United States","CHN","China",2018,"Gross Exp.",2,274796.746
"H5","USA","75","United States","CHN","China",2018,"Gross Imp.",1,67497.448
"H5","USA","75","United States","CHN","China",2019,"Gross Exp.",2,316568.055
"H5","USA","75","United States","CHN","China",2019,"Gross Imp.",1,40452.289
"H5","USA","75","United States","CHN","China",2020,"Gross Exp.",2,287206.828
"H5","USA","75","United States","CHN","China",2020,"Gross Imp.",1,31753.035
"H5","USA","75","United States","CHN","China",2021,"Gross Exp.",2,401315.486
"H5","USA","75","United States","CHN","China",2021,"Gross Imp.",1,27117.747
"H5","USA","75","United States","WLD"," World",2017,"Gross Exp.",2,2007420.43
"H5","USA","75","United States","WLD"," World",2017,"Gross Imp.",1,2419698.673
"H5","USA","75","United States","WLD"," World",2018,"Gross Exp.",2,2758828.693
"H5","USA","75","United States","WLD"," World",2018,"Gross Imp.",1,2951799.826
"H5","USA","75","United States","WLD"," World",2019,"Gross Exp.",2,3118557.665
"H5","USA","75","United States","WLD"," World",2019,"Gross Imp.",1,2928596.398
"H5","USA","75","United States","WLD"," World",2020,"Gross Exp.",2,2216286.7
"H5","USA","75","United States","WLD"," World",2020,"Gross Imp.",1,2383196.303
"H5","USA","75","United States","WLD"," World",2021,"Gross Exp.",2,2202511.561
"H5","USA","75","United States","WLD"," World",2021,"Gross Imp.",1,2714152.469
"H5","USA","76","United States","CHN","China",2017,"Gross Exp.",2,1511551.277
"H5","USA","76","United States","CHN","China",2017,"Gross Imp.",1,3541544.925
"H5","USA","76","United States","CHN","China",2018,"Gross Exp.",2,1009734.242
"H5","USA","76","United States","CHN","China",2018,"Gross Imp.",1,2998424.634
"H5","USA","76","United States","CHN","China",2019,"Gross Exp.",2,675286.526
"H5","USA","76","United States","CHN","China",2019,"Gross Imp.",1,2500059.622
"H5","USA","76","United States","CHN","China",2020,"Gross Exp.",2,405228.665
"H5","USA","76","United States","CHN","China",2020,"Gross Imp.",1,2540644.958
"H5","USA","76","United States","CHN","China",2021,"Gross Exp.",2,230857.3
"H5","USA","76","United States","CHN","China",2021,"Gross Imp.",1,3660743.107
"H5","USA","76","United States","WLD"," World",2017,"Gross Exp.",2,11587898.818
"H5","USA","76","United States","WLD"," World",2017,"Gross Imp.",1,23380915.146
"H5","USA","76","United States","WLD"," World",2018,"Gross Exp.",2,12586586.991
"H5","USA","76","United States","WLD"," World",2018,"Gross Imp.",1,24244391.713
"H5","USA","76","United States","WLD"," World",2019,"Gross Exp.",2,10937898.321
"H5","USA","76","United States","WLD"," World",2019,"Gross Imp.",1,22290705.914
"H5","USA","76","United States","WLD"," World",2020,"Gross Exp.",2,9389712.361
"H5","USA","76","United States","WLD"," World",2020,"Gross Imp.",1,19071781.73
"H5","USA","76","United States","WLD"," World",2021,"Gross Exp.",2,12022206.026
"H5","USA","76","United States","WLD"," World",2021,"Gross Imp.",1,28704885.661
"H5","USA","78","United States","CHN","China",2017,"Gross Exp.",2,2468.004
"H5","USA","78","United States","CHN","China",2017,"Gross Imp.",1,4673.891
"H5","USA","78","United States","CHN","China",2018,"Gross Exp.",2,81387.653
"H5","USA","78","United States","CHN","China",2018,"Gross Imp.",1,5034.977
"H5","USA","78","United States","CHN","China",2019,"Gross Exp.",2,4686.768
"H5","USA","78","United States","CHN","China",2019,"Gross Imp.",1,8347.213
"H5","USA","78","United States","CHN","China",2020,"Gross Exp.",2,1053.416
"H5","USA","78","United States","CHN","China",2020,"Gross Imp.",1,12100.089
"H5","USA","78","United States","CHN","China",2021,"Gross Exp.",2,1344.801
"H5","USA","78","United States","CHN","China",2021,"Gross Imp.",1,58219.877
"H5","USA","78","United States","WLD"," World",2017,"Gross Exp.",2,168756.426
"H5","USA","78","United States","WLD"," World",2017,"Gross Imp.",1,1558742.658
"H5","USA","78","United States","WLD"," World",2018,"Gross Exp.",2,291694.236
"H5","USA","78","United States","WLD"," World",2018,"Gross Imp.",1,1346829.331
"H5","USA","78","United States","WLD"," World",2019,"Gross Exp.",2,149400.83
"H5","USA","78","United States","WLD"," World",2019,"Gross Imp.",1,1081267.369
"H5","USA","78","United States","WLD"," World",2020,"Gross Exp.",2,152901.679
"H5","USA","78","United States","WLD"," World",2020,"Gross Imp.",1,777653.93
"H5","USA","78","United States","WLD"," World",2021,"Gross Exp.",2,270425.905
"H5","USA","78","United States","WLD"," World",2021,"Gross Imp.",1,1462239.963
"H5","USA","79","United States","CHN","China",2017,"Gross Exp.",2,52335.509
"H5","USA","79","United States","CHN","China",2017,"Gross Imp.",1,141984.658
"H5","USA","79","United States","CHN","China",2018,"Gross Exp.",2,37040.162
"H5","USA","79","United States","CHN","China",2018,"Gross Imp.",1,141919.256
"H5","USA","79","United States","CHN","China",2019,"Gross Exp.",2,32051.349
"H5","USA","79","United States","CHN","China",2019,"Gross Imp.",1,136199.832
"H5","USA","79","United States","CHN","China",2020,"Gross Exp.",2,24437.374
"H5","USA","79","United States","CHN","China",2020,"Gross Imp.",1,115235.578
"H5","USA","79","United States","CHN","China",2021,"Gross Exp.",2,21696.688
"H5","USA","79","United States","CHN","China",2021,"Gross Imp.",1,147695.348
"H5","USA","79","United States","WLD"," World",2017,"Gross Exp.",2,451696.673
"H5","USA","79","United States","WLD"," World",2017,"Gross Imp.",1,2233003.548
"H5","USA","79","United States","WLD"," World",2018,"Gross Exp.",2,427391.546
"H5","USA","79","United States","WLD"," World",2018,"Gross Imp.",1,2599063.154
"H5","USA","79","United States","WLD"," World",2019,"Gross Exp.",2,363696.006
"H5","USA","79","United States","WLD"," World",2019,"Gross Imp.",1,2415735.768
"H5","USA","79","United States","WLD"," World",2020,"Gross Exp.",2,264949.228
"H5","USA","79","United States","WLD"," World",2020,"Gross Imp.",1,2192580.66
"H5","USA","79","United States","WLD"," World",2021,"Gross Exp.",2,407178.037
"H5","USA","79","United States","WLD"," World",2021,"Gross Imp.",1,2323456.335
"H5","USA","80","United States","CHN","China",2017,"Gross Exp.",2,6951.115
"H5","USA","80","United States","CHN","China",2017,"Gross Imp.",1,31619.098
"H5","USA","80","United States","CHN","China",2018,"Gross Exp.",2,7774.857
"H5","USA","80","United States","CHN","China",2018,"Gross Imp.",1,52283.308
"H5","USA","80","United States","CHN","China",2019,"Gross Exp.",2,6443.006
"H5","USA","80","United States","CHN","China",2019,"Gross Imp.",1,50235.494
"H5","USA","80","United States","CHN","China",2020,"Gross Exp.",2,7550.707
"H5","USA","80","United States","CHN","China",2020,"Gross Imp.",1,18966.93
"H5","USA","80","United States","CHN","China",2021,"Gross Exp.",2,10245.798
"H5","USA","80","United States","CHN","China",2021,"Gross Imp.",1,78399.082
"H5","USA","80","United States","WLD"," World",2017,"Gross Exp.",2,149446.041
"H5","USA","80","United States","WLD"," World",2017,"Gross Imp.",1,791847.093
"H5","USA","80","United States","WLD"," World",2018,"Gross Exp.",2,151284.552
"H5","USA","80","United States","WLD"," World",2018,"Gross Imp.",1,853250.84
"H5","USA","80","United States","WLD"," World",2019,"Gross Exp.",2,161643.246
"H5","USA","80","United States","WLD"," World",2019,"Gross Imp.",1,767523.659
"H5","USA","80","United States","WLD"," World",2020,"Gross Exp.",2,144557.554
"H5","USA","80","United States","WLD"," World",2020,"Gross Imp.",1,632105.817
"H5","USA","80","United States","WLD"," World",2021,"Gross Exp.",2,238229.908
"H5","USA","80","United States","WLD"," World",2021,"Gross Imp.",1,1307475.049
"H5","USA","81","United States","CHN","China",2017,"Gross Exp.",2,143337.013
"H5","USA","81","United States","CHN","China",2017,"Gross Imp.",1,442514.619
"H5","USA","81","United States","CHN","China",2018,"Gross Exp.",2,174320.741
"H5","USA","81","United States","CHN","China",2018,"Gross Imp.",1,600739.549
"H5","USA","81","United States","CHN","China",2019,"Gross Exp.",2,220096.879
"H5","USA","81","United States","CHN","China",2019,"Gross Imp.",1,490230.266
"H5","USA","81","United States","CHN","China",2020,"Gross Exp.",2,212494.901
"H5","USA","81","United States","CHN","China",2020,"Gross Imp.",1,365105.179
"H5","USA","81","United States","CHN","China",2021,"Gross Exp.",2,239300.889
"H5","USA","81","United States","CHN","China",2021,"Gross Imp.",1,421980.128
"H5","USA","81","United States","WLD"," World",2017,"Gross Exp.",2,2875454.987
"H5","USA","81","United States","WLD"," World",2017,"Gross Imp.",1,2663409.374
"H5","USA","81","United States","WLD"," World",2018,"Gross Exp.",2,3181568.158
"H5","USA","81","United States","WLD"," World",2018,"Gross Imp.",1,3182912.567
"H5","USA","81","United States","WLD"," World",2019,"Gross Exp.",2,3168891.063
"H5","USA","81","United States","WLD"," World",2019,"Gross Imp.",1,3053674.7
"H5","USA","81","United States","WLD"," World",2020,"Gross Exp.",2,2475269.48
"H5","USA","81","United States","WLD"," World",2020,"Gross Imp.",1,2236851.979
"H5","USA","81","United States","WLD"," World",2021,"Gross Exp.",2,2371941.774
"H5","USA","81","United States","WLD"," World",2021,"Gross Imp.",1,2364175.933
"H5","USA","82","United States","CHN","China",2017,"Gross Exp.",2,185729.029
"H5","USA","82","United States","CHN","China",2017,"Gross Imp.",1,3847364.799
"H5","USA","82","United States","CHN","China",2018,"Gross Exp.",2,194012.54
"H5","USA","82","United States","CHN","China",2018,"Gross Imp.",1,4474124.937
"H5","USA","82","United States","CHN","China",2019,"Gross Exp.",2,176216.28
"H5","USA","82","United States","CHN","China",2019,"Gross Imp.",1,4046155.342
"H5","USA","82","United States","CHN","China",2020,"Gross Exp.",2,144296.452
"H5","USA","82","United States","CHN","China",2020,"Gross Imp.",1,4016679.072
"H5","USA","82","United States","CHN","China",2021,"Gross Exp.",2,180522.167
"H5","USA","82","United States","CHN","China",2021,"Gross Imp.",1,4429910.283
"H5","USA","82","United States","WLD"," World",2017,"Gross Exp.",2,4652229.738
"H5","USA","82","United States","WLD"," World",2017,"Gross Imp.",1,10120910.132
"H5","USA","82","United States","WLD"," World",2018,"Gross Exp.",2,4828640.757
"H5","USA","82","United States","WLD"," World",2018,"Gross Imp.",1,11214621.674
"H5","USA","82","United States","WLD"," World",2019,"Gross Exp.",2,4618317.172
"H5","USA","82","United States","WLD"," World",2019,"Gross Imp.",1,10716014.591
"H5","USA","82","United States","WLD"," World",2020,"Gross Exp.",2,3880205.283
"H5","USA","82","United States","WLD"," World",2020,"Gross Imp.",1,10306908.347
"H5","USA","82","United States","WLD"," World",2021,"Gross Exp.",2,4740155.826
"H5","USA","82","United States","WLD"," World",2021,"Gross Imp.",1,12347692.595
"H5","USA","83","United States","CHN","China",2017,"Gross Exp.",2,188551.5
"H5","USA","83","United States","CHN","China",2017,"Gross Imp.",1,5264661.695
"H5","USA","83","United States","CHN","China",2018,"Gross Exp.",2,189072.559
"H5","USA","83","United States","CHN","China",2018,"Gross Imp.",1,6019863.952
"H5","USA","83","United States","CHN","China",2019,"Gross Exp.",2,195197.927
"H5","USA","83","United States","CHN","China",2019,"Gross Imp.",1,5512968.979
"H5","USA","83","United States","CHN","China",2020,"Gross Exp.",2,182118.1
"H5","USA","83","United States","CHN","China",2020,"Gross Imp.",1,5163269.64
"H5","USA","83","United States","CHN","China",2021,"Gross Exp.",2,212791.823
"H5","USA","83","United States","CHN","China",2021,"Gross Imp.",1,6442033.094
"H5","USA","83","United States","WLD"," World",2017,"Gross Exp.",2,4853277.99
"H5","USA","83","United States","WLD"," World",2017,"Gross Imp.",1,12082712.575
"H5","USA","83","United States","WLD"," World",2018,"Gross Exp.",2,5124029.48
"H5","USA","83","United States","WLD"," World",2018,"Gross Imp.",1,13309123.89
"H5","USA","83","United States","WLD"," World",2019,"Gross Exp.",2,5181123.648
"H5","USA","83","United States","WLD"," World",2019,"Gross Imp.",1,13217088.79
"H5","USA","83","United States","WLD"," World",2020,"Gross Exp.",2,4341633.152
"H5","USA","83","United States","WLD"," World",2020,"Gross Imp.",1,12427288.995
"H5","USA","83","United States","WLD"," World",2021,"Gross Exp.",2,4972533.829
"H5","USA","83","United States","WLD"," World",2021,"Gross Imp.",1,15491581.944
"H5","USA","84","United States","CHN","China",2017,"Gross Exp.",2,12892737.625
"H5","USA","84","United States","CHN","China",2017,"Gross Imp.",1,112207432.016
"H5","USA","84","United States","CHN","China",2018,"Gross Exp.",2,14199748.222
"H5","USA","84","United States","CHN","China",2018,"Gross Imp.",1,119566688.8
"H5","USA","84","United States","CHN","China",2019,"Gross Exp.",2,12771946.385
"H5","USA","84","United States","CHN","China",2019,"Gross Imp.",1,94616690.227
"H5","USA","84","United States","CHN","China",2020,"Gross Exp.",2,13809286.565
"H5","USA","84","United States","CHN","China",2020,"Gross Imp.",1,100437549.028
"H5","USA","84","United States","CHN","China",2021,"Gross Exp.",2,16728715.438
"H5","USA","84","United States","CHN","China",2021,"Gross Imp.",1,115635822.543
"H5","USA","84","United States","WLD"," World",2017,"Gross Exp.",2,202060699.153
"H5","USA","84","United States","WLD"," World",2017,"Gross Imp.",1,348601309.246
"H5","USA","84","United States","WLD"," World",2018,"Gross Exp.",2,213377247.839
"H5","USA","84","United States","WLD"," World",2018,"Gross Imp.",1,385903156.133
"H5","USA","84","United States","WLD"," World",2019,"Gross Exp.",2,205879700.261
"H5","USA","84","United States","WLD"," World",2019,"Gross Imp.",1,379040915.551
"H5","USA","84","United States","WLD"," World",2020,"Gross Exp.",2,182585530.775
"H5","USA","84","United States","WLD"," World",2020,"Gross Imp.",1,361551454.128
"H5","USA","84","United States","WLD"," World",2021,"Gross Exp.",2,209284552.323
"H5","USA","84","United States","WLD"," World",2021,"Gross Imp.",1,428828679.646
"H5","USA","85","United States","CHN","China",2017,"Gross Exp.",2,12129840.801
"H5","USA","85","United States","CHN","China",2017,"Gross Imp.",1,150009697.364
"H5","USA","85","United States","CHN","China",2018,"Gross Exp.",2,12879899.567
"H5","USA","85","United States","CHN","China",2018,"Gross Imp.",1,155951060.194
"H5","USA","85","United States","CHN","China",2019,"Gross Exp.",2,14428079.687
"H5","USA","85","United States","CHN","China",2019,"Gross Imp.",1,128714774.073
"H5","USA","85","United States","CHN","China",2020,"Gross Exp.",2,17043664.603
"H5","USA","85","United States","CHN","China",2020,"Gross Imp.",1,114462936.371
"H5","USA","85","United States","CHN","China",2021,"Gross Exp.",2,19356989.3
"H5","USA","85","United States","CHN","China",2021,"Gross Imp.",1,135123701.673
"H5","USA","85","United States","WLD"," World",2017,"Gross Exp.",2,174299564.12
"H5","USA","85","United States","WLD"," World",2017,"Gross Imp.",1,355997429.299
"H5","USA","85","United States","WLD"," World",2018,"Gross Exp.",2,176302382.688
"H5","USA","85","United States","WLD"," World",2018,"Gross Imp.",1,366942844.394
"H5","USA","85","United States","WLD"," World",2019,"Gross Exp.",2,173185141.484
"H5","USA","85","United States","WLD"," World",2019,"Gross Imp.",1,352305358.914
"H5","USA","85","United States","WLD"," World",2020,"Gross Exp.",2,162884379.108
"H5","USA","85","United States","WLD"," World",2020,"Gross Imp.",1,343474039.898
"H5","USA","85","United States","WLD"," World",2021,"Gross Exp.",2,185404506.941
"H5","USA","85","United States","WLD"," World",2021,"Gross Imp.",1,415975908.11
"H5","USA","86","United States","CHN","China",2017,"Gross Exp.",2,39412.101
"H5","USA","86","United States","CHN","China",2017,"Gross Imp.",1,605405.581
"H5","USA","86","United States","CHN","China",2018,"Gross Exp.",2,38686.744
"H5","USA","86","United States","CHN","China",2018,"Gross Imp.",1,833688.448
"H5","USA","86","United States","CHN","China",2019,"Gross Exp.",2,41076.455
"H5","USA","86","United States","CHN","China",2019,"Gross Imp.",1,669779.284
"H5","USA","86","United States","CHN","China",2020,"Gross Exp.",2,19197.61
"H5","USA","86","United States","CHN","China",2020,"Gross Imp.",1,459861.966
"H5","USA","86","United States","CHN","China",2021,"Gross Exp.",2,57596.374
"H5","USA","86","United States","CHN","China",2021,"Gross Imp.",1,963285.714
"H5","USA","86","United States","WLD"," World",2017,"Gross Exp.",2,3188298.019
"H5","USA","86","United States","WLD"," World",2017,"Gross Imp.",1,1693976.107
"H5","USA","86","United States","WLD"," World",2018,"Gross Exp.",2,3337665.185
"H5","USA","86","United States","WLD"," World",2018,"Gross Imp.",1,2248371.518
"H5","USA","86","United States","WLD"," World",2019,"Gross Exp.",2,3450225.092
"H5","USA","86","United States","WLD"," World",2019,"Gross Imp.",1,2159993.82
"H5","USA","86","United States","WLD"," World",2020,"Gross Exp.",2,2704538.513
"H5","USA","86","United States","WLD"," World",2020,"Gross Imp.",1,1509813.821
"H5","USA","86","United States","WLD"," World",2021,"Gross Exp.",2,2624687.22
"H5","USA","86","United States","WLD"," World",2021,"Gross Imp.",1,2197318.97
"H5","USA","87","United States","CHN","China",2017,"Gross Exp.",2,12862665.475
"H5","USA","87","United States","CHN","China",2017,"Gross Imp.",1,15539676.122
"H5","USA","87","United States","CHN","China",2018,"Gross Exp.",2,9381113.574
"H5","USA","87","United States","CHN","China",2018,"Gross Imp.",1,18726225.533
"H5","USA","87","United States","CHN","China",2019,"Gross Exp.",2,9134514.793
"H5","USA","87","United States","CHN","China",2019,"Gross Imp.",1,14907330.216
"H5","USA","87","United States","CHN","China",2020,"Gross Exp.",2,8191461.497
"H5","USA","87","United States","CHN","China",2020,"Gross Imp.",1,13633280.428
"H5","USA","87","United States","CHN","China",2021,"Gross Exp.",2,8481690.005
"H5","USA","87","United States","CHN","China",2021,"Gross Imp.",1,17348304.284
"H5","USA","87","United States","WLD"," World",2017,"Gross Exp.",2,130406803.876
"H5","USA","87","United States","WLD"," World",2017,"Gross Imp.",1,294283171.951
"H5","USA","87","United States","WLD"," World",2018,"Gross Exp.",2,130730673.45
"H5","USA","87","United States","WLD"," World",2018,"Gross Imp.",1,306526967.076
"H5","USA","87","United States","WLD"," World",2019,"Gross Exp.",2,133040763.969
"H5","USA","87","United States","WLD"," World",2019,"Gross Imp.",1,310085730.639
"H5","USA","87","United States","WLD"," World",2020,"Gross Exp.",2,105158056.18
"H5","USA","87","United States","WLD"," World",2020,"Gross Imp.",1,254436751.363
"H5","USA","87","United States","WLD"," World",2021,"Gross Exp.",2,122202361.06
"H5","USA","87","United States","WLD"," World",2021,"Gross Imp.",1,283108563.711
"H5","USA","88","United States","CHN","China",2017,"Gross Exp.",2,16265569.358
"H5","USA","88","United States","CHN","China",2017,"Gross Imp.",1,517683.979
"H5","USA","88","United States","CHN","China",2018,"Gross Exp.",2,18221912.448
"H5","USA","88","United States","CHN","China",2018,"Gross Imp.",1,558401.098
"H5","USA","88","United States","CHN","China",2019,"Gross Exp.",2,10459963.66
"H5","USA","88","United States","CHN","China",2019,"Gross Imp.",1,567495.939
"H5","USA","88","United States","CHN","China",2020,"Gross Exp.",2,4399225.916
"H5","USA","88","United States","CHN","China",2020,"Gross Imp.",1,259334.009
"H5","USA","88","United States","CHN","China",2021,"Gross Exp.",2,4717192.311
"H5","USA","88","United States","CHN","China",2021,"Gross Imp.",1,217985.623
"H5","USA","88","United States","WLD"," World",2017,"Gross Exp.",2,131120781.564
"H5","USA","88","United States","WLD"," World",2017,"Gross Imp.",1,30918573.568
"H5","USA","88","United States","WLD"," World",2018,"Gross Exp.",2,139438541
"H5","USA","88","United States","WLD"," World",2018,"Gross Imp.",1,31929206.654
"H5","USA","88","United States","WLD"," World",2019,"Gross Exp.",2,136043357.436
"H5","USA","88","United States","WLD"," World",2019,"Gross Imp.",1,34949980.291
"H5","USA","88","United States","WLD"," World",2020,"Gross Exp.",2,80936266.187
"H5","USA","88","United States","WLD"," World",2020,"Gross Imp.",1,28599762.319
"H5","USA","88","United States","WLD"," World",2021,"Gross Exp.",2,89136498.85
"H5","USA","88","United States","WLD"," World",2021,"Gross Imp.",1,25789254.663
"H5","USA","89","United States","CHN","China",2017,"Gross Exp.",2,25231.247
"H5","USA","89","United States","CHN","China",2017,"Gross Imp.",1,145758.957
"H5","USA","89","United States","CHN","China",2018,"Gross Exp.",2,21578.974
"H5","USA","89","United States","CHN","China",2018,"Gross Imp.",1,152969.158
"H5","USA","89","United States","CHN","China",2019,"Gross Exp.",2,12843.234
"H5","USA","89","United States","CHN","China",2019,"Gross Imp.",1,175186.346
"H5","USA","89","United States","CHN","China",2020,"Gross Exp.",2,10693.581
"H5","USA","89","United States","CHN","China",2020,"Gross Imp.",1,153332.142
"H5","USA","89","United States","CHN","China",2021,"Gross Exp.",2,26997.256
"H5","USA","89","United States","CHN","China",2021,"Gross Imp.",1,178180.543
"H5","USA","89","United States","WLD"," World",2017,"Gross Exp.",2,2164711.428
"H5","USA","89","United States","WLD"," World",2017,"Gross Imp.",1,2555744.238
"H5","USA","89","United States","WLD"," World",2018,"Gross Exp.",2,2603252.281
"H5","USA","89","United States","WLD"," World",2018,"Gross Imp.",1,2220479.095
"H5","USA","89","United States","WLD"," World",2019,"Gross Exp.",2,2365408.411
"H5","USA","89","United States","WLD"," World",2019,"Gross Imp.",1,2378854.252
"H5","USA","89","United States","WLD"," World",2020,"Gross Exp.",2,1986181.525
"H5","USA","89","United States","WLD"," World",2020,"Gross Imp.",1,2293723.336
"H5","USA","89","United States","WLD"," World",2021,"Gross Exp.",2,2309929.859
"H5","USA","89","United States","WLD"," World",2021,"Gross Imp.",1,3369415.322
"H5","USA","90","United States","CHN","China",2017,"Gross Exp.",2,8818371.658
"H5","USA","90","United States","CHN","China",2017,"Gross Imp.",1,12346457.43
"H5","USA","90","United States","CHN","China",2018,"Gross Exp.",2,9788078.231
"H5","USA","90","United States","CHN","China",2018,"Gross Imp.",1,13040020.292
"H5","USA","90","United States","CHN","China",2019,"Gross Exp.",2,9753721.93
"H5","USA","90","United States","CHN","China",2019,"Gross Imp.",1,11638777.087
"H5","USA","90","United States","CHN","China",2020,"Gross Exp.",2,9506850.22
"H5","USA","90","United States","CHN","China",2020,"Gross Imp.",1,12631597.213
"H5","USA","90","United States","CHN","China",2021,"Gross Exp.",2,10754262.111
"H5","USA","90","United States","CHN","China",2021,"Gross Imp.",1,14107908.433
"H5","USA","90","United States","WLD"," World",2017,"Gross Exp.",2,83637367.262
"H5","USA","90","United States","WLD"," World",2017,"Gross Imp.",1,86045383.685
"H5","USA","90","United States","WLD"," World",2018,"Gross Exp.",2,89646000.973
"H5","USA","90","United States","WLD"," World",2018,"Gross Imp.",1,93394668.097
"H5","USA","90","United States","WLD"," World",2019,"Gross Exp.",2,90782754.571
"H5","USA","90","United States","WLD"," World",2019,"Gross Imp.",1,96852213.776
"H5","USA","90","United States","WLD"," World",2020,"Gross Exp.",2,83404371.523
"H5","USA","90","United States","WLD"," World",2020,"Gross Imp.",1,90870555.532
"H5","USA","90","United States","WLD"," World",2021,"Gross Exp.",2,91680459.491
"H5","USA","90","United States","WLD"," World",2021,"Gross Imp.",1,106154298.391
"H5","USA","91","United States","CHN","China",2017,"Gross Exp.",2,11534.874
"H5","USA","91","United States","CHN","China",2017,"Gross Imp.",1,805114.3
"H5","USA","91","United States","CHN","China",2018,"Gross Exp.",2,12476.335
"H5","USA","91","United States","CHN","China",2018,"Gross Imp.",1,691606.607
"H5","USA","91","United States","CHN","China",2019,"Gross Exp.",2,8322.035
"H5","USA","91","United States","CHN","China",2019,"Gross Imp.",1,613430.716
"H5","USA","91","United States","CHN","China",2020,"Gross Exp.",2,7866.978
"H5","USA","91","United States","CHN","China",2020,"Gross Imp.",1,468661.182
"H5","USA","91","United States","CHN","China",2021,"Gross Exp.",2,13444.074
"H5","USA","91","United States","CHN","China",2021,"Gross Imp.",1,612662.78
"H5","USA","91","United States","WLD"," World",2017,"Gross Exp.",2,1390611.466
"H5","USA","91","United States","WLD"," World",2017,"Gross Imp.",1,4898229.489
"H5","USA","91","United States","WLD"," World",2018,"Gross Exp.",2,1548019.564
"H5","USA","91","United States","WLD"," World",2018,"Gross Imp.",1,4814299.384
"H5","USA","91","United States","WLD"," World",2019,"Gross Exp.",2,1664124.741
"H5","USA","91","United States","WLD"," World",2019,"Gross Imp.",1,5208398.177
"H5","USA","91","United States","WLD"," World",2020,"Gross Exp.",2,1253452.192
"H5","USA","91","United States","WLD"," World",2020,"Gross Imp.",1,4283946.285
"H5","USA","91","United States","WLD"," World",2021,"Gross Exp.",2,1518379.132
"H5","USA","91","United States","WLD"," World",2021,"Gross Imp.",1,6380604.806
"H5","USA","92","United States","CHN","China",2017,"Gross Exp.",2,35014.6
"H5","USA","92","United States","CHN","China",2017,"Gross Imp.",1,564841.86
"H5","USA","92","United States","CHN","China",2018,"Gross Exp.",2,32885.237
"H5","USA","92","United States","CHN","China",2018,"Gross Imp.",1,599472.25
"H5","USA","92","United States","CHN","China",2019,"Gross Exp.",2,29154.012
"H5","USA","92","United States","CHN","China",2019,"Gross Imp.",1,632485.867
"H5","USA","92","United States","CHN","China",2020,"Gross Exp.",2,24869.031
"H5","USA","92","United States","CHN","China",2020,"Gross Imp.",1,547229.507
"H5","USA","92","United States","CHN","China",2021,"Gross Exp.",2,42369.57
"H5","USA","92","United States","CHN","China",2021,"Gross Imp.",1,664770.752
"H5","USA","92","United States","WLD"," World",2017,"Gross Exp.",2,720835.708
"H5","USA","92","United States","WLD"," World",2017,"Gross Imp.",1,1335265.162
"H5","USA","92","United States","WLD"," World",2018,"Gross Exp.",2,749083.749
"H5","USA","92","United States","WLD"," World",2018,"Gross Imp.",1,1434272.154
"H5","USA","92","United States","WLD"," World",2019,"Gross Exp.",2,793326.129
"H5","USA","92","United States","WLD"," World",2019,"Gross Imp.",1,1530457.932
"H5","USA","92","United States","WLD"," World",2020,"Gross Exp.",2,688841.478
"H5","USA","92","United States","WLD"," World",2020,"Gross Imp.",1,1267013.758
"H5","USA","92","United States","WLD"," World",2021,"Gross Exp.",2,851357.394
"H5","USA","92","United States","WLD"," World",2021,"Gross Imp.",1,1616413.188
"H5","USA","93","United States","CHN","China",2017,"Gross Exp.",2,1590.746
"H5","USA","93","United States","CHN","China",2017,"Gross Imp.",1,152673.392
"H5","USA","93","United States","CHN","China",2018,"Gross Exp.",2,934.007
"H5","USA","93","United States","CHN","China",2018,"Gross Imp.",1,160208.155
"H5","USA","93","United States","CHN","China",2019,"Gross Exp.",2,952.503
"H5","USA","93","United States","CHN","China",2019,"Gross Imp.",1,144180.398
"H5","USA","93","United States","CHN","China",2020,"Gross Exp.",2,1096.413
"H5","USA","93","United States","CHN","China",2020,"Gross Imp.",1,195590.878
"H5","USA","93","United States","CHN","China",2021,"Gross Exp.",2,1770.53
"H5","USA","93","United States","CHN","China",2021,"Gross Imp.",1,329733.257
"H5","USA","93","United States","WLD"," World",2017,"Gross Exp.",2,5284109.658
"H5","USA","93","United States","WLD"," World",2017,"Gross Imp.",1,3018027.34
"H5","USA","93","United States","WLD"," World",2018,"Gross Exp.",2,5568373.296
"H5","USA","93","United States","WLD"," World",2018,"Gross Imp.",1,2949653.452
"H5","USA","93","United States","WLD"," World",2019,"Gross Exp.",2,6124801.014
"H5","USA","93","United States","WLD"," World",2019,"Gross Imp.",1,2852248.718
"H5","USA","93","United States","WLD"," World",2020,"Gross Exp.",2,4266892.994
"H5","USA","93","United States","WLD"," World",2020,"Gross Imp.",1,3871894.333
"H5","USA","93","United States","WLD"," World",2021,"Gross Exp.",2,4247432.767
"H5","USA","93","United States","WLD"," World",2021,"Gross Imp.",1,5568236.661
"H5","USA","94","United States","CHN","China",2017,"Gross Exp.",2,281103.11
"H5","USA","94","United States","CHN","China",2017,"Gross Imp.",1,34831829.938
"H5","USA","94","United States","CHN","China",2018,"Gross Exp.",2,291027.82
"H5","USA","94","United States","CHN","China",2018,"Gross Imp.",1,38064192.58
"H5","USA","94","United States","CHN","China",2019,"Gross Exp.",2,227107.118
"H5","USA","94","United States","CHN","China",2019,"Gross Imp.",1,29180346.153
"H5","USA","94","United States","CHN","China",2020,"Gross Exp.",2,162993.286
"H5","USA","94","United States","CHN","China",2020,"Gross Imp.",1,25304234.954
"H5","USA","94","United States","CHN","China",2021,"Gross Exp.",2,169721.881
"H5","USA","94","United States","CHN","China",2021,"Gross Imp.",1,31446804.124
"H5","USA","94","United States","WLD"," World",2017,"Gross Exp.",2,10811342.488
"H5","USA","94","United States","WLD"," World",2017,"Gross Imp.",1,66961240.385
"H5","USA","94","United States","WLD"," World",2018,"Gross Exp.",2,10840474.466
"H5","USA","94","United States","WLD"," World",2018,"Gross Imp.",1,72058612.905
"H5","USA","94","United States","WLD"," World",2019,"Gross Exp.",2,10219950.498
"H5","USA","94","United States","WLD"," World",2019,"Gross Imp.",1,67172664.71
"H5","USA","94","United States","WLD"," World",2020,"Gross Exp.",2,8483917.608
"H5","USA","94","United States","WLD"," World",2020,"Gross Imp.",1,65480039.196
"H5","USA","94","United States","WLD"," World",2021,"Gross Exp.",2,9247129.629
"H5","USA","94","United States","WLD"," World",2021,"Gross Imp.",1,81386654.542
"H5","USA","95","United States","CHN","China",2017,"Gross Exp.",2,190405.597
"H5","USA","95","United States","CHN","China",2017,"Gross Imp.",1,26723812.652
"H5","USA","95","United States","CHN","China",2018,"Gross Exp.",2,195538.23
"H5","USA","95","United States","CHN","China",2018,"Gross Imp.",1,27925686.61
"H5","USA","95","United States","CHN","China",2019,"Gross Exp.",2,200136.554
"H5","USA","95","United States","CHN","China",2019,"Gross Imp.",1,26782858.712
"H5","USA","95","United States","CHN","China",2020,"Gross Exp.",2,129954.185
"H5","USA","95","United States","CHN","China",2020,"Gross Imp.",1,27845613.734
"H5","USA","95","United States","CHN","China",2021,"Gross Exp.",2,111708.437
"H5","USA","95","United States","CHN","China",2021,"Gross Imp.",1,40420476.13
"H5","USA","95","United States","WLD"," World",2017,"Gross Exp.",2,6904695.462
"H5","USA","95","United States","WLD"," World",2017,"Gross Imp.",1,32704515.936
"H5","USA","95","United States","WLD"," World",2018,"Gross Exp.",2,6782921.745
"H5","USA","95","United States","WLD"," World",2018,"Gross Imp.",1,34410852.178
"H5","USA","95","United States","WLD"," World",2019,"Gross Exp.",2,6386768.896
"H5","USA","95","United States","WLD"," World",2019,"Gross Imp.",1,34116748.726
"H5","USA","95","United States","WLD"," World",2020,"Gross Exp.",2,5344556.813
"H5","USA","95","United States","WLD"," World",2020,"Gross Imp.",1,36372266.164
"H5","USA","95","United States","WLD"," World",2021,"Gross Exp.",2,6770932.264
"H5","USA","95","United States","WLD"," World",2021,"Gross Imp.",1,51860688.172
"H5","USA","96","United States","CHN","China",2017,"Gross Exp.",2,68832.933
"H5","USA","96","United States","CHN","China",2017,"Gross Imp.",1,3241530.879
"H5","USA","96","United States","CHN","China",2018,"Gross Exp.",2,72262.705
"H5","USA","96","United States","CHN","China",2018,"Gross Imp.",1,3579077.98
"H5","USA","96","United States","CHN","China",2019,"Gross Exp.",2,62275.31
"H5","USA","96","United States","CHN","China",2019,"Gross Imp.",1,3625527.628
"H5","USA","96","United States","CHN","China",2020,"Gross Exp.",2,67475.504
"H5","USA","96","United States","CHN","China",2020,"Gross Imp.",1,3442686.885
"H5","USA","96","United States","CHN","China",2021,"Gross Exp.",2,77894.103
"H5","USA","96","United States","CHN","China",2021,"Gross Imp.",1,4204912.636
"H5","USA","96","United States","WLD"," World",2017,"Gross Exp.",2,2427916.521
"H5","USA","96","United States","WLD"," World",2017,"Gross Imp.",1,6414610.189
"H5","USA","96","United States","WLD"," World",2018,"Gross Exp.",2,2548110.843
"H5","USA","96","United States","WLD"," World",2018,"Gross Imp.",1,6756069.268
"H5","USA","96","United States","WLD"," World",2019,"Gross Exp.",2,2434712.29
"H5","USA","96","United States","WLD"," World",2019,"Gross Imp.",1,6831348.641
"H5","USA","96","United States","WLD"," World",2020,"Gross Exp.",2,2266561.025
"H5","USA","96","United States","WLD"," World",2020,"Gross Imp.",1,6506708.238
"H5","USA","96","United States","WLD"," World",2021,"Gross Exp.",2,2331634.497
"H5","USA","96","United States","WLD"," World",2021,"Gross Imp.",1,7883454.703
"H5","USA","97","United States","CHN","China",2017,"Gross Exp.",2,92770.907
"H5","USA","97","United States","CHN","China",2017,"Gross Imp.",1,285088.002
"H5","USA","97","United States","CHN","China",2018,"Gross Exp.",2,109557.547
"H5","USA","97","United States","CHN","China",2018,"Gross Imp.",1,290374.55
"H5","USA","97","United States","CHN","China",2019,"Gross Exp.",2,189283.364
"H5","USA","97","United States","CHN","China",2019,"Gross Imp.",1,325060.714
"H5","USA","97","United States","CHN","China",2020,"Gross Exp.",2,94981.775
"H5","USA","97","United States","CHN","China",2020,"Gross Imp.",1,134775.323
"H5","USA","97","United States","CHN","China",2021,"Gross Exp.",2,187240.807
"H5","USA","97","United States","CHN","China",2021,"Gross Imp.",1,148409.004
"H5","USA","97","United States","WLD"," World",2017,"Gross Exp.",2,11737081.328
"H5","USA","97","United States","WLD"," World",2017,"Gross Imp.",1,10397546.054
"H5","USA","97","United States","WLD"," World",2018,"Gross Exp.",2,14558764.844
"H5","USA","97","United States","WLD"," World",2018,"Gross Imp.",1,11796789.787
"H5","USA","97","United States","WLD"," World",2019,"Gross Exp.",2,12950378.26
"H5","USA","97","United States","WLD"," World",2019,"Gross Imp.",1,11803588.274
"H5","USA","97","United States","WLD"," World",2020,"Gross Exp.",2,8195727.542
"H5","USA","97","United States","WLD"," World",2020,"Gross Imp.",1,5253668.073
"H5","USA","97","United States","WLD"," World",2021,"Gross Exp.",2,8688057.601
"H5","USA","97","United States","WLD"," World",2021,"Gross Imp.",1,8378632.703
"H5","USA","99","United States","CHN","China",2017,"Gross Exp.",2,1172361.111
"H5","USA","99","United States","CHN","China",2017,"Gross Imp.",1,6243902.561
"H5","USA","99","United States","CHN","China",2018,"Gross Exp.",2,1140057.334
"H5","USA","99","United States","CHN","China",2018,"Gross Imp.",1,7038292.938
"H5","USA","99","United States","CHN","China",2019,"Gross Exp.",2,1153516.479
"H5","USA","99","United States","CHN","China",2019,"Gross Imp.",1,8590536.544
"H5","USA","99","United States","CHN","China",2020,"Gross Exp.",2,1211565.198
"H5","USA","99","United States","CHN","China",2020,"Gross Imp.",1,9802363.515
"H5","USA","99","United States","CHN","China",2021,"Gross Exp.",2,1339142.449
"H5","USA","99","United States","CHN","China",2021,"Gross Imp.",1,9951382.1
"H5","USA","99","United States","WLD"," World",2017,"Gross Exp.",2,42447467.571
"H5","USA","99","United States","WLD"," World",2017,"Gross Imp.",1,90992565.603
"H5","USA","99","United States","WLD"," World",2018,"Gross Exp.",2,46153461.097
"H5","USA","99","United States","WLD"," World",2018,"Gross Imp.",1,101450434.912
"H5","USA","99","United States","WLD"," World",2019,"Gross Exp.",2,48439559.478
"H5","USA","99","United States","WLD"," World",2019,"Gross Imp.",1,113246610.834
"H5","USA","99","United States","WLD"," World",2020,"Gross Exp.",2,42911776.265
"H5","USA","99","United States","WLD"," World",2020,"Gross Imp.",1,102547452.199
"H5","USA","99","United States","WLD"," World",2021,"Gross Exp.",2,51235381.931
"H5","USA","99","United States","WLD"," World",2021,"Gross Imp.",1,120528976.844
